,Concept_ID,ady,ar
0,Auge::N,нэ,عين
1,Ohr::N,тхьакӏу́м,أذن
2,Nase::N,пэ,أنف
3,Mund::N,жэ,فم
4,Zahn::N,цэ,سن
5,Zunge::N,бзэгу,لسان
6,Lippe::N,ӏупшӏэ́,شفة
7,Wange::N,нэкӏу́шъу,خد
8,Wange::N,нэкӏу́шъу,وجنة
9,Gesicht::N,нэ́гу,وجه
10,Stirn::N,натӏэ́,جبين
11,Haar::N,шъхьацы́,شعر
12,Bart::N,жакӏэ́,لحية
13,Kinn::N,жэкӏэпэпкъ,ذقن
14,Kiefer[Anatomie]::N,жэпкъы́,فك
15,Kehle::N,чый,حلق
16,Hals::N,пшъэ,عنق
17,Hals::N,пшъэ,رقبة
18,Genick::N,шъхьэпхэтыку,قفا
19,Kopf::N,шъхьэ́,رأس
20,Rücken::N,кӏыбы́,ظهر
21,Bauch::N,ныбэ́,بطن
22,Busen::N,бгъэ́,ثدي
23,Brust::N,бгъэ́,صدر
24,Schulter::N,блыпкъ,كتف
25,Arm::N,ӏэ,ذراع
26,Ellenbogen::N,ӏэнтэ́гъу,كوع
27,Hand::N,ӏэтхьэцу,يد
28,Handfläche::N,ӏэ́гу,كف
29,Finger::N,ӏэхъуа́мб,إصبع
30,Fingernagel::N,ӏэбжъа́н,ظفر
31,Nagel[Anatomie]::N,ӏэбжъа́н,ظفر
32,Zeh::N,ӏэхъуа́мб,إصبع القدم
33,Fuß::N,лъэгу,قدم
34,Ferse::N,лъэдакъэ,كعب
35,Knie::N,лъагуа́ндж,ركبة
36,Oberschenkel::N,ко,فخذ
37,Bein::N,лъакъо́,ساق
38,Körper::N,пкъышъол,جسم
39,Haut::N,кӏы́шъу,بشرة
40,Blut::N,лъы,دم
41,Ader::N,льытф,عرق
42,Sehne::N,фэ,طنب
43,Knochen::N,къупшъхьэ́,عظم
44,Gehirn::N,куцӏы,دماغ
45,Herz::N,гу,قلب
46,Magen::N,мышкӏу,معدة
47,Leber::N,шӏу,كبد
48,Atem::N,къэщэныр,نفس
49,Hunger::N,гъаблэ́,جوع
50,Träne::N,нэпсы,دمعة
51,Geschmack::N,ӏэшӏугъа́кӏ,طعم
52,Geschmack::N,ӏэшӏугъа́кӏ,مذاق
53,Geruch::N,мэ,رائحة
54,Schlaf::N,пчыхьы́пӏ,نوم
55,Schlaf::N,пчыхьы́пӏ,منام
56,Traum::N,пчыхьы́пӏ,حلم
57,Himmel::N,уашъо́,سماء
58,Sonne::N,тыгъэ,شمس
59,Mond::N,мазэ,قمر
60,Stern::N,жъуагъо́,نجم
61,Stern::N,жъуагъо́,كوكب
62,Luft::N,жьы,هواء
63,Wind::N,жьыбгъэ́,ريح
64,Welle::N,ор,موجة
65,Welle::N,оры,موجة
66,Wasser::N,псы,ماء
67,Stein::N,мыжъо́,حجر
68,Boden::N,чӏ́ыгу,تراب
69,Erde::N,чӏ́ыгу,أرض
70,Staub::N,сап,غبار
71,Rauch::N,ӏугъо́,دخان
72,Funke::N,мэшӏуа́ч,شرارة
73,Feuer::N,машӏо́,نار
74,Licht::N,нэфы,نور
75,Licht::N,нэфы,ضوء
76,Licht::N,нэфын,نور
77,Licht::N,нэфын,ضوء
78,Schatten::N,жьау́,ظل
79,Schatten::N,жьау́,فيء
80,Schatten::N,ныбжьыкъу,ظل
81,Schatten::N,ныбжьыкъу,فيء
82,Nebel::N,пща́гъу,ضباب
83,Wolke::N,ошъуапщэ,غيمة
84,Wolke::N,ошъуапщэ,سحابة
85,Regen::N,ощхы,مطر
86,Schnee::N,осы́,ثلج
87,Eis::N,мылы,جليد
88,Kälte::N,чъыӏэ́,برد
89,Hitze::N,фэба́е,حر
90,Hitze::N,фэба́е,حرارة
91,Regenbogen::N, лэгъупэкъо́пс,قوس قزح
92,Donner::N,шыблэ́,رعد
93,Strömung::N,ток,تيار
94,Tropfen::N,ткӏопс,قطرة
95,Tropfen::N,гъуаткӏу,قطرة
96,Schaum::N,тхъурбэ,زبد
97,Schaum::N,тхъурбэ,رغوة
98,Schmutz::N,псынжъы,وسخ
99,See::N,хыку́м,بحيرة
100,See::N,псыхъура́й,بحيرة
101,Sumpf::N,орыжъ,مستنقع
102,Moor::N,орыжъ,مستنقع
103,Wiese::N,хъупӏэ́,مرج
104,Wiese::N,мэкъупӏ,مرج
105,Wald::N,мэзы́,غابة
106,Hügel::N,ӏуашъхь,تل
107,Anhöhe::N,чӏыӏэтыгъ,تل
108,Berg::N,къушъхьэ́,جبل
109,Gipfel::N,шыгу,قمة
110,Höhle::N,гъочӏэгъ,كهف
111,Abhang::N,чапэ,منحدر
112,Quelle::N,псынэчэ́чъ,منبع
113,Bach::N,псышкуашку,مجرى
114,Fluss::N,псыхъо́,نهر
115,Ufer::N,нэпкъы,ضفة
116,Küste::N,ӏушъо,ساحل
117,Festland::N,чӏл́ыгу,بر
118,Meer::N,хы,بحر
119,Bucht::N,хыблыгу,خليج
120,Insel::N,хыгъэхъу́н,جزيرة
121,Blume::N,къэгъа́гь,زهرة
122,Gras::N,уцы́,حشيش
123,Wurzel::N,лъапсэ́,أصل
124,Baum::N,чъыгы́,شجرة
125,Stamm::N,пкъы,جذع
126,Rinde::N,пхъашъо́,قشرة
127,Ast::N,куамэ,فرع
128,Zweig::N,къутамэ́,غصن
129,Blatt::N,тхьап,ورقة
130,Birke::N,пчэн,قضبان
131,Kiefer[Baum]::N,сэснэй,صنوبرة
132,Weide[Baum]::N,пце́л,صفصاف
133,Tanne::N,ель,شوح
134,Tanne::N,ель,تبوب
135,Horn::N,бжъэ,قرن
136,Feder::N,къамӏы́й,ريشة
137,Fell::N,шъо,فرو
138,Flügel::N,тамэ́,جناح
139,Klaue::N,лъэбжъа́н,مخلب
140,Kralle::N,лъакъо,مخلب
141,Schwanz::N,кӏэ,ذيل
142,Ei::N,кӏэнкӏэ́,بيض
143,Nest::N,набгъо́,عش
144,Bau::N,гъу,جحر
145,Bau::N,бы,جحر
146,Tier::N,псэу́шъхь,حيوان
147,Herde::N,ӏэхъогъу,قطيع
148,Kuh::N,чэмы́,بقرة
149,Bulle::N,цу,ثور
150,Pferd::N,шы,خيل
151,Schaf::N,мэлы́,شاة
152,Schwein::N,къо,خنزير
153,Hund::N,бьэ,كلب
154,Katze::N,чэты́у,قطة
155,Bär::N,мышъэ́,دب
156,Eichhörnchen::N,цызэ́,سنجاب
157,Elch::N,лось,موظ
158,Fuchs::N,баджэ́,ثعلب
159,Hase::N,тхьакӏумкӏы́хь,أرنب
160,Maus::N,цыгъо́,فأرة
161,Wolf::N,тыгъу́жъ,ذئب
162,Vogel::N,бзы́у,طير
163,Schwarm::N,отэр,سرب
164,Huhn::N,чэты́,دجاجة
165,Hahn::N,атакъэ́,ديك
166,Gans::N,къа́з,وزة
167,Ente::N,псычэ́т,بطة
168,Eule::N,тыгъурыгъу,بوم
169,Kranich::N,къэрэ́у,كركي
170,Krähe::N,къолэ́жъ,غراب
171,Kuckuck::N,куку́у,وقواق
172,Fisch::N,пцэжъы́й,سمك
173,Barsch::N,тхыкъэц,فرخ أوربي
174,Hecht::N,лэнд,سمك الكراكي
175,Schlange[Tier]::N,блэ́,حية
176,Schlange[Tier]::N,блэ́,ثعبان
177,Wurm::N,хьамлыу,دودة
178,Spinne::N,бэдж,عنكبوت
179,Ameise::N,къамзэ́гу,نملة
180,Laus::N,цӏэ,قملة
181,Mücke::N,аргъо́й,ناموسة
182,Fliege::N,бадзэ́,ذبابة
183,Schmetterling::N,хьампӏыра́шъу,فراشة
184,Beere::N,маткӏо,حبة
185,Apfel::N,мыӏэры́с,تفاح
186,Pilz::N,хьаӏу,فطر
187,Zwiebel::N,бжьыны́,بصل
188,Saat::N,чылапхъ,زرع
189,Korn::N,цэ,حبة
190,Heu::N,мэкъу,دريس
191,Schale::N,кӏы́шъу,قشرة
192,Grube::N,машэ́,نقرة
193,Falle::N,зэраубытырэ́ ӏэмэпсы́м,فخ
194,Falle::N,зэраубытырэ́ ӏэмэпсы́м,مصيدة
195,Schlinge::N,бзыуубыт,عروة
196,Spur::N,ужы,أثر
197,Spur::N,лъэуж,أثر
198,Asche::N,яжьэ́,رماد
199,Dreck::N,псынжъы,قذر
200,Eisen::N,гыучӏы́,حديد
201,Eisen::N,къэнджа́л,حديد
202,Gold::N,дышъэ́,ذهب
203,Silber::N,тыжьы́н,فضة
204,Kohle::N,шӏомыкӏ,فحم
205,Glas::N,апч,زجاج
206,Lehm::N,етӏагъо́,طين
207,Sand::N,пшахъо,رمل
208,Mensch::N,цӏыфы́,إنسان
209,Mann::N,хъулъфы́гъ,رجل
210,Frau::N,бӏылъфыгъэ́,امرأة
211,Kind::N,кӏэлэцӏы́кӏу,طفل
212,Junge::N,кӏэлэцӏы́кӏу,ولد
213,Mädchen::N,пшъэшъэжъый,بنت
214,Familie::N,быны́,عائلة
215,Familie::N,уна́гъу,عائلة
216,Großvater::N,тэтэ́жъ,جد
217,Großmutter::N,нэнэ́жъ,جدة
218,Eltern::N,ны-тыхэ́р,أبوان
219,Eltern::N,ны-тыхэ́р,والدان
220,Vater::N,ты,أب
221,Mutter::N,ны,أم
222,Sohn::N,къо,إبن
223,Tochter::N,пхъу,بنت
224,Tochter::N,пхъу,إبنة
225,Bruder::N,шы,أخ
226,Bruder::N,шы,شقيق
227,Schwester::N,шы́пхъу,أخت
228,Onkel::N,янэ́ш,عم
229,Tante::N,атэшыпхъу,عمة
230,Ehemann::N,лӏы,زوج
231,Ehefrau::N,шъу́з,زوجة
232,Freude::N,гушӏуа́гъу,فرح
233,Freude::N,гушӏуа́гъу,سرور
234,Gelächter::N,щхыныр,قهقهة
235,Glück::N,насы́п,سعادة
236,Kummer::N,тхьамыкӏагъу,غم
237,Wunsch::N,шӏонгъоны́гъ,منية
238,Lust::N,шӏонгъоны́гъ,شهوة
239,Geist::N,гу,روح
240,Gedanke::N,гупшыс,فكرة
241,Gedächtnis::N,память,ذاكرة
242,Verstand::N,акъы́л,عقل
243,Sinn::N,мэхьанэ,معنى
244,Grund::N,ушъхьагъу,سبب
245,Wahrheit::N,шъыпкъэ́,حقيقة
246,Gespräch::N,гущыӏ,محادثة
247,Märchen::N,пшысэ,خرافة
248,Erzählung::N,къэба́р,قصة
249,Erzählung::N,къэба́р,حكاية
250,Nachricht::N,къэба́р,خبر
251,Neuigkeit::N,къэбарыкӏ,خبر جديد
252,Name::N,цӏэ,اسم
253,Rätsel::N,коджэхь-къоджэшх,لغز
254,Rede::N,гущыӏ,خطبة
255,Sprache::N,бзэ,لغة
256,Stimme::N,макъэ́,صوت
257,Wort::N,гущыӏ,كلمة
258,Zeichen::N,тамы́гъ,رمز
259,Zeichen::N,тамы́гъ,إشارة
260,Ruf::N,джэ макъ,نداء
261,Lärm::N,макъэ,صخب
262,Lärm::N,макъэ,ضجة
263,Laut::N,макъэ,صوت
264,Lied::N,орэ́д,أغنية
265,Ruhe::N,самбырыныгъ,هدوء
266,Leute::N,цӏыфхэ́р,ناس
267,Volk::N,цӏыф лъэпкъ,شعب
268,Arbeit::N,ӏофшӏакӏэ́н,عمل
269,Gast::N,хьакӏэ́,ضيف
270,Geschenk::N,шӏухьафтын,هدية
271,Spiel::N,еоны́р,لعب
272,Spiel::N,джэгуны́р,لعب
273,Spiel::N,къегъэӏоны́р,لعب
274,Gesellschaft::N,обществ,صحبة
275,Hilfe::N,ӏэпыӏэгъу,عون
276,Hilfe::N,ӏэпыӏэгъу,مساعدة
277,Freund::N,ныбджэгъу,صديق
278,Kamerad::N,ныбджэгъу,زميل
279,Angelegenheit::N,ӏофы́,أمر
280,Angelegenheit::N,ӏофы́,شأن
281,Anzahl::N,пчъагъэ́,عدد
282,Art::N,изэрэщы́т,نوع
283,Art::N,лъэпкъ,نوع
284,Stück::N,такъы́р,قطعة
285,Teil::N,щыщ,قسم
286,Teil::N,ӏахь,قسم
287,Hälfte::N,ныкъо́,نصف
288,Kreis::N,хъура́й,دائرة
289,Kreuz::N,къащ,صليب
290,Linie::N,хъахъ,خط
291,Linie::N,итхъа́гъ,خط
292,Strich::N,хъахъ,شرطة
293,Strich::N,итхъагъ,شرطة
294,Abstand::N,азыфагу,مسافة
295,Entfernung::N,чӏыгууанэ,بعد
296,Gegend::N,чӏыпӏэ́,ناحية
297,Platz::N,азыфагу,فراغ
298,Ort::N,чӏыпӏэ́,مكان
299,Seite::N,лъэны́къу,جانب
300,Mitte::N,гузэ́гу,وسط
301,Gegenstand::N,пкъыгъо,موضوع
302,Rand::N,цакӏэ́,حافة
303,Kante::N,цэгэналъ,حافة
304,Ecke::N,къогъу,ركن
305,Spitze::N,пакӏэ,سن
306,Ende::N,кӏэ,طرف
307,Loch::N,гъуа́н,ثقب
308,Winkel::N,къогъу,زاوية
309,Muster::N,тхыпхъэ,عينة
310,Größe::N,иина́гъ,حجم
311,Länge::N,икӏыхьа́гъ,طول
312,Höhe::N,лъэгагъ,علو
313,Höhe::N,лъэгагъ,ارتفاع
314,Gewicht::N,онтэгъугъэ́,وزن
315,Menge::N,пчъагъэ́,كمية
316,Haufen::N,ӏат,كوم
317,Reihe::N,саты́р,صف
318,Boot::N,къуашъо́,قارب
319,Boot::N,къуашъо́,زورق
320,Ruder::N,къошъобэ́щ,مجذاف
321,Ski::N,лыжэхэр,زلاجة
322,Lagerfeuer::N,пхъэмашӏу,نار المخيم
323,Gang::N,кӏоныр,مشية
324,Schritt::N,лъэубэ́къу,خطوة
325,Norden::N,темы́р,شمال
326,Süden::N,къыблэ́,جنوب
327,Westen::N,тыгъэкъохьа́пӏ,غرب
328,Osten::N,тыгьэкъокӏы́пӏ,شرق
329,Holz::N,чъыгы́,خشب
330,Brett::N,пхъэ́мбгъу,لوح
331,Platte::N,упсыхьагъ,صفيحة
332,Stütze::N,кӏэгъэкъон,سند
333,Stütze::N,кӏэгъэкъон,دعامة
334,Stange::N,къорэ́гъ,عود
335,Stock::N,бэщ,عصا
336,Stab::N,бэщ кӏы́хь,قضيب
337,Rohr::N,онджэкъ,أنبوبة
338,Haus::N,унэ́,دار
339,Haus::N,унэ́,بيت
340,Heim::N,унэ́,بيت
341,Heim::N,унэ́,مسكن
342,Ofen::N,гъэжъэн,مدفأة
343,Fußboden::N,джэхашъу,أرضية
344,Tisch::N,стол,مائدة
345,Stuhl::N,пхъэнтӏэ́кӏу,كرسي
346,Wiege::N,кушъэ́,مهد
347,Bett::N,пӏэкӏо́р,سرير
348,Regal::N,мэкӏай,رف
349,Kiste::N,ящык,صندوق
350,Fenster::N,шъхьаныгъу́пчъ,شباك
351,Fenster::N,шъхьаныгъу́пчъ,نافذة
352,Tür::N,пчъэ,باب
353,Tor::N,къэла́пчъ,بوابة
354,Zaun::N,шӏыхьагъэ́,سياج
355,Dach::N,шъхьэ́,سطح
356,Leiter::N,лъэо́й,سلم
357,Leiter::N,дэкӏояпӏэ́,سلم
358,Besen::N,пхъэнкӏы́пхъ,مكنسة
359,Spaten::N,къазгъы́р,مسحاة
360,Schaufel::N,хэӏалъ,مجرفة
361,Gabel::N,цацэ,شوكة
362,Löffel::N,джэмы́шх,ملعقة
363,Messer::N,шъэжъы́й,سكين
364,Nagel::N,гъучӏыӏу́н,مسمار
365,Netz::N,хъытыу,شبكة
366,Haken::N,хьажтӏаркъу,خطاف
367,Haken::N,хьажтӏаркъу,صنارة
368,Griff::N,къопс,قبضة
369,Schloss::N,ӏункӏы́бз,قفل
370,Bild::N,сурэ́т,صورة
371,Puppe::N,нысхъа́п,دمية
372,Beutel::N,дзыо́,كيس
373,Tasche::N,ӏэлъмэ́къ,شنطة
374,Tasche::N,ӏэлъмэ́къ,محفظة
375,Eimer::N,щалъ,سطل
376,Eimer::N,щалъ,جردل
377,Deckel::N,шъхьэ,سداد
378,Geschirr::N,хьакъу-шыкъу,أوان
379,Sack::N,дзыо́,زكيبة
380,Tasse::N,чашк,فنجان
381,Topf::N,кастрюль,قدر
382,Topf::N,кастрюль,طنجرة
383,Kessel::N,шыуа́н,قدر
384,Kessel::N,шыуа́н,غلاية
385,Essen::N,шхэн,طعام
386,Nahrung::N,шхэн,غذاء
387,Speise::N,шхыныгъу,أكل
388,Fleisch::N,лы,لحم
389,Getreide::N,лэжьыгъацэ́,حبوب
390,Brei::N,пӏастэ́,عصيدة
391,Brot::N,хьалыгъу,خبز
392,Scheibe::N,такъы́р,شريحة
393,Fett::N,дагъэ́,سمن
394,Butter::N,тхъу,زبدة
395,Öl::N,тхъу,زيت
396,Salz::N,щыгъу,ملح
397,Suppe::N,хьантхъупс,حساء
398,Suppe::N,хьантхъупс,شربة
399,Honig::N,шъоу́,عسل
400,Milch::N,щэ,حليب
401,Tee::N,щай,شاي
402,Leder::N,кӏы́шъу,جلد
403,Wolle::N,цы,صوف
404,Stoff::N,шэкӏы,قماش
405,Nadel::N,бгъэ́хаӏу,إبرة
406,Faden::N,ӏуда́н,خيط
407,Knopf::N,занкӏэу,زر
408,Knoten::N,зэкъодзапӏэ,عقدة
409,Farbe::N,краск,صبغة
410,Kleidung::N,щыгъы́ны,ملابس
411,Hemd::N,джан,قميص
412,Kragen::N,пшъапӏ,ياقة
413,Ärmel::N,гъуап,كم
414,Hose::N,гъончэ́дж,سروال
415,Hose::N,гъончэ́дж,بنطلون
416,Gürtel::N,бгыры́пх,حزام
417,Mütze::N,паӏо́,طاقية
418,Stiefel::N,щазым,جزمة
419,Stiefel::N,щазым,حذاء طويل
420,Ring::N,ӏэлъы́н,حلقة
421,Band::N,лент,شريط
422,Kamm::N,мажь,مشط
423,Spiegel::N,гъундж,مرآة
424,Riemen::N,бгыры́пх,سير
425,Schnur::N,кӏапсэ́,حبل
426,Schnur::N,кӏапсэ́,دوبارة
427,Leine::N,шъокӏапс,قيد
428,Decke::N,чыхӏэн,بطانية
429,Kissen::N,шъхьант,وسادة
430,Tuch::N,шъхьэтехъу,منديل
431,Handtuch::N,ӏаплъэкӏ,فوطة
432,Handtuch::N,ӏаплъэкӏ,منشفة
433,Kraft::N,къары́у,قدرة
434,Kraft::N,кӏуачӏэ́,قدرة
435,Stärke::N,кӏуачӏэ́,قوة
436,Gesundheit::N,псауныгъ,صحة
437,Krankheit::N,узы,مرض
438,Schmerz::N,узы,ألم
439,Schmerz::N,узы,وجع
440,Wunde::N,уӏагъэ́,جرح
441,Fieber::N,техьа́гъу,حمى
442,Fieber::N,жъоку,حمى
443,Arznei::N,ӏэзэ́гъу,دواء
444,Brücke::N,лъэмы́д ж,جسر
445,Brunnen::N,псынэ́,بئر
446,Weide::N,хъупӏэ́,مرعى
447,Pfad::N,лъагъу,درب
448,Weg::N,гъо́гу,سكة
449,Straße::N,гъо́гу,طريق
450,Dorf::N,къуа́дж,قرية
451,Stadt::N,къалэ́,مدينة
452,Brief::N,тхэн,خطاب
453,Brief::N,тхэн,مكتوب
454,Brief::N,письмэ,خطاب
455,Brief::N,письмэ,مكتوب
456,Buch::N,тхы́лъ,كتاب
457,Buchstabe::N,хьары́ф,حرف
458,Zeitung::N,газет,جريدة
459,Leben::N,гъашӏэ́,عيش
460,Leben::N,гъашӏэ́,حياة
461,Tod::N,аджал,موت
462,Tod::N,аджал,وفاة
463,Grab::N,бэны́,قبر
464,Kirche::N,чылы́с,كنيسة
465,Sünde::N,гунахь,خطيئة
466,Gott::N,тхьэ,إله
467,Arbeiter::N,рабоч,عامل
468,Chef::N,гъэр,رئيس
469,Meister::N,ӏэпыӏа́с,أسطى
470,Lehrer::N,кӏэлэегъа́дж,مدرس
471,Geld::N,ахъщ,نقود
472,Geschäft::N,ӏофшӏэн,صفقة
473,Laden::N,туча́н,دكان
474,Preis::N,уасэ́,سعر
475,Ware::N,хьап-щып,بضاعة
476,Nutzen::N,чар,فائدة
477,Nutzen::N,федэ́,فائدة
478,Reichtum::N,байныгъ,غنى
479,Reichtum::N,байныгъ,ثروة
480,Welt::N,дуна́й,عالم
481,Welt::N,дуна́й,دنيا
482,Land::N,хэгъэ́́гу,بلد
483,Staat::N,къэралыгъу,دولة
484,König::N,пачъы́хь,ملك
485,Macht::N,шынэгъакзэ́,سلطة
486,Grenze::N,гъуна́пкъ,حدود
487,Krieg::N,зао́,حرب
488,Feind::N,пы́и,عدو
489,Gewalt::N,егъэзыгъэныгъ,عنف
490,Kampf::N,бэнэныгъ,قتال
491,Bogen[Waffe]::N,щабз,قوس
492,Pfeil::N,щэбза́щ,سهم
493,Gewehr::N,шхонч,بندقية
494,Fehler::N,хэукъоныгъ,خطأ
495,Lüge::N,пцӏы,كذب
496,Schaden::N,зэра́р,تلف
497,Unglück::N,тхьамыкӏагъу,نحس
498,Schuld::N,мысагъэ́,ذنب
499,Alter::N,ныбжь,سن
500,Alter::N,ныбжь,عمر
501,Schluss::N,кӏэ,ختام
502,Schluss::N,кӏэ,نهاية
503,Zeit::N,уахътэ́,وقت
504,Tag::N,мафэ́,يوم
505,Morgen::N,пчэды́жь,صباح
506,Mittag::N,щэджагьу́,ظهر
507,Abend::N,пчыхьэ́,مساء
508,Nacht::N,чэщы́,ليلة
509,Woche::N,тхьамафэ́,أسبوع
510,Monat::N,мазэ́,شهر
511,Jahr::N,илъэ́с,عام
512,Jahr::N,илъэ́с,سنة
513,Frühling::N,гъатхэ́,ربيع
514,Sommer::N,гъэмафэ́,صيف
515,Herbst::N,бжыхьэ́,خريف
516,Winter::N,кӏыма́ф,شتاء
517,Januar::N,январь,يناير
518,Januar::N,январь,كانون الثاني
519,Februar::N,февраль,شباط
520,Februar::N,февраль,فبراير
521,März::N,март,آذار
522,März::N,март,مارس
523,April::N,апрель,نيسان
524,Mai::N,май,مايو
525,Juni::N,июнь,يونيو
526,Juni::N,июнь,حزيران
527,Juli::N,июль,تموز
528,Juli::N,июль,يوليو
529,August::N,август,آب
530,August::N,август,أغسطس
531,September::N,сентябрь,أيلول
532,September::N,сентябрь,سبتمبر
533,Oktober::N,октябрь,أكتوبر
534,Oktober::N,октябрь,تشرين الأول
535,November::N,ноябрь,نوفمبر
536,November::N,ноябрь,تشرين الثاني
537,Dezember::N,декабрь,ديسمبر
538,Dezember::N,декабрь,كانون الأول
539,Montag::N,блыпэ́,يوم الاثنين
540,Dienstag::N,гъубдж,يوم الثلاثاء
541,Mittwoch::N,бэрэскэжъый,يوم الأربعاء
542,Donnerstag::N,мэфэ́ку,يوم الخميس
543,Freitag::N,бэрэскэшху,يوم الجمعة
544,Samstag::N,шэмбэ́т,يوم السبت
545,Sonntag::N,тхьаума́ф,يوم الأحد
546,groß::A,ины́,كبير
547,klein::A,цӏы́кӏу,صغير
548,lang::A,кӏыхьэ́,طويل
549,kurz::A,кӏэкӏы́,قصير
550,breit::A,шъуамбгъо́,واسع
551,schmal::A,бгъузэ́,ضيق
552,dicht::A,ӏужъу́,كث
553,dicht::A,ӏужъу́,كثيف
554,dick[Gegenstand]::A,ӏужъу́,غليظ
555,dünn::A,пӏуакӏэ́,رفيع
556,fein::A,пӏуакӏэ́,رقيق
557,fest::A,пытэ́,متين
558,flach::A,тешъо́,سهل
559,flach::A,тешъо́,منبسط
560,glatt::A,зэны́бжь,ناعم
561,hart::A,пытэ́,صلب
562,hart::A,пытэ́,جامد
563,weich::A,шъабэ́,لين
564,rund::A,хъура́й,مستدير
565,spitz::A,папцӏэ́,مدبب
566,scharf::A,чан,حاد
567,stumpf::A,цако́,ثالم
568,schwer::A,онтэ́гъу,ثقيل
569,schön::A,дахэ́,جميل
570,heiß::A,жъо́ркъ,حار
571,heiß::A,жъо́ркъ,ساخن
572,warm::A,фабэ́у,دافئ
573,kalt::A,чъыӏэ́,بارد
574,kühl::A,чъыӏэтагъ,قر
575,frisch::A,чъыӏэтагъ,طازج
576,feucht::A,шынагъэ зиӏэ,رطب
577,feucht::A,шынэгъакӏэ зиӏэ,رطب
578,nass::A,цӏынэ́,مبلول
579,trocken::A,гъушъ,جاف
580,trocken::A,чъэпхъыгъ,جاف
581,voll::A,из,ملء
582,voll::A,изыбз,ملء
583,leer::A,нэкӏы́,خال
584,leer::A,нэкӏы́,فارغ
585,offen::A,зэдэхыгъэ,مفتوح
586,geschlossen::A,зэфэшӏыгъ,مغلق
587,sauber::A,къабзэ́,نظيف
588,schmutzig::A,шӏо́и,قذر
589,roh::A,мыжъо́,نيء
590,reif::A,чъэпхъыгъ,ناضج
591,lecker::A,го́хьы,لذيذ
592,süß::A,ӏэшӏу,حلو
593,bitter::A,дыджы́,مر
594,sauer::A,хафэ́,حامض
595,hell::A,нэфын,نير
596,dunkel::A,мэзэхэ,مظلم
597,schwarz::A,шӏуцӏэ,أسود
598,weiß::A,фыжьы́,أبيض
599,rot::A,плъыжьы́,أحمر
600,gelb::A,гъожьы́,أصفر
601,blau::A,шхъуантӏэ,أزرق
602,grün::A,шхъуантӏэ,أخضر
603,grau::A,шхъо,رمادي
604,bunt::A,къолэны,ملوب
605,billig::A,пыут,رخيص
606,teuer::A,сикӏа́с,غال
607,teuer::A,силъа́пӏ,غال
608,wertvoll::A,пкӏэ зиӏ,ثمين
609,wertvoll::A,уасэ́ зыфа́шӏ,ثمين
610,blind::A,нэшъу́,أعمى
611,taub::A,дэгу,أصم
612,taub::A,дэгу,أطرش
613,kräftig::A,лъэ́ш,قوي
614,stark::A,лъэ́ш,قوي
615,schwach::A,хъыбэй,ضعيف
616,fett::A,пщэры́,سمين
617,schlank::A,ищыгъэ,أهيف
618,hübsch::A,дахэ́,جميل
619,böse::A,ябгэ,رديء
620,dumm::A,делэ,أبله
621,dumm::A,делэ,أحمق
622,faul::A,шъхьахы́нэ,كسلان
623,fleißig::A,егугъурэ,مجتهد
624,geizig::A,тхьацэ,بخيل
625,klug::A,акъылышӏу́,ذكي
626,klug::A,акъылышӏу́,عاقل
627,geschickt::A,ӏэпэӏэсэ́,ماهر
628,geschickt::A,шо́у шӏыгъэ́,ماهر
629,lieb::A,псэм фэд,عزيز
630,lustig::A,чэф,مرح
631,sanft::A,ӏушъа́б,حليم
632,hungrig::A,гъаблэ́,جائع
633,krank::A,сыма́дж,مريض
634,nackt::A,пцӏанэ́,عار
635,traurig::A,нэшхъэй,حزين
636,gut::A,дэгъу́,جيد
637,schlecht::A,дэи,سيء
638,richtig::A,тэрэз,صحيح
639,schlimm::A,щынэгъо,خبيث
640,wahr::A,шъыпкъэ́,حق
641,alt::A,жъы,قديم
642,neu::A,кӏэ,جديد
643,ehemalig::A,-щтыгъэ,سابق
644,ehemalig::A,-гъэ,سابق
645,alt[Lebewesen]::A,жъы,مسن
646,jung::A,ныбжьыкӏэ́,شاب
647,jung::A,ныбжьыкӏэ́,صغير
648,arm::A,тхьамы́кӏ,فقير
649,reich::A,бай,غني
650,bekannt::A,нэӏуа́с,معلوم
651,berühmt::A,цӏэры́ӏу,مشهور
652,fremd::A,хымэ,أجنبي
653,verschieden::A,зэфэшъхьафы,مختلف
654,nah::A,благъэ́,قريب
655,fern::A,чыжьэ,بعيد
656,linker::A,сэмэ́гу,يسار
657,rechter::A,джабгъу,يمين
658,anderer::A,нэмы́кӏ,آخر
659,erster::A,апэр,أول
660,zweiter::A,я́тӏонэр,ثان
661,dritter::A,ящэнэр,ثالث
662,letzter::A,аужыр,أخير
663,allein::ADV,зы,وحده
664,auf einmal::ADV,ардэдэм,بالمرة
665,auf einmal::ADV,асыхьатым,بالمرة
666,zusammen::ADV,зэгъусэхэ́у,معا
667,lange::ADV,бэрэ́,مدة طويلة
668,plötzlich::ADV,зэкӏэм,فجأة
669,sofort::ADV,ардэдэм,حالا
670,sofort::ADV,ардэдэм,فورا
671,sofort::ADV,асыхьатым,حالا
672,sofort::ADV,асыхьатым,فورا
673,später::ADV,нэужым,فيما بعد
674,jetzt::ADV,джы,الآن
675,jetzt::ADV,джы,حاليا
676,heute::ADV,непэ́,اليوم
677,morgen::ADV,неу́щы,غدا
678,bald::ADV,псынкӏэу,قريبا
679,dann::ADV,нэужым,ثم
680,gestern::ADV,тыгъуа́с,أمس
681,gestern::ADV,тыгъуа́с,البارحة
682,einst::ADV,зэгорэ́м,قديما
683,damals::ADV,армэ,حينئذ
684,damals::ADV,ащыгъум,حينئذ
685,danach::ADV,нэужым,ثم
686,danach::ADV,нэужым,بعد ذلك
687,vorher::ADV,нахьыпэм,من قبل
688,vorher::ADV,нахьыпэм,قبل ذلك
689,einmal::ADV,зэ,مرة
690,oft::ADV,бэрэ,كثيرا
691,immer::ADV,ренэ́у,دائما
692,dort::ADV,модэ,هناك
693,dorthin::ADV,модэ́,إلى هناك
694,geradeaus::ADV,занкӏэу,إلى الأمام
695,vorwärts::ADV,ыпэкӏэ,إلى الأمام
696,rückwärts::ADV,ыужыкӏэ́,إلى الوراء
697,zurück::ADV,ыужыкӏэ́,عودا
698,zurück::ADV,ыужыкӏэ́,إلى الخلف
699,unten::ADV,ычӏэкӏэ́,تحت
700,unten::ADV,ычӏэкӏэ́,في الأسفل
701,hinab::ADV,ычӏэгъы́,إلى تحت
702,hinab::ADV,ычӏэкӏэ́,إلى تحت
703,oben::ADV,ышъхьагъы,فوق
704,oben::ADV,ышъхьагъы,في الأعلى
705,hinauf::ADV,ышъхьагъыкӏэ,إلى فوق
706,hinauf::ADV,ышъхьагъыкӏэ,إلى الأعلى
707,überall::ADV,тыди́,في كل مكان
708,überall::ADV,тыдэкӏи́,في كل مكان
709,nicht::ADV,-п,لا
710,nicht::ADV,-п,لم
711,nicht::ADV,мы-,لا
712,nicht::ADV,мы-,لم
713,ein wenig::ADV,тӏэкӏу,قليلا
714,kaum::ADV,къоды́й,كاد لا
715,sehr::ADV,дэд,جدا
716,sehr::ADV,дэд,كثيرا
717,so::ADV,ащ фэд,كذا
718,so::ADV,ащ фэд,كذلك
719,so::ADV,мыщ фэд,كذا
720,so::ADV,мыщ фэд,كذلك
721,so::ADV,джащ фэд,كذا
722,so::ADV,джащ фэд,كذلك
723,noch::ADV,джыри,ما زال
724,nur::ADV,ныӏэ́п,فقط
725,wieder::ADV,джыри,من جديد
726,wieder::ADV,джыри,مرة أخرى
727,vergebens::ADV,пкӏэнчъэ́у,عبثا
728,vor::PRP,пашъхьэ́,أمام
729,hinter::PRP,кӏы́б,خلف
730,hinter::PRP,кӏы́б,وراء
731,unter::PRP,чӏэ-,تحت
732,durch::PRP,пхыры-,عبر
733,durch::PRP,пхыры-,خلال
734,neben::PRP,дэжь,جنب
735,neben::PRP,дэжь,بجانب
736,zwischen::PRP,азыфа́гу,بين
737,wegen::PRP,къы-,بسبب
738,dies::PRN,ар,هذا
739,das::PRN,а,ذلك
740,das::PRN,мо,ذلك
741,alles::PRN,зэкӏэ́,الكل
742,ich::PRN,сэ,أنا
743,du::PRN,о,أنت
744,er::PRN,ар,هو
745,wir::PRN,тэ,نحن
746,ihr::PRN,шъо,أنتم
747,ihr::PRN,шъо,أنتن
748,sie::PRN,ахэр,هم
749,sie::PRN,ахэр,هن
750,was::FPRN,сыд,ما
751,wer::FPRN,хэт,من
752,wo::FADV,тыдэ́,أين
753,wohin::FADV,тыдэ́,إلى أين
754,wie::FADV,сыдэущтэ́у,كيف
755,warum::FADV,сыд пае́,لماذا
756,wieviel::FNUM,тхьапш,كم
757,wieviel::FNUM,сыд фэди́з,كم
758,eins::NUM,зы,واحد
759,zwei::NUM,тӏу,اثنين
760,drei::NUM,щы,ثلاثة
761,vier::NUM,плӏы,أربعة
762,fünf::NUM,тфы,خمسة
763,sechs::NUM,хы,ستة
764,sieben::NUM,блы,سبعة
765,acht::NUM,и,ثمانية
766,neun::NUM,бгъу,تسعة
767,zehn::NUM,пшӏы,عشرة
768,elf::NUM,пшӏыкӏузы́,أحد عشر
769,zwölf::NUM,пшӏыкӏутӏу,اثنا عشر
770,zwanzig::NUM,тӏокӏы́,عشرون
771,dreißig::NUM,щэкӏы,ثلاثون
772,vierzig::NUM,тӏокӏи́тӏу,أربعون
773,fünfzig::NUM,шъэны́ыкъу,خمسون
774,sechzig::NUM,тӏокӏи́щ,ستون
775,siebzig::NUM,тӏокӏищырэ́ пшӏырэ́,سبعون
776,achtzig::NUM,тӏокӏи́пӏ,ثمانون
777,neunzig::NUM,тӏокӏиилӏырэ́ пшӏырэ́,تسعون
778,hundert::NUM,шъэ,مئة
779,tausend::NUM,мин,ألف
780,und::CNJ,ыкӏи,و
781,oder::CNJ,е,أو
782,stehen::V,ущытын,وقف
783,stehen::V,умыхъыен,وقف
784,sitzen::V,уисын,جلس
785,sitzen::V,утесын,جلس
786,liegen::V,телъы́н,رقد
787,hängen::V,къыщылэлын,تعلق
788,hängen::V,къыщылэлын щыгъын быхъур,تعلق
789,werden::V,хъун,صار
790,werden::V,хъун,أصبح
791,passieren::V,къэхъун,حدث
792,beginnen::V,къежьэн,ابتدأ
793,beginnen::V,къыублэн,ابتدأ
794,enden::V,ухы́н,انتهى
795,wechseln::V,зэхъожьы́н,تغير
796,aufgehen[Sonne]::V,къыкъокӏы́н,شرق
797,untergehen[Sonne]::V,къохьан,غرب
798,scheinen[Sonne]::V,къепсыи,أضاء
799,donnern::V,гъогъон,رعد
800,wehen::V,епщэ́н,هب
801,strömen::V,чъэн,جرى
802,fließen::V,чъэн,سال
803,sich drehen::V,зыгъэчэрэгъу́н,دار
804,schwanken::V,хъые́н,ترنح
805,schwingen::V,зыгъэхъые́н,ترجح
806,fallen::V,къефэхы́н,سقط
807,brennen::V,стын,احترق
808,rauchen::V,ӏугъо къикӏын,دخن
809,regnen::V,къещхы́н,أمطر
810,gefrieren::V,дыкъын,تجمد
811,tauen::V,жъун,ذاب
812,schmelzen::V,ткӏун,ذاب
813,trocknen::V,гъушъы́н,نشف
814,trocknen::V,чъэпхъу́н,نشف
815,sieden::V,жъон,غلى
816,faulen::V,шъун,فسد
817,verfaulen::V,шъун,تعفن
818,reißen::V,зэӏэтхъы́н,انقطع
819,versinken::V,чӏихьан,غرق
820,vergehen::V,блэкӏы́н,مضى
821,erscheinen::V,къэлъэгъон,لاح
822,erscheinen::V,къэлъэгъон,ظهر
823,verschwinden::V,кӏодыжьы́н,غاب
824,abnehmen::V,къыкӏичын,نقص
825,zunehmen::V,хэхъо́н,ازداد
826,steigen::V,къежьэн,صعد
827,steigen::V,къежьэн,ارتفع
828,wachsen::V,хэхъо́н,نما
829,wachsen::V,хэхъо́н,نبت
830,wachsen::V,къэкӏы́н,نما
831,wachsen::V,къэкӏы́н,نبت
832,glänzen::V,цӏыу́н,لمع
833,funkeln::V,жъыу́н,تلألأ
834,lärmen::V,бырсыры́н,ضج
835,lärmen::V,бырсыры́н,صخب
836,läuten::V,теон,قرع
837,klingeln::V,теон,دق
838,brausen::V,шъуин,عج
839,rauschen::V,макъэ гъэӏун,حف
840,klingen::V,къыхэӏукӏын,رن
841,bellen::V,хьакъу́н,نبح
842,heulen::V,быун,عوى
843,blasen::V,епщэ́н,نفخ
844,pfeifen::V,шъуин,صفر
845,schreien::V,куо́н,صرخ
846,schreien::V,кӏыи́н,صرخ
847,stöhnen::V,щэӏун,أن
848,zittern::V,кӏэзэзын,ارتعش
849,leben::V,псэу́н,عاش
850,geboren werden::V,къэхъун,ولد
851,atmen::V,жьы къэщэ́н,تنفس
852,trinken::V,ешъо́н,شرب
853,essen::V,шхын,أكل
854,schlucken::V,бдырыин,جرع
855,müde werden::V,пшъын,تعب
856,einschlafen::V,хэчъыен,نام
857,schlafen::V,чъые́н,نام
858,aufwachen::V,къэущы́н,استيقظ
859,aufstehen::V,уцу́н,قام
860,sich erholen::V,зыгъэпсэфын,استجم
861,krank werden::V,сымаджэ́ хъун,مرض
862,krank sein::V,сымэджэ́н,مرض
863,schmerzen::V,сымэджэ́н,آلم
864,husten::V,пскэ́н,كح
865,husten::V,пскэ́н,سعل
866,genesen::V,хъужьын,نقه
867,sterben::V,лӏэн,مات
868,umkommen::V,хэкӏодэн,هلك
869,sich bewegen::V,хъые́н,تحرك
870,sich rühren::V,хъые́н,تحرك
871,sich erheben::V,къэтэджын,قام
872,sich setzen::V,тӏысы́н,جلس
873,hinfallen::V,ебэджы́н,وقع
874,laufen::V,кӏон,مشى
875,schreiten::V,кӏон,خطا
876,spazierengehen::V,къэкӏухьэн,تنزه
877,eilen::V,гузэжъон,عجل
878,sich beeilen::V,гуӏэ́н,استعجل
879,sausen::V,псынкӏэ́у чъэн,أسرع
880,rennen::V,чъэн,عدا
881,rennen::V,чъэн,ركض
882,springen::V,пкӏэн,قفز
883,klettern::V,дэцохъоен,تسلق
884,schaukeln::V,уешӏэн,تأرجح
885,kriechen::V,цохъо́н,دب
886,kriechen::V,цохъо́н,زحف
887,schwimmen::V,есы́н,سبح
888,tauchen::V,зычӏэгъэо́н,غطس
889,rudern::V,къошъо бэщкӏэ фын,جذف
890,fahren::V,кӏон,ركب
891,fahren::V,кӏон,سافر
892,fliegen::V,быбы́н,طار
893,gehen::V,кӏон,سار
894,gehen::V,кӏон,ذهب
895,weggehen::V,ӏукӏын,ذهب
896,weggehen::V,ӏукӏын,انصرف
897,abfahren::V,ежьэн,رحل
898,anhalten::V,къэуцу́н,توقف
899,hineingehen::V,ихьан,دخل
900,eintreten::V,чӏэхьан,دخل
901,kommen::V,къэкӏо́н,أتى
902,kommen::V,къэкӏо́н,جاء
903,ankommen::V,къэсы́н,وصل
904,zurückkommen::V,гъэзэжьын,عاد
905,zurückkommen::V,гъэзэжьын,رجع
906,bleiben::V,къэнэ́н,مكث
907,warten::V,пэплъэ́н,انتظر
908,erwarten::V,ежэн,ترقب
909,erwarten::V,ежэн,انتظر
910,suchen::V,лъыхъу́н,بحث
911,finden::V,къэгъоты́н,وجد
912,finden::V,къыхэгъэщы́н,وجد
913,versuchen::V,пылъы́н,حاول
914,vorbereiten::V,гъэхьазыры́н,أعد
915,vorbereiten::V,гъэхьазыры́н,حضر
916,lieben::V,шӏу плъэгъу́н,أحب
917,mögen::V,шӏу плъэгъу́н,أحب
918,lachen::V,щхын,ضحك
919,rühren::V,гур гъэузын,أثر
920,weinen::V,гъын,بكى
921,schimpfen::V,хъонэн,سب
922,schimpfen::V,хъонэн,شتم
923,sich ärgern::V,губжы́н,زعل
924,sich fürchten::V,щынэ́н,هاب
925,fürchten::V,щынэ́н,خاف
926,fürchten::V,щынэ́н,خشي
927,sehen::V,льэгъу́н,رأى
928,anschauen::V,плъэн,نظر
929,anschauen::V,еплъы́н,نظر
930,ansehen::V,плъэн,نظر
931,hören::V,зэхэхын,سمع
932,zuhören::V,дэӏо́н,أصغى
933,probieren::V,хэӏэн,ذاق
934,riechen::V,пэмэ́н,شم
935,riechen::V,пэмэ́н,استنشق
936,fühlen::V,зэхэпшӏэн,شعر
937,scheinen::V,уащыхъу́н,ظهر
938,scheinen::V,уашӏошӏы́н,ظهر
939,zu sehen sein::V,зэрэлъэгъу́н,ظهر
940,vernehmen::V,зэхэхын,سمع
941,frieren::V,дыкъын,بردان
942,frieren::V,пӏыкӏэн,بردان
943,frieren::V,чъыӏэ́ лӏэн,بردان
944,tun::V,шӏын,فعل
945,können::V,лъэкӏы́н,قدر
946,können::V,лъэкӏы́н,استطاع
947,wollen::V,фэе́н,شاء
948,wollen::V,фэе́н,أراد
949,anfangen::V,ублэн,بدأ
950,beenden::V,ухы́н,أنهى
951,aufhören::V,щыгъэтын,توقف
952,aufhören::V,щыгъэтын,انقطع
953,gelingen::V,хъун,نجح
954,öffnen::V,ӏухы́н,فتح
955,schließen::V,игъэсэн,أغلق
956,stellen::V,бгъэуцун,وضع
957,stellen::V,бгъэуцун,أقام
958,setzen::V,гъэтӏысы́н,أجلس
959,legen::V,хэлъхьа́н,وضع
960,berühren::V,эӏэн,مس
961,berühren::V,эӏэн,لمس
962,berühren::V,нэсын,مس
963,berühren::V,нэсын,لمس
964,verbinden::V,зэхэпхэ́н,ربط
965,verbinden::V,зэхэпхэ́н,وصل
966,verbinden::V,пхын,ربط
967,verbinden::V,пхын,وصل
968,bedecken::V,техъо́н,غطى
969,aufhängen::V,пылъэ́н,علق
970,anzünden::V,хэгъэнэ́н,أوقد
971,zurücklassen::V,къэгъэнэ́н,ترك
972,verlieren::V,чӏэ́нэн,فقد
973,verlieren::V,шӏокӏоды́н,فقد
974,fallen lassen::V,чӏэунэн,أسقط
975,fallen lassen::V,пӏэпызын,أسقط
976,machen::V,шӏын,فعل
977,herstellen::V,шӏы́н,صنع
978,herstellen::V,шӏы́н,أنتج
979,bauen::V,шӏы́н,بنى
980,bauen::V,шӏы́н,شيد
981,reparieren::V,дыжьы́н,صلح
982,verbessern::V,нахьышӏу пшӏын,صحح
983,verbessern::V,нахь дэгъу пшӏын,صحح
984,ändern::V,зэблэхъу́н,غير
985,graben::V,тӏын,حفر
986,biegen::V,уфэн,لوى
987,drehen::V,гъэчэрегъу́,أدار
988,drehen::V,гъэчэрегъу́,دور
989,wenden::V,пӏонтӏэн,قلب
990,wenden::V,бгъэзэн,قلب
991,wenden::V,уӏубын,قلب
992,heben::V,ӏэты́н,رفع
993,hochheben::V,ӏэты́н,رفع
994,ergreifen::V,къэубыты́н,مسك
995,halten::V,ӏыгъы́н,مسك
996,drücken::V,тэӏункӏэн,ضغط
997,schieben::V,уеӏункӏын,حرك
998,schieben::V,уетӏыргун,حرك
999,kratzen::V,цӏэнтхъун,خدش
1000,lecken::V,бзэи́н,لعق
1001,beißen::V,ецэкъэ́н,عض
1002,abreißen::V,къичын,قلع
1003,abreißen::V,пытхъын,قلع
1004,abschneiden::V,пыупкӏын,قطع
1005,abschneiden::V,гобзыкӏын,قطع
1006,binden::V,епхын,ربط
1007,stecken::V,хэсэн,دس
1008,brechen::V,зэпыпкӏын,كسر
1009,klopfen::V,теон,طرق
1010,hauen::V,теон,ضرب
1011,kleben::V,щхэн,ألصق
1012,reiben::V,пӏотын,حك
1013,streichen::V,щыфэн,نشر
1014,schleifen::V,гъэчаны́н,سن
1015,schleifen::V,кӏэлыкӏы́н,سن
1016,schneiden::V,бзын,قطع
1017,rütteln::V,гъэсысын,رج
1018,schütteln::V,гъэсысын,هز
1019,schwenken::V,ӏэ шӏын,لوح
1020,schütten::V,икӏэ́н,صب
1021,füllen::V,из шӏын,ملأ
1022,einwickeln::V,кӏоцӏыщыхьа́н,لف
1023,tragen::V,хьын,حمل
1024,schleppen::V,пхьын,سحب
1025,schleppen::V,плъэшъун,سحب
1026,ziehen::V,пкъудыин,سحب
1027,ziehen::V,пщэн,سحب
1028,ziehen::V,плъэшъун,سحب
1029,aufbewahren::V,пӏыгъын,حفظ
1030,aufbewahren::V,уухъумэн,حفظ
1031,werfen::V,дзын,رمى
1032,werfen::V,дзын,ألقى
1033,fangen::V,къэубыты́н,التقط
1034,packen::V,къэубыты́н,مسك
1035,verstecken::V,бгъэбылъын,خبأ
1036,teilen::V,гощы́н,قسم
1037,schicken::V,гъахьы́н,بعث
1038,schicken::V,гъахьы́н,أرسل
1039,bringen::V,къэхьы́н,جلب
1040,hinzufügen::V,хэгъэхъо́н,أضاف
1041,nehmen::V,къытехы́н,أخذ
1042,wählen::V,къыхэхы́н,اختار
1043,auswählen::V,къыхэхы́н,انتقى
1044,bewahren::V,къэухъумэн,حافظ
1045,behindern::V,пэрыохъу хъун,عاق
1046,verderben::V,къутэн,أفسد
1047,beschädigen::V,къутэн,أضر
1048,zerbrechen::V,къутэн,كسر
1049,zerreißen::V,зэӏэтхъы́н,مزق
1050,zerstören::V,къутэ́н,دمر
1051,verbrennen::V,гъэсты́н,حرق
1052,geben::V,еты́н,أعطى
1053,reichen::V,еты́н,ناول
1054,schenken::V,еты́н,وهب
1055,versprechen::V,гъэгугъэ́н,وعد
1056,wünschen::V,шӏоигъо́н,تمنى
1057,loben::V,щытхъун,مدح
1058,küssen::V,ебэу́н,قبل
1059,wiegen::V,гъэхъыен,هدهد
1060,zudecken::V,техъо́н,غطى
1061,wecken::V,къэгъэущы́н,أيقظ
1062,zeigen::V,гъэлъэгъо́н,أرى
1063,führen::V,щэн,دل
1064,lehren::V,егъэджэ́н,علم
1065,lehren::V,егъэшӏэн,علم
1066,unterrichten::V,егъэджэ́н,علم
1067,aufziehen::V,пӏун,ربى
1068,leiten::V,гъэзекӏон,دل
1069,leiten::V,гъэзекӏон,أدار
1070,antreiben::V,къепфылӏэн,حث
1071,lassen::V,еты́н,حدا
1072,einladen::V,къегъэблэгъэн,دعا
1073,vereinigen::V,зэгогъэхьан,وحد
1074,besuchen::V,щыӏэ́н,زار
1075,treffen::V,ӏукӏэ́н,قابل
1076,treffen::V,пэгъокӏы́н,قابل
1077,sich versammeln::V,зэхэхьан,اجتمع
1078,spielen::V,джэгу́н,لعب
1079,singen::V,орэ́д къэӏо́н,غنى
1080,tanzen::V,къэшъо́н,رقص
1081,sich trennen::V,зэгокӏыжьы́ных,افترق
1082,verlassen::V,бгынэн,ترك
1083,verlassen::V,хэкӏыжьын,ترك
1084,retten::V,къыхэпхыжьын,نجى
1085,retten::V,къыхэпхыжьын,أنقذ
1086,retten::V,къэбгъэнэжьын,نجى
1087,retten::V,къэбгъэнэжьын,أنقذ
1088,bewachen::V,къэгъэгъунэн,حرس
1089,schützen::V,ухъумэ́н,حمى
1090,verteidigen::V,къэухъумэн,دافع
1091,sich schlagen::V,эзэон,تضارب
1092,schießen::V,он,أطلق
1093,siegen::V,текӏо́н,انتصر
1094,ärgern::V,бгъэгубжын,أزعل
1095,schlagen::V,ео́н,ضرب
1096,stechen::V,хэӏун,شك
1097,stoßen::V,тӏыро́н,دفع
1098,stoßen::V,уеӏункӏын,دفع
1099,stehlen::V,тыгъу́н,سرق
1100,stören::V,бгъэгумэкӏын,ضايق
1101,belästigen::V,бгъэгумэкӏын,أزعج
1102,verbergen::V,ушъэфын,كتم
1103,täuschen::V,гъэпцӏэ́н,خدع
1104,betrügen::V,гъэпцӏэ́н,غش
1105,töten::V,уикӏын,قتل
1106,wohnen::V,дэсын,سكن
1107,arbeiten::V,лэжьэ́н,عمل
1108,arbeiten::V,лэжьэ́н,اشتغل
1109,sammeln::V,угъои́н,جمع
1110,pflücken::V,къыпычы́н,جنى
1111,pflücken::V,къыпычы́н,قطف
1112,jagen::V,шэкӏон,صاد
1113,jagen::V,ешэкӏон,صاد
1114,fischen::V,пцэжъые уешэн,اصطاد
1115,fassen::V,къэубыты́н,قبض
1116,hüten::V,хэхъо́н,رعى
1117,treiben::V,пфын,ساق
1118,anbinden::V,епхын,ربط
1119,füttern::V,гъэшхэ́н,علف
1120,melken::V,щын,حلب
1121,hacken::V,упкӏэтэн,فرم
1122,gießen::V,тепкӏэн,سقى
1123,reifen::V,игъо хъун,نضج
1124,zubereiten::V,бгъэхьазырын,حضر
1125,kochen::V,шӏы́н,طبخ
1126,backen::V,гъэжъэ́н,خبز
1127,braten::V,гъэжъэ́н,قلى
1128,braten::V,гъэжъэ́н,حمر
1129,umrühren::V,зэхэгъэкӏухьан,قلب
1130,stricken::V,хъын,حاك
1131,nähen::V,дэн,خاط
1132,färben::V,бгъэлэн,صبغ
1133,färben::V,бгъэлэн,لون
1134,reinigen::V,укъэбзы́н,نظف
1135,waschen::V,бгыкӏын,غسل
1136,abwischen::V,лъэкӏы́н,مسح
1137,spülen::V,дэгъэчъыхьан,شطف
1138,fegen::V,пхъэнкӏы́н,كنس
1139,kehren::V,пхъэнкӏы́н,كنس
1140,baden::V,зыгъэпскӏын,استحم
1141,sich waschen::V,зытхьакӏы́н,اغتسل
1142,ausziehen::V,къытехы́н,خلع
1143,anziehen::V,щылъэ́н,لبس
1144,sich anziehen::V,зыфэпэн,اكتسى
1145,kämmen::V,жьын,مشط
1146,schmücken::V,гъэдэхэ́н,زين
1147,sagen::V,къэӏон,قال
1148,sprechen::V,псэлъэ́н,تكلم
1149,reden::V,гущыӏэ́н,تكلم
1150,sich unterhalten::V,зэдэгущыӏэн,تحادث
1151,fragen::V,упчӏэ́н,سأل
1152,bitten::V,лъэӏо́н,رجا
1153,erzählen::V,къэпӏотэ́н,حكي
1154,mitteilen::V,макъэ егъэӏун,بلغ
1155,nennen::V,цӏэ фэусы́н,سمى
1156,rufen::V,джэн,نادى
1157,prahlen::V,узыщытхъужьы́н,فشر
1158,prahlen::V,узыщытхъужьы́н,تفاخر
1159,übersetzen::V,бгъэкӏотэн,ترجم
1160,denken::V,егупшысэ́н,فكر
1161,glauben::V,уивыхъэ́ телъы́н,اعتقد
1162,bemerken::V,гу лъыптэ́н,لاحظ
1163,erkennen::V,зэхэпхын,عرف
1164,erkennen::V,зэбгъэшӏэн,عرف
1165,begreifen::V,гурыӏо́н,فهم
1166,begreifen::V,гурыӏо́н,أدرك
1167,verstehen::V,зэхэхын,فهم
1168,lernen::V,еджэ́н,درس
1169,wissen::V,шӏэн,علم
1170,sich erinnern an::V,къэшӏэжьын,تذكر
1171,vergessen::V,пщыгъупшэжьы́н,نسي
1172,messen::V,шын,قاس
1173,zählen::V,плъытэ́н,عد
1174,zählen::V,плъытэ́н,أحصى
1175,rechnen::V,плъытэ́н,حسب
1176,rechnen::V,угугъэ́н,حسب
1177,lesen::V,еджэ́н,قرأ
1178,malen::V,шӏын,صور
1179,zeichnen::V,шӏын,رسم
1180,schreiben::V,тхын,كتب
1181,besitzen::V,иӏэн,حاز
1182,besitzen::V,иӏэн,ملك
1183,kaufen::V,щэфы́н,اشترى
1184,verkaufen::V,щэн,باع
1185,bezahlen::V,птын,دفع
1186,bezahlen::V,лъыптын,دفع
1187,bezahlen::V,птыжьы́н,دفع
1188,zahlen::V,птын,سدد
1189,zahlen::V,лъыптын,سدد
1190,beherrschen::V,иунаеу иӏэн,حكم
1191,ertragen::V,щэчы́н,أطاق
1192,ertragen::V,щэчы́н,تحمل
1193,Schnurrbart::N,,شارب
1194,Nabel::N,,سرة
1195,Wetter::N,,جو
1196,Wetter::N,,طقس
1197,Frost::N,,صقيع
1198,Raureif::N,,صقيع
1199,Adler::N,,نسر
1200,Schwan::N,,إوز عراقي
1201,Ton::N,,نغمة
1202,Sache::N,,شيء
1203,Schlitten::N,,مزلقة
1204,Last::N,,حمل
1205,Figur::N,,تمثال
1206,Bündel::N,,ربطة
1207,Schuh::N,,حذاء
1208,Arzt::N,,طبيب
1209,lebendig::A,,حي
1210,zuerst::ADV,,أولا
1211,manchmal::ADV,,أحيانا
1212,niemals::ADV,,لا أبدا
1213,hier::ADV,,هنا
1214,hierhin::ADV,,إلى هنا
1215,von hier::ADV,,من هنا
1216,schon::ADV,,قد
1217,sinken::V,,هبط
1218,klirren::V,,قعقع
1219,fliehen::V,,هرب
1220,flüchten::V,,فر
1221,geraten::V,,طلع
1222,aufheben::V,,لقط
1223,beugen::V,,ثنى
1224,beugen::V,,أحنى
1225,umdrehen::V,,قلب
1226,bekommen::V,,حصل
1227,erhalten::V,,استلم
1228,treten::V,,رفس
