,Concept_ID,av,es
0,Ohr::N,гӏин,oreja
1,Nase::N,мегӏер,nariz
2,Mund::N,кӏал,boca
3,Zahn::N,гӏус,diente
4,Zunge::N,мацӏ,lengua
5,Lippe::N,кӏветӏ,labio
6,Wange::N,гӏоно,mejilla
7,Gesicht::N,гьумер,cara
8,Stirn::N,нодо,frente
9,Haar::N,рас,cabello
10,Schnurrbart::N,михъ,bigote
11,Bart::N,мегеж,barba
12,Kinn::N,нилъу,barbilla
13,Kiefer[Anatomie]::N,чанагъ,mandíbula
14,Kehle::N,щекъер,garganta
15,Hals::N,габур,cuello
16,Genick::N,гъванща,nuca
17,Genick::N,гъванща,cerviz
18,Kopf::N,бетӏер,cabeza
19,Rücken::N,мугъ,espalda
20,Bauch::N,чехь,vientre
21,Nabel::N,цӏину,ombligo
22,Busen::N,керен,pecho
23,Brust::N,керен,pecho
24,Schulter::N,гъажазубетӏер,hombro
25,Arm::N,гъеж,brazo
26,Ellenbogen::N,гӏункӏрукь,codo
27,Hand::N,квер,mano
28,Handfläche::N,огъохъат,palma
29,Handfläche::N,жанисахъат,palma
30,Finger::N,килищ,dedo
31,Fingernagel::N,малъ,uña
32,Nagel[Anatomie]::N,малъ,uña
33,Zeh::N,килищ,dedo del pie
34,Fuß::N,хӏетӏ,pie
35,Fuß::N,хӏетӏе,pie
36,Ferse::N,эгъе,talón
37,Knie::N,наку,rodilla
38,Oberschenkel::N,мачӏ,muslo
39,Bein::N,бох,pierna
40,Körper::N,къаркъала,cuerpo
41,Haut::N,тӏом,piel
42,Blut::N,би,sangre
43,Ader::N,бидурихь,vena
44,Knochen::N,ракьа,hueso
45,Gehirn::N,гӏадалнах,cerebro
46,Gehirn::N,гӏадалнах,encéfalo
47,Herz::N,ракӏ,corazón
48,Magen::N,кванирукъ,estómago
49,Leber::N,тӏул,hígado
50,Atem::N,хӏухь,aliento
51,Hunger::N,ракъи,hambre
52,Träne::N,магӏу,lágrima
53,Geschmack::N,тату,gusto
54,Geruch::N,махӏ,olor
55,Schlaf::N,макьу,sueño
56,Traum::N,макьу,sueño
57,Traum::N,макьу,ensueño
58,Himmel::N,зоб,cielo
59,Sonne::N,бакъ,sol
60,Mond::N,моцӏ,luna
61,Stern::N,цӏва,estrella
62,Luft::N,гьава,aire
63,Wind::N,гьури,viento
64,Welle::N,карачел,ola
65,Welle::N,карачел,onda
66,Wasser::N,лъим,agua
67,Stein::N,гьецӏо,piedra
68,Boden::N,ракь,suelo
69,Erde::N,ракь,tierra
70,Erde::N,дуниял,tierra
71,Staub::N,хӏур,polvo
72,Rauch::N,кӏкӏуй,humo
73,Feuer::N,цӏа,fuego
74,Licht::N,канлъи,luz
75,Schatten::N,рагӏад,sombra
76,Wetter::N,гьава-бакъ,tiempo
77,Nebel::N,гӏодобнакӏкӏ,niebla
78,Wolke::N,накӏкӏ,nube
79,Regen::N,цӏад,lluvia
80,Schnee::N,гӏазу,nieve
81,Eis::N,цӏер,hielo
82,Frost::N,замгьари,helada
83,Kälte::N,квач,frío
84,Hitze::N,багӏари,calor
85,Raureif::N,мартӏ,escarcha
86,Regenbogen::N,нур,arco iris
87,Regenbogen::N,чамбара,arco iris
88,Donner::N,гъугъай,trueno
89,Donner::N,гъугъади,trueno
90,Strömung::N,чвахи,corriente
91,Tropfen::N,резел,gota
92,Tropfen::N,тӏинкӏ,gota
93,Tropfen::N,къатӏра,gota
94,Tropfen::N,тӏенкӏел,gota
95,Schaum::N,полоп,espuma
96,Schmutz::N,чороклъи,suciedad
97,See::N,хӏор,lago
98,Sumpf::N,хьуцӏ,pantano
99,Wiese::N,мегъ,prado
100,Wiese::N,мегъ,pradera
101,Wiese::N,гӏурдаллъи,prado
102,Wiese::N,гӏурдаллъи,pradera
103,Wald::N,рохь,bosque
104,Hügel::N,гохӏ,colina
105,Anhöhe::N,сийитма,cerro
106,Berg::N,мегӏер,monte
107,Berg::N,мегӏер,montaña
108,Gipfel::N,тӏогь,cima
109,Gipfel::N,тӏогь,cumbre
110,Höhle::N,нохъо,cueva
111,Höhle::N,нохъо,caverna
112,Abhang::N,лабаллъи,cuesta
113,Abhang::N,лабаллъи,declive
114,Quelle::N,ицц,fuente
115,Quelle::N,ицц,manantial
116,Bach::N,лъар,arroyo
117,Fluss::N,гӏор,río
118,Ufer::N,рагӏал,orilla
119,Küste::N,рагӏал,costa
120,Festland::N,ракь,tierra firme
121,Festland::N,ракъдаллъи,tierra firme
122,Meer::N,ралъад,mar
123,Bucht::N,кӏветӏ,cala
124,Bucht::N,кӏветӏ,bahía
125,Insel::N,чӏинкӏиллъи,isla
126,Blume::N,тӏегь,flor
127,Gras::N,хер,hierba
128,Wurzel::N,кьибил,raíz
129,Baum::N,гъветӏ,árbol
130,Stamm::N,рохти,tronco
131,Rinde::N,макъар,corteza
132,Ast::N,ноцӏ,rama
133,Zweig::N,гӏаркьел,ramo
134,Blatt::N,тӏамах,hoja
135,Birke::N,мах,abedul
136,Birke::N,махигъветӏ,abedul
137,Kiefer[Baum]::N,накӏкӏигъветӏ,pino
138,Weide[Baum]::N,рицӏцӏ,sauce
139,Weide[Baum]::N,рицӏцӏигъветӏ,sauce
140,Tanne::N,ёлка,abeto
141,Horn::N,лълъар,asta
142,Horn::N,лълъар,cuerno
143,Feder::N,хӏули,pluma
144,Fell::N,тӏом,piel
145,Fell::N,цӏоко,piel
146,Flügel::N,кваркьи,ala
147,Klaue::N,галъ,garra
148,Kralle::N,квачӏ,uña
149,Kralle::N,квачӏ,garra
150,Kralle::N,катиквачӏ,uña
151,Kralle::N,катиквачӏ,garra
152,Schwanz::N,рачӏ,cola
153,Ei::N,хоно,huevo
154,Nest::N,бусен,nido
155,Bau::N,каратӏ,madriguera
156,Tier::N,хӏайван,animal
157,Herde::N,рехъен,rebaño
158,Herde::N,рехъед,rebaño
159,Kuh::N,гӏака,vaca
160,Bulle::N,оц,toro
161,Pferd::N,чу,caballo
162,Schaf::N,чахъу,oveja
163,Schwein::N,болъон,cerdo
164,Hund::N,гьой,perro
165,Katze::N,кету,gato
166,Bär::N,ци,oso
167,Eichhörnchen::N,гвангва,ardilla
168,Fuchs::N,цер,zorro
169,Hase::N,гӏанкӏ,liebre
170,Maus::N,гӏункӏкӏ,ratón
171,Wolf::N,бацӏ,lobo
172,Vogel::N,хӏинчӏ,ave
173,Vogel::N,хӏинчӏ,pájaro
174,Schwarm::N,тӏел,bandada
175,Huhn::N,гӏанкӏу,gallina
176,Hahn::N,хӏелеко,gallo
177,Gans::N,хъаз,oca
178,Gans::N,хъаз,ganso
179,Adler::N,цӏум,águila
180,Ente::N,ордек,pato
181,Eule::N,беццаруз,lechuza
182,Kranich::N,къункъра,grulla
183,Krähe::N,гъеду,corneja
184,Kuckuck::N,гагу,cuco
185,Schwan::N,хӏанкъва,cisne
186,Fisch::N,ччугӏа,pez
187,Barsch::N,окунь,perca
188,Hecht::N,щука,lucio
189,Schlange[Tier]::N,борохь,serpiente
190,Wurm::N,хӏапара,gusano
191,Spinne::N,хъанхъра,araña
192,Ameise::N,цӏунцӏра,hormiga
193,Laus::N,нацӏ,piojo
194,Mücke::N,кӏкӏара,mosquito
195,Fliege::N,тӏутӏ,mosca
196,Schmetterling::N,кӏалкӏучӏ,mariposa
197,Apfel::N,гӏеч,manzana
198,Pilz::N,гӏурдахӏан,seta
199,Pilz::N,гӏурдахӏан,hongo
200,Zwiebel::N,кӏочӏопер,cebolla
201,Saat::N,хьон,siembra
202,Korn::N,мугь,grano
203,Heu::N,хер,heno
204,Schale::N,хъал,cáscara
205,Grube::N,гвенд,foso
206,Falle::N,къор,trampa
207,Falle::N,къотен,trampa
208,Schlinge::N,кӏичӏ,lazo
209,Spur::N,лъалкӏ,huella
210,Asche::N,рахъу,ceniza
211,Dreck::N,гъиз,suciedad
212,Dreck::N,хӏарщ,suciedad
213,Eisen::N,махх,hierro
214,Gold::N,месед,oro
215,Silber::N,гӏарац,plata
216,Kohle::N,тӏурччи,carbón
217,Glas::N,цӏер,vidrio
218,Glas::N,цӏер,cristal
219,Lehm::N,хӏатӏ,barro
220,Sand::N,сали,arena
221,Mensch::N,чи,hombre
222,Mensch::N,чи,ser humano
223,Mann::N,бихьинчи,hombre
224,Frau::N,гӏадан,mujer
225,Kind::N,лъимер,niño
226,Junge::N,вас,chico
227,Junge::N,вас,muchacho
228,Mädchen::N,яс,chica
229,Mädchen::N,яс,muchacha
230,Familie::N,хъизан,familia
231,Großvater::N,кӏудада,abuelo
232,Großmutter::N,кӏодо,abuela
233,Eltern::N,эбел-эмен,padres
234,Vater::N,эмен,padre
235,Mutter::N,эбел,madre
236,Sohn::N,вас,hijo
237,Tochter::N,яс,hija
238,Bruder::N,вац,hermano
239,Schwester::N,яц,hermana
240,Onkel::N,даци,tío
241,Tante::N,ада,tía
242,Ehemann::N,рос,esposo
243,Ehefrau::N,чӏужу,esposa
244,Freude::N,ракӏбохи,placer
245,Freude::N,ракӏбохи,alegría
246,Gelächter::N,релъи,risa
247,Gelächter::N,релъи,carcajada
248,Glück::N,талихӏ,felicidad
249,Glück::N,талихӏ-рохел,felicidad
250,Kummer::N,хӏалкъай,pena
251,Wunsch::N,къасд,deseo
252,Lust::N,гъира,ganas
253,Geist::N,чӏанкӏ,mente
254,Geist::N,чӏанкӏ,espíritu
255,Geist::N,рухӏ-жан,mente
256,Geist::N,рухӏ-жан,espíritu
257,Gedanke::N,пикру,idea
258,Gedanke::N,пикру,pensamiento
259,Verstand::N,лумалъи,razón
260,Verstand::N,лумалъи,entendimiento
261,Verstand::N,цӏодорлъи,razón
262,Verstand::N,цӏодорлъи,entendimiento
263,Sinn::N,магӏна,sentido
264,Sinn::N,магӏна,significado
265,Grund::N,багьана,causa
266,Wahrheit::N,ритӏухълъи,verdad
267,Gespräch::N,накъит,conversación
268,Märchen::N,маргьа,cuento
269,Erzählung::N,къиса,cuento
270,Erzählung::N,къиса,narración
271,Nachricht::N,хабар,mensaje
272,Neuigkeit::N,хабар-гӏазаб,noticia
273,Name::N,цӏар,nombre
274,Rätsel::N,бицанкӏо,acertijo
275,Rätsel::N,бицанкӏо,adivinanza
276,Rede::N,речь,discurso
277,Rede::N,калам,discurso
278,Sprache::N,мацӏ,lengua
279,Stimme::N,гьаракь,voz
280,Wort::N,рагӏи,palabra
281,Zeichen::N,ишара,señal
282,Zeichen::N,гӏаламат,señal
283,Ruf::N,ахӏи,llamada
284,Lärm::N,хъуй,ruido
285,Lärm::N,хъуй,barullo
286,Lärm::N,хъуди,ruido
287,Lärm::N,хъуди,barullo
288,Laut::N,гьаракь,sonido
289,Laut::N,сас,sonido
290,Lied::N,кечӏ,canción
291,Ruhe::N,рахӏат,calma
292,Ruhe::N,рахӏат,silencio
293,Leute::N,гӏадамал,gente
294,Volk::N,халкъ,pueblo
295,Arbeit::N,хӏалтӏи,trabajo
296,Gast::N,гьобол,huésped
297,Gast::N,гьобол,invitado
298,Geschenk::N,сайигъат,regalo
299,Spiel::N,хӏай,juego
300,Spiel::N,расанди,juego
301,Gesellschaft::N,жамагӏат,compañía
302,Hilfe::N,кумек,ayuda
303,Hilfe::N,кумек,socorro
304,Freund::N,гьудул,amigo
305,Kamerad::N,гьалмагъ,camarada
306,Kamerad::N,гьалмагъ,compañero
307,Angelegenheit::N,къваригӏел,asunto
308,Anzahl::N,рикӏкӏен,cantidad
309,Art::N,жинс,tipo
310,Art::N,жинс,clase
311,Stück::N,кесек,pieza
312,Teil::N,пай,parte
313,Hälfte::N,бащдаб,mitad
314,Kreis::N,гор,círculo
315,Kreuz::N,хъанч,cruz
316,Linie::N,мухъ,línea
317,Strich::N,хӏучч,raya
318,Strich::N,хӏучч,trazo
319,Abstand::N,манзил,distancia
320,Entfernung::N,манзил,distancia
321,Gegend::N,рахъ,región
322,Gegend::N,рахъ,comarca
323,Platz::N,бакӏ,espacio
324,Ort::N,бакӏ,sitio
325,Seite::N,рахъ,lado
326,Seite::N,рахъ,costado
327,Mitte::N,бакьулъбакӏ,medio
328,Mitte::N,бакьулъбакӏ,centro
329,Gegenstand::N,жо,objeto
330,Sache::N,жо,cosa
331,Rand::N,мицӏир,borde
332,Kante::N,рагӏал,borde
333,Kante::N,рагӏа-ракьан,borde
334,Ecke::N,цили,esquina
335,Spitze::N,тӏогь,punta
336,Ende::N,кӏал,cabo
337,Ende::N,кӏал,extremo
338,Loch::N,каратӏ,agujero
339,Loch::N,каратӏ,abertura
340,Muster::N,накъиш,dibujo
341,Größe::N,кӏодо́лъи,tamaño
342,Länge::N,халалъи,longitud
343,Höhe::N,борхалъи,altura
344,Höhe::N,борхалъи,altitud
345,Gewicht::N,бакӏлъи,peso
346,Haufen::N,гъуни,montón
347,Reihe::N,ирга́,fila
348,Boot::N,раса,bote
349,Boot::N,раса,barca
350,Ruder::N,раххан,remo
351,Schlitten::N,чанагъ,trineo
352,Ski::N,лыжаби,esquí
353,Lagerfeuer::N,цӏа,hoguera
354,Last::N,бакӏлъи,carga
355,Gang::N,хьвади,marcha
356,Gang::N,хьвада-чӏвади,marcha
357,Schritt::N,гали,paso
358,Norden::N,шимал,norte
359,Süden::N,юг,sur
360,Süden::N,къибла,sur
361,Westen::N,гъарб,oeste
362,Westen::N,магъриб,oeste
363,Osten::N,шаркъ,este
364,Osten::N,машрикъ,este
365,Holz::N,цӏул,madera
366,Brett::N,хъарщи,tabla
367,Platte::N,къоно,placa
368,Platte::N,къоно,plancha
369,Stange::N,гӏер,vara
370,Stange::N,гӏер,percha
371,Stock::N,тӏил,palo
372,Stock::N,тӏил,bastón
373,Stab::N,гӏер,vara
374,Stab::N,гӏер,bastón
375,Rohr::N,турба,tubo
376,Haus::N,ригь,casa
377,Haus::N,рукъзал,casa
378,Heim::N,рукъ,hogar
379,Ofen::N,печь,estufa
380,Fußboden::N,чӏабар,suelo
381,Tisch::N,стол,mesa
382,Stuhl::N,бакӏу,silla
383,Wiege::N,кини,cuna
384,Bett::N,кровать,cama
385,Regal::N,хъарщи,estantería
386,Kiste::N,ящик,caja
387,Kiste::N,тӏалагъуд,caja
388,Fenster::N,гордо,ventana
389,Tür::N,нуцӏа,puerta
390,Tor::N,каву,puerta
391,Zaun::N,раци,valla
392,Zaun::N,раци,cercado
393,Dach::N,тӏох,techo
394,Dach::N,тӏох,tejado
395,Leiter::N,мали,escalera
396,Besen::N,жул,escoba
397,Spaten::N,бел,pala
398,Schaufel::N,раххан,pala
399,Schaufel::N,раххан,paleta
400,Gabel::N,гӏучӏ,tenedor
401,Löffel::N,гъуд,cuchara
402,Messer::N,нус,cuchillo
403,Nagel::N,магӏ,clavo
404,Netz::N,гьин,red
405,Haken::N,гъанцӏа,gancho
406,Haken::N,гъанцӏа,corchete
407,Griff::N,гӏоркь,asa
408,Griff::N,гӏоркь,mango
409,Schloss::N,кӏулал,cerradura
410,Bild::N,сурат,imagen
411,Puppe::N,нани,muñeca
412,Beutel::N,таргьа,bolsa
413,Bündel::N,къай,haz
414,Tasche::N,сумка,bolso
415,Tasche::N,къвачӏа,bolso
416,Eimer::N,ведро,cubo
417,Deckel::N,тӏалъел,tapa
418,Deckel::N,тӏалъел,tapadera
419,Deckel::N,дадитӏалъел,tapa
420,Deckel::N,дадитӏалъел,tapadera
421,Geschirr::N,цӏарагӏ,vajilla
422,Sack::N,хъап,saco
423,Sack::N,къандалъо,saco
424,Tasse::N,чашка,taza
425,Topf::N,хьаг,olla
426,Topf::N,хьаг,marmita
427,Kessel::N,хьаг,caldera
428,Kessel::N,гереги,caldera
429,Essen::N,тӏагӏам,comida
430,Nahrung::N,квен,alimento
431,Speise::N,квен,plato
432,Fleisch::N,гьан,carne
433,Getreide::N,бугӏа-ролъ,cereales
434,Getreide::N,могьолабл_культураби,cereales
435,Brei::N,карщ,puré
436,Brei::N,карщ,papilla
437,Brot::N,чед,pan
438,Scheibe::N,мочӏу,lonja
439,Scheibe::N,мочӏу,rebanada
440,Fett::N,беэнлъи,grasa
441,Butter::N,нах,mantequilla
442,Öl::N,нах,aceite
443,Salz::N,цӏам,sal
444,Suppe::N,чурпа,sopa
445,Honig::N,гьоцӏо,miel
446,Milch::N,рахь,leche
447,Tee::N,чай,té
448,Leder::N,тӏом,cuero
449,Wolle::N,квас,lana
450,Stoff::N,ххам,tela
451,Stoff::N,ххам,tejido
452,Nadel::N,рокӏкӏен,aguja
453,Faden::N,кун,hilo
454,Knopf::N,маргъал,botón
455,Knoten::N,гарацӏ,nudo
456,Farbe::N,релъен,pintura
457,Kleidung::N,ретӏел,ropa
458,Kleidung::N,ретӏел,vestidos
459,Hemd::N,гурде,camisa
460,Kragen::N,габур,cuello
461,Ärmel::N,къвал,manga
462,Hose::N,тӏажу,pantalón
463,Gürtel::N,рачел,cinturón
464,Mütze::N,тӏагъур,gorro
465,Stiefel::N,этек,bota
466,Stiefel::N,чакма,bota
467,Ring::N,баргъич,anillo
468,Band::N,лента,cinta
469,Kamm::N,гьоркьо,peine
470,Spiegel::N,матӏу,espejo
471,Riemen::N,рижу,correa
472,Decke::N,одея́ло,manta
473,Kissen::N,къандалъо,almohada
474,Tuch::N,квархьи,pañuelo
475,Handtuch::N,беркӏалрацӏцӏ,toalla
476,Kraft::N,гуч,fuerza
477,Kraft::N,къуват,fuerza
478,Stärke::N,хӏалкӏвей,fuerza
479,Gesundheit::N,сахлъи́,salud
480,Krankheit::N,унти,enfermedad
481,Krankheit::N,щокълъи,enfermedad
482,Schmerz::N,унти,dolor
483,Wunde::N,ругъун,llaga
484,Wunde::N,ругъун,herida
485,Fieber::N,цӏа-кан,fiebre
486,Arznei::N,дару,medicina
487,Arznei::N,дару,medicamento
488,Brücke::N,кьо,puente
489,Brunnen::N,гъуй,pozo
490,Weide::N,рицӏцӏ,pasto
491,Weide::N,лъичӏирма,pasto
492,Weide::N,гӏурдаллъи,pasto
493,Weide::N,ри́цӏигъветӏ,pasto
494,Weide::N,рицӏцӏигъветӏ,pasto
495,Pfad::N,сухъмахъ,sendero
496,Weg::N,нух,camino
497,Straße::N,нух,vía
498,Straße::N,нух,carretera
499,Dorf::N,росу,aldea
500,Dorf::N,росу,pueblo
501,Stadt::N,шагьар,ciudad
502,Brief::N,кагъат,carta
503,Brief::N,рисалат,carta
504,Buch::N,тӏехь,libro
505,Buchstabe::N,хӏарп,letra
506,Buchstabe::N,хӏарп,carácter
507,Zeitung::N,газет,diario
508,Zeitung::N,газет,periódico
509,Leben::N,яшав,vida
510,Tod::N,хвел,muerte
511,Grab::N,хоб,tumba
512,Grab::N,хоб,sepulcro
513,Kirche::N,килиса,iglesia
514,Sünde::N,хӏакъ,pecado
515,Sünde::N,мунагь,pecado
516,Gott::N,бичас,dios
517,Gott::N,аллагь,dios
518,Arbeiter::N,хӏалтӏухъан,obrero
519,Arbeiter::N,хӏалтӏухъан,trabajador
520,Chef::N,хӏаким,jefe
521,Chef::N,начальник,jefe
522,Meister::N,устар,maestro
523,Meister::N,мастер,maestro
524,Meister::N,махщалилав,maestro
525,Arzt::N,жайрахӏ,médico
526,Lehrer::N,мугӏалим,profesor
527,Geld::N,гӏарац,dinero
528,Laden::N,тукен,tienda
529,Preis::N,багьа,precio
530,Ware::N,къайи,mercancía
531,Nutzen::N,мунпагӏат,provecho
532,Reichtum::N,бечелъи,riqueza
533,Welt::N,дуниял,mundo
534,Land::N,улка,país
535,Land::N,икълим,país
536,Staat::N,пачалихъ,Estado
537,König::N,пача,rey
538,König::N,малик,rey
539,König::N,къирал,rey
540,König::N,падишагь,rey
541,Macht::N,кверщел,poder
542,Macht::N,кверщел,potencia
543,Grenze::N,гӏорхъи,frontera
544,Krieg::N,рагъ,guerra
545,Feind::N,тушман,enemigo
546,Gewalt::N,зулму,violencia
547,Kampf::N,къеркьей,lucha
548,Kampf::N,къеркьей,combate
549,Bogen[Waffe]::N,газаргъо,arco
550,Pfeil::N,чӏор,flecha
551,Gewehr::N,туманкӏ,fusil
552,Gewehr::N,туманкӏ,escopeta
553,Fehler::N,гъалатӏ,error
554,Lüge::N,гьереси,mentira
555,Schaden::N,зиян,daño
556,Schaden::N,зарал,daño
557,Unglück::N,балагь,desgracia
558,Schuld::N,гӏайиб,culpa
559,Alter::N,гӏумру,edad
560,Schluss::N,ахир,fin
561,Schluss::N,ахир,final
562,Zeit::N,заман,tiempo
563,Tag::N,къо,día
564,Morgen::N,радалмех,mañana
565,Mittag::N,къадемех,mediodía
566,Abend::N,релъедамех,noche
567,Nacht::N,сордо,noche
568,Woche::N,анкь,semana
569,Monat::N,моцӏ,mes
570,Jahr::N,сон,año
571,Jahr::N,лъагӏел,año
572,Frühling::N,их,primavera
573,Sommer::N,рии,verano
574,Herbst::N,хасалихълъи,otoño
575,Winter::N,кьин,invierno
576,Januar::N,январь,enero
577,Februar::N,февра́ль,febrero
578,März::N,март,marzo
579,April::N,апрель,abril
580,Mai::N,май,mayo
581,Juni::N,июнь,junio
582,Juli::N,июль,julio
583,August::N,август,agosto
584,September::N,сентябрь,septiembre
585,Oktober::N,октябрь,octubre
586,November::N,ноябрь,noviembre
587,Dezember::N,декабрь,diciembre
588,Montag::N,итни,lunes
589,Dienstag::N,талат,martes
590,Mittwoch::N,арбагӏ,miércoles
591,Donnerstag::N,хамиз,jueves
592,Freitag::N,рузман,viernes
593,Samstag::N,щамат,sábado
594,Sonntag::N,гьатӏан,domingo
595,groß::A,кӏудияб,grande
596,klein::A,гьитӏинаб,pequeño
597,lang::A,халатаб,largo
598,kurz::A,къокъаб,corto
599,breit::A,гӏебаб,ancho
600,schmal::A,къваридаб,estrecho
601,dicht::A,ризаб,denso
602,dick[Gegenstand]::A,бицатаб,grueso
603,dünn::A,тӏеренаб,fino
604,dünn::A,тӏеренаб,delgado
605,fein::A,тӏеренаб,fino
606,fein::A,тӏеренаб,delicado
607,fest::A,къвакӏараб,firme
608,fest::A,къвакӏараб,sólido
609,flach::A,чӏепараб,plano
610,glatt::A,цӏвакараб,liso
611,hart::A,кьварараб,duro
612,weich::A,тамахаб,muelle
613,rund::A,гургинаб,redondo
614,spitz::A,бегӏераб,agudo
615,spitz::A,бегӏераб,apuntado
616,scharf::A,рекӏараб,agudo
617,scharf::A,рекӏараб,afilado
618,stumpf::A,тӏехӏараб,sin filo
619,stumpf::A,рекӏинчӏеб,sin filo
620,schwer::A,бакӏаб,pesado
621,schön::A,берцинаб,bello
622,schön::A,берцинаб,hermoso
623,heiß::A,лагьараб,caluroso
624,warm::A,хинаб,cálido
625,warm::A,хинаб,caliente
626,kalt::A,квачараб,frío
627,kühl::A,квачараб,fresco
628,frisch::A,цӏияб,fresco
629,feucht::A,рагьараб,húmedo
630,nass::A,би́ччараб,mojado
631,trocken::A,бакъвараб,seco
632,leer::A,чӏобогояб,vacío
633,offen::A,рагьараб,abierto
634,geschlossen::A,рахараб-къараб,cerrado
635,sauber::A,бацӏцӏадаб,limpio
636,schmutzig::A,гъизараб,sucio
637,roh::A,хамаб,crudo
638,roh::A,гӏатӏгояб,crudo
639,reif::A,барщараб,maduro
640,lecker::A,тӏагӏамаб,rico
641,lecker::A,тӏагӏамаб,sabroso
642,süß::A,гьуинаб,dulce
643,bitter::A,кьогӏаб,amargo
644,sauer::A,цӏекӏаб,agrio
645,hell::A,канаб,claro
646,dunkel::A,бецӏаб,oscuro
647,schwarz::A,чӏегӏераб,negro
648,weiß::A,хъахӏаб,blanco
649,rot::A,багӏараб,rojo
650,gelb::A,гӏобилаб,amarillo
651,gelb::A,тӏогьилаб,amarillo
652,blau::A,хъахӏилаб,azul
653,grün::A,гӏурччинаб,verde
654,grau::A,накӏкӏуяб,gris
655,bunt::A,къвекӏаб,multicolor
656,bunt::A,чара-гъараб,multicolor
657,billig::A,учузаб,barato
658,teuer::A,хири́яб,caro
659,wertvoll::A,къиматаб,valioso
660,wertvoll::A,къиматаб,precioso
661,blind::A,беццаб,ciego
662,taub::A,гъугъаб,sordo
663,kräftig::A,гучаб,fuerte
664,stark::A,къуватаб,fuerte
665,stark::A,къуватаб,vigoroso
666,schwach::A,гӏажизаб,débil
667,fett::A,кьарияб,obeso
668,schlank::A,чергесаб,esbelto
669,hübsch::A,гьайбатаб,mono
670,hübsch::A,гьайбатаб,guapo
671,böse::A,ракӏквешаб,malo
672,dumm::A,гьагаб,tonto
673,dumm::A,гьагаб,estúpido
674,dumm::A,гӏантаб,tonto
675,dumm::A,гӏантаб,estúpido
676,faul::A,кӏохӏалаб,vago
677,faul::A,кӏохӏалаб,perezoso
678,faul::A,кӏухӏа́лаб,vago
679,faul::A,кӏухӏа́лаб,perezoso
680,fleißig::A,хӏаракатаб,aplicado
681,fleißig::A,хӏаракатаб,diligente
682,geizig::A,къарумаб,avaro
683,klug::A,лумияб,sensato
684,klug::A,лумияб,inteligente
685,geschickt::A,махщел бугев,hábil
686,lieb::A,гӏазизаб,querido
687,lustig::A,кепаб,alegre
688,sanft::A,хӏалимаб,suave
689,sanft::A,хӏере́наб,suave
690,hungrig::A,бакъараб,hambriento
691,krank::A,щокъаб,enfermo
692,krank::A,унтараб,enfermo
693,nackt::A,гӏицӏаб,desnudo
694,nackt::A,чӏанкӏараб,desnudo
695,traurig::A,пашманаб,triste
696,lebendig::A,чӏагояб,vivo
697,lebendig::A,чӏагояб,viviente
698,gut::A,лъикӏаб,bueno
699,schlecht::A,къадараб,malo
700,richtig::A,битӏараб,justo
701,richtig::A,битӏараб,correcto
702,schlimm::A,нажасаб,malo
703,schlimm::A,нажасаб,grave
704,schlimm::A,къабихӏаб,malo
705,schlimm::A,къабихӏаб,grave
706,wahr::A,хӏакъаб,verídico
707,wahr::A,хӏакъаб,verdadero
708,wahr::A,битӏараб,verídico
709,wahr::A,битӏараб,verdadero
710,alt::A,басрияб,viejo
711,neu::A,цӏияб,nuevo
712,ehemalig::A,цебе́госеб,antiguo
713,alt[Lebewesen]::A,хераб,viejo
714,jung::A,тӏинчӏаб,joven
715,jung::A,гӏолохъанаб,joven
716,arm::A,пакъираб,pobre
717,reich::A,бечедаб,rico
718,bekannt::A,лъалеб,conocido
719,berühmt::A,машгьураб,famoso
720,berühmt::A,машгьураб,célebre
721,fremd::A,чияр,extraño
722,verschieden::A,батӏи-батӏияб,diverso
723,verschieden::A,батӏи-батӏияб,distinto
724,verschieden::A,батӏи-батӏияб,diferente
725,nah::A,гӏагарда бугеб,cercano
726,fern::A,рикӏкӏадаб,lejano
727,linker::A,квегӏаб,izquierdo
728,rechter::A,кваранаб,derecho
729,anderer::A,батӏияб,otro
730,erster::A,тӏоцебесеб,primero
731,zweiter::A,кӏиабилеб,segundo
732,dritter::A,лъабабилеб,tercero
733,letzter::A,ахирисеб,último
734,allein::ADV,ялгъузго,a solo
735,auf einmal::ADV,цихӏинтӏаго,de una vez
736,zusammen::ADV,цойида,juntos
737,plötzlich::ADV,цойидасанго,de repente
738,sofort::ADV,гьебсагӏат,en seguida
739,jetzt::ADV,гьанже,ahora
740,heute::ADV,жакъа,hoy
741,morgen::ADV,метер,mañana
742,bald::ADV,гьабсагӏаталъ,pronto
743,bald::ADV,гьабсагӏаталъ,en breve
744,dann::ADV,цинги,luego
745,dann::ADV,цинги,entonces
746,gestern::ADV,сон,ayer
747,einst::ADV,цин,antaño
748,damals::ADV,гьебмехалъ,entonces
749,damals::ADV,гьебмехалда,entonces
750,danach::ADV,цинги,después
751,danach::ADV,хадуса,después
752,vorher::ADV,цебе,antes
753,zuerst::ADV,тӏоцебе,primero
754,einmal::ADV,цинцӏул,una vez
755,einmal::ADV,цихӏин,una vez
756,einmal::ADV,цоцӏул,una vez
757,manchmal::ADV,олоцӏул,a veces
758,oft::ADV,гӏемерго,a menudo
759,oft::ADV,гӏемерго,con frecuencia
760,immer::ADV,кидаго,siempre
761,niemals::ADV,киданиги,jamás
762,hier::ADV,аниб,aquí
763,hierhin::ADV,анибехун,acá
764,von hier::ADV,гьаниса,desde aquí
765,dort::ADV,гьениб,ahí
766,dort::ADV,гьениб,allí
767,dorthin::ADV,гьадаба,allí
768,dorthin::ADV,гьадаба,hacia allí
769,geradeaus::ADV,битӏутӏа,todo derecho
770,vorwärts::ADV,цебехун,adelante
771,rückwärts::ADV,нахъ-нахъ,hacia atrás
772,zurück::ADV,нахъе,atrás
773,unten::ADV,ахакь,abajo
774,unten::ADV,гъоркь,abajo
775,hinab::ADV,эхебе,hacia abajo
776,oben::ADV,тӏад,arriba
777,oben::ADV,тӏадехун,arriba
778,hinauf::ADV,эхеде,hacia arriba
779,überall::ADV,кибго,por todas partes
780,ein wenig::ADV,дагьабго,un poco
781,kaum::ADV,хӏалалъ,apenas
782,sehr::ADV,кутакалда,muy
783,sehr::ADV,кутакалда,mucho
784,so::ADV,гьедин,tan
785,noch::ADV,жеги,aún
786,noch::ADV,жеги,todavía
787,nur::ADV,гӏӣцӏго,solamente
788,wieder::ADV,на́хъеги,de nuevo
789,vergebens::ADV,чӏалгӏаде,en vano
790,vor::PRP,цебе,antes de
791,vor::PRP,цебе,delante de
792,hinter::PRP,хадуса,tras
793,hinter::PRP,хадуса,detrás de
794,unter::PRP,ахакь,bajo
795,unter::PRP,ахакь,debajo de
796,unter::PRP,гъоркь,bajo
797,unter::PRP,гъоркь,debajo de
798,neben::PRP,аскӏо,al lado de
799,zwischen::PRP,гьоркьоб,entre
800,wegen::PRP,гьелда,por
801,wegen::PRP,гьелда,a causa de
802,dies::PRN,гьаб,esto
803,dies::PRN,гьеб,esto
804,das::PRN,доб,eso
805,das::PRN,доб,esto
806,ich::PRN,дун,yo
807,du::PRN,дуца,tú
808,er::PRN,доб,él
809,wir::PRN,ниж,nosotros
810,ihr::PRN,нуж,vosotros
811,sie::PRN,дол,ellos
812,sie::PRN,эл,ellos
813,was::FPRN,щиб,qué
814,wer::FPRN,щиб,quién
815,wo::FADV,киб,dónde
816,wo::FADV,кибехун,dónde
817,wohin::FADV,кибехун,adónde
818,wohin::FADV,кибехун,hacia dónde
819,wie::FADV,кин,cómo
820,warum::FADV,щай,por qué
821,wieviel::FNUM,кигӏан,cuánto
822,eins::NUM,цо,uno
823,zwei::NUM,кӏиго,dos
824,drei::NUM,лъабго,tres
825,vier::NUM,ункъо,cuatro
826,fünf::NUM,щуго,cinco
827,sechs::NUM,анлъго,seis
828,sieben::NUM,анкьго,siete
829,acht::NUM,микьго,ocho
830,neun::NUM,ичӏго,nueve
831,zehn::NUM,анцӏго,diez
832,elf::NUM,анцӏила цо,once
833,zwölf::NUM,кӏиго-анцӏила,doce
834,zwanzig::NUM,къого,veinte
835,dreißig::NUM,лъеберго,treinta
836,vierzig::NUM,кӏикъого,cuarenta
837,fünfzig::NUM,кӏикъо́ялда анцӏго,cincuenta
838,sechzig::NUM,лъабкъого,sesenta
839,siebzig::NUM,лъабкъо́ялда анцӏго,setenta
840,achtzig::NUM,ункъого,ochenta
841,neunzig::NUM,ункъоялда а́нцӏила,noventa
842,hundert::NUM,нусго,cien
843,hundert::NUM,нусго,ciento
844,tausend::NUM,азарго,mil
845,und::CNJ,ва,y
846,und::CNJ,-ги,y
847,oder::CNJ,ялъуни,o
848,stehen::V,бахъунчӏезе,estar de pie
849,sitzen::V,гӏодов чӏезе,estar sentado
850,liegen::V,бегизе,yacer
851,liegen::V,бегизе,estar acostado
852,hängen::V,базе,pender
853,werden::V,бахъине,hacerse
854,passieren::V,лъугьине,suceder
855,passieren::V,лъугьа-бахъине,suceder
856,beginnen::V,байбихьизе,iniciarse
857,beginnen::V,байбихьизе,principiar
858,enden::V,лъугӏизе,acabar
859,enden::V,лъугӏизе,terminar
860,wechseln::V,хиса-басизе,variar
861,wechseln::V,хиса-басизе,alternar
862,wechseln::V,хисизе,variar
863,wechseln::V,хисизе,alternar
864,aufgehen[Sonne]::V,баккизе,salir
865,untergehen[Sonne]::V,щинкӏизе,ponerse
866,untergehen[Sonne]::V,щинкӏизе,descender
867,scheinen[Sonne]::V,къалъ-къалъизе,brillar
868,donnern::V,гъугъазе,tronar
869,wehen::V,пуйзе,soplar
870,strömen::V,чвахизе,afluir
871,fließen::V,чвахизе,fluir
872,fließen::V,чвахизе,correr
873,sich drehen::V,сверизе,girar
874,schwanken::V,хьвагӏезе,vacilar
875,schwanken::V,багъа-бачаризе,vacilar
876,schwingen::V,щвартӏезе,oscilar
877,fallen::V,бортизе,caer
878,brennen::V,рекӏине,arder
879,brennen::V,рекӏине,quemar
880,rauchen::V,кӏкӏуй буризе,humear
881,rauchen::V,кӏкӏуй буризе,echar humo
882,regnen::V,базе,llover
883,gefrieren::V,гӏу́низе,helarse
884,tauen::V,биаризе,deshelarse
885,schmelzen::V,биине,fundirse
886,schmelzen::V,биине,derretirse
887,trocknen::V,бакъвазе,secarse
888,sieden::V,гьалдезе,hervir
889,faulen::V,махӏцине,pudrirse
890,verfaulen::V,туризе,pudrirse
891,reißen::V,бихъизе,romperse
892,versinken::V,гъанкъизе,hundirse
893,vergehen::V,базе,pasar
894,vergehen::V,бахъизе,pasar
895,vergehen::V,ине,pasar
896,erscheinen::V,баккизе,aparecer
897,verschwinden::V,къине,desaparecer
898,verschwinden::V,билизе,desaparecer
899,sinken::V,гӏодо́бе ккезе,bajar
900,abnehmen::V,тӏаса камизе,decrecer
901,abnehmen::V,тӏаса камизе,disminuir
902,zunehmen::V,гӏемерлъизе,crecer
903,zunehmen::V,гӏемерлъизе,aumentar
904,steigen::V,бахине,subir
905,steigen::V,бахине,ascender
906,wachsen::V,кӏодолъизе,crecer
907,glänzen::V,цӏвакизе,brillar
908,glänzen::V,цӏвакизе,resplandecer
909,funkeln::V,паркъезе,chispear
910,lärmen::V,хъудизе,hacer ruido
911,lärmen::V,чӏиргъдизе,hacer ruido
912,läuten::V,кьабизе,sonar
913,läuten::V,кьабизе,repicar
914,klingeln::V,кьабизе,tocar el timbre
915,klirren::V,зваргъизе,tintinear
916,brausen::V,гьалаглъизе,zumbar
917,rauschen::V,шуршудизе,murmurar
918,klingen::V,бахъине,sonar
919,bellen::V,гъанчдезе,ladrar
920,heulen::V,рурудизе,ulular
921,blasen::V,гьохьизе,soplar
922,pfeifen::V,гьещтӏезе,silbar
923,schreien::V,ахӏизе,gritar
924,schreien::V,ахӏдезе,gritar
925,stöhnen::V,зигардизе,gemir
926,zittern::V,дарран,temblar
927,zittern::V,гьаргьадизе,temblar
928,leben::V,бетӏербахъизе,vivir
929,geboren werden::V,лъугьине,nacer
930,atmen::V,хӏухьел биччазе,respirar
931,trinken::V,гьекъезе,beber
932,essen::V,квине,comer
933,essen::V,кваназе,comer
934,schlucken::V,кӏкӏвине,tragar
935,schlucken::V,къулчӏизе,tragar
936,müde werden::V,сваказе,cansarse
937,müde werden::V,сваказе,fatigarse
938,einschlafen::V,кьижизе,dormirse
939,einschlafen::V,гъапуллъизе,dormirse
940,schlafen::V,кьижизе,dormir
941,aufwachen::V,бигьине,despertarse
942,aufstehen::V,бахъине,levantarse
943,aufstehen::V,тӏадебахъине,levantarse
944,sich erholen::V,хьи бахъизе,reposar
945,sich erholen::V,хьи бахъизе,descansar
946,sich erholen::V,хӏалхьи гьабизе,reposar
947,sich erholen::V,хӏалхьи гьабизе,descansar
948,krank werden::V,унтизе,caer enfermo
949,krank sein::V,унтизе,estar enfermo
950,schmerzen::V,унтизе,doler
951,husten::V,хъегӏизе,toser
952,genesen::V,лъилъизе,convalecer
953,genesen::V,лъилъизе,restablecerse
954,sterben::V,хвезе,morir
955,umkommen::V,гьалаглъизе,perecer
956,sich bewegen::V,багъаризе,moverse
957,sich bewegen::V,багъаргъизе,moverse
958,sich rühren::V,багъаризе,rebullir
959,sich erheben::V,тӏадебахъине,levantarse
960,sich erheben::V,бахъине,levantarse
961,sich setzen::V,гӏодов чӏезе,sentarse
962,hinfallen::V,щапизе,caerse
963,laufen::V,хьвадизе,andar
964,schreiten::V,чӏезе,proceder
965,spazierengehen::V,тира-сверизе,pasear
966,spazierengehen::V,тира-сверизе,pasearse
967,eilen::V,ракӏхӏалакине,correr prisa
968,eilen::V,дуризе,correr prisa
969,sich beeilen::V,дуризе,darse prisa
970,sich beeilen::V,гӏедегӏизе,darse prisa
971,sausen::V,тӏуризе,correr
972,rennen::V,бекеризе,correr
973,springen::V,кӏанцӏизе,saltar
974,klettern::V,хархадизе,trepar
975,klettern::V,хархадизе,escalar
976,schaukeln::V,гьерщезе,bambolearse
977,kriechen::V,хъурщизе,reptar
978,kriechen::V,хъурщизе,arrastrarse
979,schwimmen::V,лъедезе,nadar
980,tauchen::V,букъардизе,bucear
981,tauchen::V,букъардизе,sumergirse
982,rudern::V,хазе,remar
983,fahren::V,ине,ir
984,fliegen::V,боржине,volar
985,gehen::V,ине,ir
986,gehen::V,ине,andar
987,weggehen::V,ине,irse
988,weggehen::V,ине,marcharse
989,abfahren::V,къокъине,salir
990,abfahren::V,къокъине,partir
991,anhalten::V,чӏезе,parar
992,anhalten::V,чӏезе,pararse
993,anhalten::V,тархъизе,parar
994,anhalten::V,тархъизе,pararse
995,anhalten::V,лъалхъизе,parar
996,anhalten::V,лъалхъизе,pararse
997,hineingehen::V,тӏаделъугьине,entrar
998,eintreten::V,лъугьине,entrar
999,kommen::V,бачӏине,venir
1000,ankommen::V,щвезе,llegar
1001,ankommen::V,тӏадебачӏине,llegar
1002,zurückkommen::V,тадбуссине,volver
1003,zurückkommen::V,тадбуссине,regresar
1004,zurückkommen::V,тӏадбуссине,volver
1005,zurückkommen::V,тӏадбуссине,regresar
1006,bleiben::V,чӏезе,quedarse
1007,bleiben::V,хутӏизе,quedarse
1008,warten::V,чӏезе,esperar
1009,erwarten::V,балагьизе,esperar
1010,suchen::V,балагьизе,buscar
1011,finden::V,батизе,hallar
1012,finden::V,батизе,encontrar
1013,versuchen::V,хӏалбихьизе,intentar
1014,vorbereiten::V,хӏадурлъизабизе,preparar
1015,lieben::V,балай бегьизе,amar
1016,lieben::V,балай бегьизе,querer
1017,mögen::V,бокьизе,querer
1018,lachen::V,белъизе,reír
1019,weinen::V,гӏодизе,llorar
1020,schimpfen::V,гъанчдезе,regañar
1021,sich ärgern::V,вагъизе,enfadarse
1022,sich ärgern::V,ццида́хине,enfadarse
1023,sich fürchten::V,хӏинкъизе,tener miedo
1024,fürchten::V,беркъазе,temer
1025,fürchten::V,беркъазе,tener miedo a
1026,fürchten::V,хӏинкъа-къазе,temer
1027,fürchten::V,хӏинкъа-къазе,tener miedo a
1028,fliehen::V,лъутизе,huir
1029,flüchten::V,лъутизе,escaparse
1030,sehen::V,бихьизе,ver
1031,anschauen::V,бертӏамизе,mirar
1032,anschauen::V,балагьизе,mirar
1033,ansehen::V,бала-гъалагьизе,mirar
1034,hören::V,рагӏизе,oír
1035,zuhören::V,гӏенеккизе,escuchar
1036,probieren::V,кӏалдиб хъва́зе,probar
1037,probieren::V,кӏалдиб хъва́зе,degustar
1038,probieren::V,чӏамизе,probar
1039,probieren::V,чӏамизе,degustar
1040,riechen::V,су́нтӏизе,oler
1041,fühlen::V,чӏвазе,sentir
1042,zu sehen sein::V,бихьизе,poder verse
1043,vernehmen::V,рагӏизе,oír
1044,vernehmen::V,рагӏизе,percibir
1045,frieren::V,цӏорозе,tener frío
1046,tun::V,гьабизе,hacer
1047,können::V,кӏвезе,poder
1048,können::V,лъазе,poder
1049,wollen::V,бокьизе,querer
1050,anfangen::V,байбихьизе,iniciar
1051,beenden::V,тӏубазабизе,acabar
1052,beenden::V,тӏубазабизе,terminar
1053,beenden::V,лъугӏизабизе,acabar
1054,beenden::V,лъугӏизабизе,terminar
1055,aufhören::V,бахъизе,cesar
1056,gelingen::V,бахъизе,salir bien
1057,geraten::V,бахъизе,salir
1058,geraten::V,бахъизе,dar resultado
1059,öffnen::V,рагьизе,abrir
1060,schließen::V,къазе,cerrar
1061,stellen::V,чӏвазе,poner
1062,stellen::V,чӏвазе,colocar
1063,setzen::V,рекӏинабизе,poner
1064,setzen::V,рекӏинабизе,colocar
1065,setzen::V,гӏодор чӏезаризе,poner
1066,setzen::V,гӏодор чӏезаризе,colocar
1067,legen::V,лъезе,poner
1068,berühren::V,хъвазе,tocar
1069,verbinden::V,хьухьине,unir
1070,verbinden::V,хьухьине,juntar
1071,verbinden::V,бухьине,unir
1072,verbinden::V,бухьине,juntar
1073,bedecken::V,кквезе,tapar
1074,bedecken::V,кквезе,cubrir
1075,aufhängen::V,базе,colgar
1076,anzünden::V,бакизе,encender
1077,anzünden::V,рекӏинабизе,encender
1078,zurücklassen::V,тезе,dejar
1079,verlieren::V,билизабизе,perder
1080,fallen lassen::V,бортизабизе,dejar caer
1081,machen::V,гьабизе,hacer
1082,herstellen::V,гьабизе,fabricar
1083,herstellen::V,хӏадурлъизабизе,fabricar
1084,bauen::V,базе,construir
1085,bauen::V,гьабизе,construir
1086,reparieren::V,къачӏазе,reparar
1087,verbessern::V,лъикӏлъизабизе,mejorar
1088,ändern::V,хисизабизе,mudar
1089,ändern::V,хисизабизе,modificar
1090,graben::V,бухъизе,cavar
1091,beugen::V,хьетӏизабизе,doblar
1092,beugen::V,хьетӏизабизе,inclinar
1093,biegen::V,гьетӏизабизе,doblar
1094,drehen::V,тиризабизе,volver
1095,drehen::V,тиризабизе,hacer girar
1096,drehen::V,свердизабизе,volver
1097,drehen::V,свердизабизе,hacer girar
1098,wenden::V,бегизе,volver
1099,umdrehen::V,бегизе,revolver
1100,umdrehen::V,бега-битӏизе,revolver
1101,heben::V,борхизе,levantar
1102,hochheben::V,борхалъизабизе,alzar
1103,hochheben::V,борхизе,alzar
1104,ergreifen::V,кквезе,coger
1105,halten::V,кквезе,tener
1106,drücken::V,къазе,apretar
1107,drücken::V,къанцӏу́зе,apretar
1108,drücken::V,къвал ба́зе,apretar
1109,schieben::V,хъилдизе,empujar
1110,kratzen::V,хачазе,rascar
1111,lecken::V,чӏикӏизе,lamer
1112,beißen::V,хӏанчӏизе,morder
1113,beißen::V,хӏанчӏизабизе,morder
1114,abreißen::V,тӏезе,arrancar
1115,abreißen::V,тӏезабизе,arrancar
1116,abschneiden::V,къотӏизе,cortar
1117,binden::V,бухьине,atar
1118,stecken::V,къазабизе,meter
1119,brechen::V,бекизе,romper
1120,brechen::V,бекизе,quebrar
1121,klopfen::V,дванкезе,golpear
1122,hauen::V,базе,pegar
1123,kleben::V,бацӏцӏине,pegar
1124,kleben::V,бацӏцӏине,encolar
1125,reiben::V,хачазе,frotar
1126,streichen::V,бахине,untar
1127,streichen::V,бахине,recubrir
1128,streichen::V,жужазе,untar
1129,streichen::V,жужазе,recubrir
1130,schleifen::V,лъухьизе,afilar
1131,schneiden::V,къотӏизе,cortar
1132,rütteln::V,багъа-бачаризабизе,agitar
1133,schütteln::V,кӏобокӏизе,agitar
1134,schütteln::V,кӏобокӏизе,sacudir
1135,schwenken::V,гьесадизе,menear
1136,schwenken::V,хьвагӏезабизе,menear
1137,schütten::V,тӏезе,verter
1138,füllen::V,цӏезабизе,llenar
1139,einwickeln::V,жемизе,envolver
1140,tragen::V,баччизе,llevar
1141,schleppen::V,бехъерхъизе,arrastrar
1142,ziehen::V,цӏазе,tirar
1143,aufbewahren::V,цӏунизе,conservar
1144,werfen::V,рехизе,echar
1145,werfen::V,рехизе,lanzar
1146,fangen::V,кквезе,coger
1147,packen::V,кквезе,agarrar
1148,verstecken::V,бахчизе,esconder
1149,teilen::V,бикьизе,partir
1150,teilen::V,бикьизе,dividir
1151,schicken::V,битӏизе,enviar
1152,bringen::V,баччизе,traer
1153,hinzufügen::V,жубазе,añadir
1154,bekommen::V,щвезе,obtener
1155,bekommen::V,щвезе,conseguir
1156,erhalten::V,щвезе,recibir
1157,erhalten::V,босизе,recibir
1158,nehmen::V,босизе,tomar
1159,wählen::V,бищизе,elegir
1160,auswählen::V,тӏасабищизе,escoger
1161,auswählen::V,тӏасабищизе,seleccionar
1162,bewahren::V,цӏунизе,guardar
1163,bewahren::V,цӏунизе,preservar
1164,behindern::V,квекӏен гьабизе,estorbar
1165,behindern::V,квекӏен гьабизе,obstaculizar
1166,verderben::V,хвезабизе,estropear
1167,beschädigen::V,галгъазабизе,deteriorar
1168,zerbrechen::V,щущазабизе,romper
1169,zerbrechen::V,щущазабизе,quebrar
1170,zerreißen::V,бихъизе,desgarrar
1171,zerreißen::V,бихъизе,despedazar
1172,zerstören::V,биххизабизе,destruir
1173,zerstören::V,биххизабизе,destrozar
1174,verbrennen::V,бухӏизе,quemar
1175,geben::V,кьезе,dar
1176,reichen::V,кьезе,pasar
1177,schenken::V,кьезе,regalar
1178,versprechen::V,назру гьабизе,prometer
1179,wünschen::V,бокьизе,desear
1180,loben::V,беццизе,alabar
1181,loben::V,бецца-бекъизе,alabar
1182,küssen::V,баизе,besar
1183,wiegen::V,чӏучӏадизабизе,mecer
1184,zudecken::V,тӏадбигъине,tapar
1185,zudecken::V,тӏадбигъине,cubrir
1186,wecken::V,бигьинабизе,despertar
1187,zeigen::V,бихьизабизе,mostrar
1188,führen::V,бачине,guiar
1189,führen::V,бачине,conducir
1190,lehren::V,малъизе,enseñar
1191,lehren::V,малъизе,instruir
1192,lehren::V,цӏализабизе,enseñar
1193,lehren::V,цӏализабизе,instruir
1194,unterrichten::V,цӏализабизе,enseñar
1195,aufziehen::V,гӏезабизе,criar
1196,leiten::V,нухмалъи гьабизе,guiar
1197,leiten::V,нухмалъи гьабизе,dirigir
1198,antreiben::V,гӏедегӏизабизе,impeler
1199,antreiben::V,гӏедегӏизабизе,impulsar
1200,einladen::V,ахӏизе,invitar
1201,einladen::V,тӏадеахӏизе,invitar
1202,vereinigen::V,цолъизабизе,unir
1203,besuchen::V,баккизе,visitar
1204,besuchen::V,баккизе,ir a ver
1205,besuchen::V,хьвадизе,visitar
1206,besuchen::V,хьвадизе,ir a ver
1207,treffen::V,дандчӏвазе,encontrar
1208,sich versammeln::V,данделъизе,reunirse
1209,sich versammeln::V,данделъизе,congregarse
1210,sich versammeln::V,бакӏаризе,reunirse
1211,sich versammeln::V,бакӏаризе,congregarse
1212,spielen::V,басандизе,jugar
1213,singen::V,ахӏизе,cantar
1214,tanzen::V,кьурдизе,bailar
1215,sich trennen::V,батӏалъизе,separarse
1216,verlassen::V,тезе,dejar
1217,verlassen::V,тезе,abandonar
1218,verlassen::V,рехунтезе,dejar
1219,verlassen::V,рехунтезе,abandonar
1220,retten::V,хвасар гьабизе,salvar
1221,retten::V,хвасарлъизабизе,salvar
1222,bewachen::V,цӏунизе,vigilar
1223,schützen::V,цӏунизе,proteger
1224,verteidigen::V,цӏунизе,defender
1225,sich schlagen::V,багъизе,batirse
1226,schießen::V,речӏчӏизе,tirar
1227,schießen::V,речӏчӏизе,disparar
1228,siegen::V,бергьине,vencer
1229,ärgern::V,вагъизавизе,enojar
1230,ärgern::V,вагъизавизе,enfadar
1231,schlagen::V,кьабизе,pegar
1232,schlagen::V,кьабизе,golpear
1233,treten::V,мал тункизе,dar una patada a
1234,stechen::V,къазабизе,pinchar
1235,stoßen::V,тункизе,empujar
1236,stoßen::V,хъилдизе,empujar
1237,stehlen::V,щинкӏизабизе,robar
1238,stehlen::V,щинкӏизабизе,hurtar
1239,stören::V,квекӏен гьабизе,molestar
1240,stören::V,татубахъи гьабизе,molestar
1241,belästigen::V,рахӏатхвезабизе,molestar
1242,belästigen::V,рахӏатхвезабизе,importunar
1243,verbergen::V,бахчизе,ocultar
1244,verbergen::V,бахчизе,esconder
1245,verbergen::V,балъго тезе,ocultar
1246,verbergen::V,балъго тезе,esconder
1247,täuschen::V,божуда рекӏкӏ гьабизе,engañar
1248,täuschen::V,гуккизе,engañar
1249,betrügen::V,хӏилла гьабизе,engañar
1250,betrügen::V,сандирахълъи гьабизе,engañar
1251,töten::V,чӏвазе,matar
1252,wohnen::V,яшав гьабизе,vivir
1253,wohnen::V,яшав гьабизе,habitar
1254,arbeiten::V,хӏалтӏизе,trabajar
1255,sammeln::V,бакӏаризе,recoger
1256,sammeln::V,бакӏаризе,coleccionar
1257,pflücken::V,бетӏизе,coger
1258,jagen::V,чан гьабизе,cazar
1259,fischen::V,ччугӏа кквезе,pescar
1260,fassen::V,кквезе,atrapar
1261,fassen::V,кквезе,capturar
1262,hüten::V,кваназабизе,guardar
1263,treiben::V,гъезе,aballar
1264,anbinden::V,бухьине,atar
1265,füttern::V,кваназабизе,echar de comer
1266,melken::V,бечӏчӏизе,ordeñar
1267,hacken::V,чӏвазе,picar
1268,hacken::V,чӏвазе,cortar
1269,gießen::V,лъалъазе,regar
1270,reifen::V,барщизе,madurar
1271,zubereiten::V,бежа-белъине,preparar
1272,kochen::V,белъине,cocer
1273,kochen::V,белъине,guisar
1274,backen::V,базе,hornear
1275,backen::V,базе,cocer al horno
1276,braten::V,бежизе,asar
1277,braten::V,бежизе,freír
1278,umrühren::V,багъаризе,remover
1279,stricken::V,хьухьине,hacer punto
1280,stricken::V,хьухьине,hacer calceta
1281,nähen::V,букъизе,coser
1282,färben::V,кьер гьабизе,teñir
1283,färben::V,кьер гьабизе,colorear
1284,reinigen::V,бацӏцӏине,limpiar
1285,waschen::V,чуризе,lavar
1286,abwischen::V,бацӏцӏине,fregar
1287,abwischen::V,бацӏцӏине,limpiar
1288,spülen::V,хулизе,aclarar
1289,spülen::V,хулизе,enjuagar
1290,fegen::V,лъухьизе,barrer
1291,fegen::V,лъухьизе,pasar la escoba
1292,kehren::V,лъухьизе,barrer
1293,baden::V,чордезе,bañarse
1294,ausziehen::V,бахъизе,quitar
1295,ausziehen::V,бахъизе,quitarse
1296,anziehen::V,ретӏине,ponerse
1297,sich anziehen::V,ретӏине,vestirse
1298,kämmen::V,хазе,peinar
1299,schmücken::V,чӏухӏизабизе,adornar
1300,sagen::V,бицине,decir
1301,sprechen::V,бицине,hablar
1302,reden::V,гаргадизе,hablar
1303,reden::V,гаргадизе,conversar
1304,sich unterhalten::V,гаргадизе,charlar
1305,sich unterhalten::V,гаргадизе,conversar
1306,fragen::V,цӏехезе,preguntar
1307,fragen::V,гьикъизе,preguntar
1308,bitten::V,гьаризе,rogar
1309,erzählen::V,бицине,contar
1310,mitteilen::V,лъазабизе,comunicar
1311,mitteilen::V,лъазабизе,participar
1312,nennen::V,цӏар лъезе,llamar
1313,nennen::V,цӏар лъезе,nombrar
1314,rufen::V,ахӏизе,llamar
1315,prahlen::V,беццаризе,jactarse
1316,übersetzen::V,буссинабизе,traducir
1317,denken::V,ургъизе,pensar
1318,glauben::V,божизе,creer
1319,bemerken::V,берречӏчӏизе,notar
1320,erkennen::V,лъазе,reconocer
1321,erkennen::V,батӏаго бахъизе,reconocer
1322,begreifen::V,бичӏчӏизе,concebir
1323,lernen::V,цӏализе,aprender
1324,wissen::V,лъазе,saber
1325,sich erinnern an::V,ракӏалде щвезе,recordar
1326,sich erinnern an::V,ракӏалде щвезе,acordarse de
1327,vergessen::V,кӏочене,olvidar
1328,messen::V,борцине,medir
1329,zählen::V,рикӏкӏине,contar
1330,rechnen::V,рикӏкӏине,contar
1331,rechnen::V,рикӏкӏине,calcular
1332,lesen::V,цӏализе,leer
1333,malen::V,бахъизе,pintar
1334,zeichnen::V,бахъизе,dibujar
1335,schreiben::V,хъвазе,escribir
1336,besitzen::V,щвезе,poseer
1337,besitzen::V,бу́кӏине,poseer
1338,kaufen::V,босизе,comprar
1339,verkaufen::V,бичизе,vender
1340,bezahlen::V,кьезе,pagar
1341,zahlen::V,кьезе,pagar
1342,ertragen::V,баччизе,soportar
1343,Auge::N,,ojo
1344,Sehne::N,,tendón
1345,Funke::N,,chispa
1346,Moor::N,,turbera
1347,Elch::N,,alce
1348,Beere::N,,baya
1349,Gedächtnis::N,,memoria
1350,Ton::N,,tono
1351,Winkel::N,,ángulo
1352,Menge::N,,cantidad
1353,Stütze::N,,sostén
1354,Stütze::N,,soporte
1355,Figur::N,,figura
1356,Schuh::N,,zapato
1357,Schnur::N,,cuerda
1358,Leine::N,,correa
1359,Geschäft::N,,negocio
1360,voll::A,,lleno
1361,lange::ADV,,mucho tiempo
1362,später::ADV,,más tarde
1363,nicht::ADV,,no
1364,schon::ADV,,ya
1365,durch::PRP,,por
1366,durch::PRP,,a través de
1367,alles::PRN,,todo
1368,rühren::V,,conmover
1369,scheinen::V,,parecer
1370,aufheben::V,,recoger
1371,lassen::V,,hacer
1372,sich waschen::V,,lavarse
1373,verstehen::V,,entender
1374,verstehen::V,,comprender
1375,beherrschen::V,,dominar
