,Concept_ID,br,os
0,Auge::N,lagad,цӕст
1,Ohr::N,skouarn,хъус
2,Nase::N,fri,фындз
3,Mund::N,genoù,дзых
4,Zahn::N,dant,дӕндаг
5,Zunge::N,teod,ӕвзаг
6,Lippe::N,muzell,был
7,Wange::N,chot,рус
8,Wange::N,chot,уадул
9,Wange::N,chot,ӕхсӕрфарс
10,Gesicht::N,dremm,цӕсгом
11,Stirn::N,tal,ных
12,Haar::N,blev,хил
13,Schnurrbart::N,mourenn,рихи
14,Bart::N,barv,зачъе
15,Kinn::N,groñj,роцъо
16,Kiefer[Anatomie]::N,javed,ӕфсӕр
17,Kehle::N,gouzoug,хъуыр
18,Hals::N,gouzoug,къубал
19,Genick::N,choug,къӕбут
20,Kopf::N,penn,сӕр
21,Rücken::N,kein,фӕсонтӕ
22,Bauch::N,kof,гуыбын
23,Nabel::N,begel,бикъ
24,Busen::N,bronn,дзидзи
25,Brust::N,bruched,риу
26,Schulter::N,skoaz,уӕхск
27,Arm::N,brec'h,цонг
28,Ellenbogen::N,ilin,рæмбын
29,Hand::N,dorn,къух
30,Handfläche::N,palv,армытъӕпӕн
31,Finger::N,biz,ӕнруылдз
32,Fingernagel::N,ivin,ных
33,Nagel[Anatomie]::N,ivin,ных
34,Zeh::N,biz-troad,къух
35,Fuß::N,troad,фад
36,Ferse::N,seul,зӕвӕт
37,Knie::N,glin,уӕраг
38,Oberschenkel::N,morzhed,агъд
39,Bein::N,gar,зӕнг
40,Körper::N,korf,буар
41,Haut::N,kroc'hen,царм
42,Blut::N,gwad,туг
43,Ader::N,gwazhi,дадзин
44,Ader::N,gwazhi,тугдадзин
45,Sehne::N,stir,хъиутæ
46,Sehne::N,stir,нуар
47,Knochen::N,askorn,стӕг
48,Gehirn::N,empenn,магъз
49,Herz::N,kalon,зӕрдӕ
50,Magen::N,stomog,ахсӕн
51,Leber::N,avu,игæр
52,Atem::N,anal,улӕфт
53,Hunger::N,naon,стонг
54,Träne::N,daer,цæссыг
55,Geschmack::N,blaz,ад
56,Geruch::N,c'hwezh,смаг
57,Schlaf::N,kousked,хуыссӕг
58,Traum::N,hune,фын
59,Himmel::N,oabl,арв
60,Himmel::N,oabl,уӕларв
61,Sonne::N,heol,хур
62,Mond::N,loar,мӕй
63,Stern::N,steredenn,стъалы
64,Luft::N,aer,уӕлдӕф
65,Wind::N,avel,дымгӕ
66,Welle::N,houlenn,уылӕн
67,Wasser::N,dour,дон
68,Stein::N,maen,дур
69,Boden::N,tachenn,зӕхх
70,Erde::N,douar,сыджыт
71,Staub::N,poultr,рыг
72,Rauch::N,moged,фӕздӕг
73,Funke::N,ful,цӕхӕр
74,Feuer::N,tan,зынг
75,Licht::N,gouloù,рухс
76,Schatten::N,disheol,аууон
77,Wetter::N,amzer,боныхъӕд
78,Nebel::N,brumenn,мигъ
79,Wolke::N,koumoulenn,ӕврагъ
80,Regen::N,glav,уарын
81,Schnee::N,erc'h,мит
82,Eis::N,skorn,их
83,Frost::N,rev,ихæн
84,Kälte::N,yen,уазал
85,Hitze::N,tommder,ӕнтӕф
86,Raureif::N,frim,халас
87,Regenbogen::N,gwareg-ar-glav,арвырон
88,Regenbogen::N,gwareg-ar-glav,арвырдын
89,Donner::N,kurun,æрвнæрын
90,Strömung::N,red,цыд
91,Tropfen::N,bannac'h,æртах
92,Tropfen::N,takenn,æртах
93,Schaum::N,spoum,фынк
94,Schmutz::N,fank,цъыф
95,See::N,lenn,цад
96,Sumpf::N,gwern,цъыфдзаст
97,Moor::N,taouarc'heg,цъыфдзаст
98,Wiese::N,prad,уыгӕрдӕн
99,Wald::N,koad,хъӕд
100,Hügel::N,torgenn,обау
101,Hügel::N,torgenn,къуыбыр
102,Anhöhe::N,run,уæлвæз
103,Anhöhe::N,run,уæлхох
104,Berg::N,menez,хох
105,Gipfel::N,barr,цъупп
106,Höhle::N,kav,лӕгӕт
107,Abhang::N,naou,къул
108,Quelle::N,feunteun,суадон
109,Bach::N,gwazh,мӕсчъыдон
110,Fluss::N,stêr,дон
111,Fluss::N,stêr,цӕугӕдон
112,Ufer::N,ribl,был
113,Küste::N,aod,донбыл
114,Festland::N,douar,сурзæхх
115,Meer::N,mor,денджыз
116,Bucht::N,mor-bihan,донбакæлæн
117,Insel::N,enez,сакъадах
118,Blume::N,bleunienn,дидинӕг
119,Gras::N,geot,кӕрдӕг
120,Wurzel::N,gwrizienn,уидаг
121,Baum::N,gwezenn,бӕлас
122,Stamm::N,kef,хӕтӕл
123,Rinde::N,rusk,цъар
124,Ast::N,barr,арх
125,Zweig::N,bod,къалиу
126,Blatt::N,delienn,сыф
127,Birke::N,bezvenn,бæрз
128,Kiefer[Baum]::N,pinenn,нӕзы
129,Weide[Baum]::N,halegenn,хӕрис
130,Tanne::N,sapenn,наз
131,Horn::N,korn,сыкъа
132,Feder::N,pluñv,сис
133,Fell::N,kreoñ,царм
134,Flügel::N,askell,базыр
135,Klaue::N,skilf,ных
136,Kralle::N,skilf,дзӕмбы
137,Schwanz::N,lost,къӕдзил
138,Ei::N,vi,айк
139,Nest::N,neizh,ахстон
140,Bau::N,douarenn,хуынкъ
141,Tier::N,loen,сырд
142,Tier::N,loen,цӕрӕгой
143,Herde::N,tropell,дзуг
144,Herde::N,tropell,рӕгъау
145,Kuh::N,buoc'h,хъуг
146,Bulle::N,tarv,гал
147,Pferd::N,marc'h,бӕх
148,Schaf::N,dañvad,фыс
149,Schwein::N,pemoc'h,хуы
150,Hund::N,ki,куыдз
151,Katze::N,kazh,гӕды
152,Bär::N,arzh,арс
153,Eichhörnchen::N,gwiñver,æхсæрæг
154,Elch::N,karv-dour,цæгатаг саг
155,Fuchs::N,louarn,рувас
156,Hase::N,gad,тæрхъус
157,Maus::N,logodenn,мыст
158,Wolf::N,bleiz,бирӕгъ
159,Vogel::N,labous,цъиу
160,Vogel::N,labous,маргъ
161,Schwarm::N,nijad,бал
162,Huhn::N,yar,карк
163,Hahn::N,kilhog,уасӕг
164,Gans::N,gwazenn,хъаз
165,Adler::N,erer,цӕргӕс
166,Ente::N,houad,ацц
167,Eule::N,toud, уыг
168,Eule::N,toud,сидахъ
169,Kranich::N,garan,зырнæг
170,Kranich::N,garan,хърихъупп
171,Krähe::N,bran,халон
172,Kuckuck::N,koukoug,гаккук
173,Schwan::N,alarc'h,доныхъаз
174,Fisch::N,pesk,кӕсаг
175,Barsch::N,brell,окунь
176,Hecht::N,beked,хихор кӕсаг
177,Schlange[Tier]::N,naer,калм
178,Wurm::N,preñv,зулкъ
179,Wurm::N,preñv,къуыдыргалм
180,Spinne::N,kevnidenn,хӕлуарӕг
181,Ameise::N,merion,мæлдзыг
182,Laus::N,laouenn,сыст
183,Mücke::N,moustik,къогъо
184,Fliege::N,kelienenn,бындз
185,Schmetterling::N,balafenn,гæлæбу
186,Beere::N,hog,гагадыргъ
187,Apfel::N,aval,фӕткъуы
188,Pilz::N,kabell-touseg,зокъо
189,Pilz::N,kabell-touseg,къозо
190,Zwiebel::N,ognonenn,хъӕдындз
191,Saat::N,had,тауинаг
192,Saat::N,had,мыггаг
193,Korn::N,ed,мыггаг
194,Korn::N,ed,тауинаг
195,Heu::N,foenn,хос
196,Schale::N,peliadur,цъар
197,Falle::N,pech,цъысым
198,Falle::N,pech,къӕппӕг
199,Schlinge::N,krouglas,цасм
200,Asche::N,ludu,фӕнык
201,Asche::N,ludu,ӕртхутӕг
202,Dreck::N,fank,цъыф
203,Eisen::N,houarn,ӕфсӕйнаг
204,Gold::N,aour,сыгъзӕрин
205,Silber::N,arc'hant,ӕвзист
206,Kohle::N,glaou,ӕвзалы
207,Glas::N,gwer,авг
208,Sand::N,traezh,змис
209,Mensch::N,den,лӕг
210,Mensch::N,den,адӕймаг
211,Mensch::N,den,удгоймаг
212,Mann::N,den,лӕг
213,Mann::N,den,нӕлгоймаг
214,Frau::N,maouez,сылгоймаг
215,Kind::N,bugel,сывӕллон
216,Junge::N,paotr,лӕппу
217,Mädchen::N,plac'h,чызг
218,Familie::N,familh,бинонтæ
219,Großvater::N,tad-kozh,фыдыфыд
220,Großvater::N,tad-kozh,мадыфыд
221,Großmutter::N,mamm-gozh,фыды мад
222,Großmutter::N,mamm-gozh,мады мад
223,Eltern::N,kerent,ныййарджытæ
224,Vater::N,tad,фыд
225,Mutter::N,mamm,мад
226,Sohn::N,mab,фырт
227,Tochter::N,merc'h,чызг
228,Bruder::N,breur,ӕфсымӕр
229,Schwester::N,c'hoar,хо
230,Onkel::N,eontr,фыдыфсымӕр
231,Tante::N,moereb,мадыхо
232,Ehemann::N,gwaz,мой
233,Ehefrau::N,gwreg,ус
234,Freude::N,levenez,цин
235,Freude::N,levenez,циндзинад
236,Gelächter::N,c'hoarzherezh,худын
237,Gelächter::N,c'hoarzherezh,худт
238,Gelächter::N,c'hoarzherezh,худæг
239,Glück::N,chañs,амонд
240,Kummer::N,doan,хъыг
241,Wunsch::N,c'hoant,бӕллиц
242,Lust::N,c'hoant,монц
243,Geist::N,spered,уд
244,Gedanke::N,soñj,хъуыды
245,Gedächtnis::N,eñvor,мысæн
246,Gedächtnis::N,eñvor,мысын
247,Gedächtnis::N,eñvor,зæрдылдарын
248,Verstand::N,skiant,зонд
249,Sinn::N,ster,нысаниуæг
250,Grund::N,kaoz,ӕфсон
251,Wahrheit::N,gwirionez,æцæг
252,Gespräch::N,kaozeadenn,ныхас
253,Märchen::N,kaoz korriganez,аргъау
254,Erzählung::N,kontadenn,радзырд
255,Nachricht::N,keloù,уац
256,Neuigkeit::N,kelaouenn,хабар
257,Name::N,anv,ном
258,Rätsel::N,divinatez,уыци-уыци
259,Rätsel::N,divinatez,базон-базон
260,Rede::N,diskour,раныхас
261,Sprache::N,yezh,ӕвзаг
262,Stimme::N,mouezh,хъӕлӕс
263,Wort::N,ger,дзырд
264,Zeichen::N,sin,нысан
265,Ruf::N,galv,сидт
266,Lärm::N,trouz,уынæр
267,Ton::N,ton,мыр
268,Lied::N,kanaouenn,зарӕг
269,Ruhe::N,sioulded,æнцой
270,Leute::N,tud,адӕм
271,Volk::N,pobl,адӕм
272,Arbeit::N,labour,фӕллой
273,Gast::N,kouviad,уазӕг
274,Geschenk::N,prof,хуын
275,Spiel::N,c'hoari,хъазт
276,Gesellschaft::N,kompagnunezh,дзыллæ
277,Gesellschaft::N,kompagnunezh,æхсæнад
278,Gesellschaft::N,kavandad,дзыллæ
279,Gesellschaft::N,kavandad,æхсæнад
280,Hilfe::N,sikour,æххуыс
281,Hilfe::N,sikour,ахъаз
282,Freund::N,mignon,лымӕн
283,Kamerad::N,kamarad,ӕмбал
284,Angelegenheit::N,afer,хъуыддаг
285,Anzahl::N,niver,бӕрц
286,Art::N,sort,хуыз
287,Art::N,sort,хуызад
288,Stück::N,tamm,кæрдих
289,Stück::N,tamm,комдзаг
290,Teil::N,pezh,хай
291,Hälfte::N,hanterenn,æрдæг
292,Hälfte::N,hanterenn,æмбис
293,Kreis::N,kelc'h,зиллакк
294,Kreuz::N,kroaz,дзуар
295,Linie::N,linenn,хахх
296,Strich::N,tenn,хахх
297,Abstand::N,distok,æхсæнуат
298,Entfernung::N,keid,дæрддзæг
299,Entfernung::N,keid,дардцæг
300,Entfernung::N,kehid,дæрддзæг
301,Entfernung::N,kehid,дардцæг
302,Gegend::N,korn-bro,ран
303,Platz::N,plasenn,бууат
304,Ort::N,lec'h,ран
305,Ort::N,lec'h,бынат
306,Seite::N,tu,фахс
307,Mitte::N,kreiz,астӕу
308,Gegenstand::N,tra,дзаума
309,Sache::N,tra,дзаума
310,Rand::N,kantenn,кӕрон
311,Kante::N,kantenn,фӕрск
312,Ecke::N,korn,тигъ
313,Ecke::N,korn,фисын
314,Spitze::N,begell,бырынкъ
315,Ende::N,dibenn,кӕрон
316,Loch::N,toull,хуынкъ
317,Muster::N,tresadenn,нывæфтыд
318,Muster::N,tresadenn,кæдзист
319,Größe::N,ment,ас
320,Länge::N,hirder,дӕргъ
321,Höhe::N,uhelder,бæрзонд
322,Höhe::N,uhelder,бæрзæнд
323,Höhe::N,uhelder,бæрзонддзинад
324,Gewicht::N,pouez,уӕз
325,Menge::N,bern,бӕрц
326,Haufen::N,bern,кӕри
327,Reihe::N,steud,рӕнхъ
328,Boot::N,bag,чема
329,Ruder::N,roeñv,къохар
330,Schlitten::N,trainell,дзоныгъ
331,Ski::N,ski,къахдзоныгътæ
332,Ski::N,ski,лыжæтæ
333,Last::N,karg,уаргъ
334,Gang::N,kerzh,цыд
335,Schritt::N,paz,санчъех
336,Schritt::N,paz,къахдзӕф
337,Norden::N,norzh,цæгат
338,Norden::N,hanternoz,цæгат
339,Süden::N,su,хуссар
340,Süden::N,kreisteiz,хуссар
341,Westen::N,kuzh-heol,ныгуылæн
342,Osten::N,reter,скæсæн
343,Osten::N,sav-heol,скæсæн
344,Holz::N,koad,хъӕдӕрмӕг
345,Brett::N,plankenn,фæйнæг
346,Platte::N,plakenn,къӕй
347,Stütze::N,harp,быцæу
348,Stange::N,sparl,хъил
349,Stock::N,bazh,лӕдзӕг
350,Stab::N,bazh,хъил
351,Rohr::N,tub,хӕтӕл
352,Rohr::N,korz,хӕтӕл
353,Haus::N,ti,хӕдзар
354,Heim::N,kêr,къона
355,Ofen::N,forn,пец
356,Fußboden::N,plañchod,астӕрд
357,Tisch::N,taol,стъол
358,Stuhl::N,kador,бандон
359,Wiege::N,kavell,авдæн
360,Bett::N,gwele,сынтӕг
361,Regal::N,estajerenn,тӕрхӕг
362,Regal::N,estajerenn,уӕлвӕйнӕг
363,Kiste::N,kased,асыкк
364,Fenster::N,prenestr,рудзынг
365,Fenster::N,prenestr,фæрссаг
366,Tür::N,dor,дуар
367,Tor::N,portal,кулдуар
368,Zaun::N,sklotur,æмбонд
369,Zaun::N,sklotur,быру
370,Zaun::N,sklotur,гæрæн
371,Dach::N,toenn,уӕлхӕдзар
372,Leiter::N,skeul,асин
373,Besen::N,skubell,уисой
374,Spaten::N,pal,бел
375,Schaufel::N,pal,æвгæнæн
376,Schaufel::N,pal,кæфой
377,Gabel::N,fourchetez,вилкæ
378,Löffel::N,loa,уидыг
379,Messer::N,kontell,кард
380,Nagel::N,tach,зӕгӕл
381,Netz::N,roued,хыз
382,Haken::N,krog,хæдз
383,Haken::N,krog,хæбырæгъ
384,Griff::N,kemer,фистон
385,Schloss::N,potenn,гуыдыр
386,Bild::N,skeudenn,ныв
387,Figur::N,skeud,кæрдгæныв
388,Figur::N,figur,кæрдгæныв
389,Puppe::N,merc'hodenn,чындз
390,Beutel::N,sac'h,дзӕкъул
391,Bündel::N,feskenn,баст
392,Tasche::N,sac'h,хызын
393,Tasche::N,sac'h,дзæкъул
394,Eimer::N,sailh,къæрта
395,Eimer::N,sailh,чъыбыла
396,Eimer::N,sailh,ведра
397,Deckel::N,pallenn,сæр
398,Deckel::N,pallenn,æмбæрзæн
399,Geschirr::N,listriaj,мигæнæн
400,Geschirr::N,listriaj,мигæнæнтæ
401,Sack::N,sac'h,голлаг
402,Tasse::N,tas,пиала
403,Tasse::N,tas,къус
404,Topf::N,pod,аг
405,Topf::N,pod,чысыл аг
406,Kessel::N,chaodouron,аг
407,Essen::N,pred,хӕрд
408,Nahrung::N,boued,хойраг
409,Speise::N,meuz,хӕринаг
410,Fleisch::N,kig,дзидза
411,Fleisch::N,kig,фыдызгъӕл
412,Getreide::N,ed,халсар
413,Brei::N,yod,кас
414,Brot::N,bara,дзул
415,Scheibe::N,tailhenn,къӕбӕр
416,Fett::N,lard,сой
417,Butter::N,amann,нӕлхӕ
418,Öl::N,eoul,зети
419,Salz::N,holen,цӕхх
420,Suppe::N,soubenn,бас
421,Honig::N,mel,мыд
422,Milch::N,laezh,ӕхсыр
423,Tee::N,te,цай
424,Leder::N,lêr,мæскуы
425,Wolle::N,gloan,фӕсмын
426,Stoff::N,danvez,хъуымац
427,Nadel::N,nadoz,судзин
428,Faden::N,neudenn,ӕндах
429,Knopf::N,bouton,цӕппӕр
430,Knoten::N,skoulm,ӕлхынцъ
431,Farbe::N,liv,ахорæн
432,Kleidung::N,dilhad,дарӕс
433,Hemd::N,roc'hed,хӕдон
434,Kragen::N,gouzoug,æфцæггот
435,Ärmel::N,milgin,дыс
436,Hose::N,bragoù,хæлаф
437,Hose::N,bragoù,æддаг хæлаф
438,Hose::N,bragoù,салбар
439,Gürtel::N,gouriz,рон
440,Mütze::N,boned,худ
441,Schuh::N,botez,басмахъ
442,Stiefel::N,botez,цырыхъхъ
443,Ring::N,gwalenn,къухдарӕн
444,Band::N,bagad,лент
445,Kamm::N,krib,сӕрвасӕн
446,Spiegel::N,melezour,айдæн
447,Spiegel::N,melezour,кæсæн
448,Riemen::N,lerenn,гӕрз
449,Schnur::N,kordenn,бӕндӕн
450,Leine::N,roll,
451,Decke::N,golo,хъӕццул
452,Kissen::N,goubenner,баз
453,Tuch::N,mezher,кæлмæрзæн
454,Tuch::N,mezher,кæрдæн
455,Handtuch::N,toailhon,хисæрфæн
456,Kraft::N,nerzh,тых
457,Kraft::N,nerzh,хъомыс
458,Stärke::N,nerzhder,тых
459,Stärke::N,nerzhder,æхсар
460,Gesundheit::N,yec'hed,æнæниздзинад
461,Krankheit::N,klañved,низ
462,Krankheit::N,klañved,рын
463,Schmerz::N,poan,рис
464,Schmerz::N,droug,рис
465,Wunde::N,gloazadenn,цӕф
466,Fieber::N,terzhienn,ризӕг
467,Fieber::N,terzhienn,тӕфсӕг
468,Arznei::N,louzoù,хос
469,Brücke::N,pont,хид
470,Brunnen::N,puñs,цъай
471,Weide::N,prad,хизæн
472,Weide::N,prad,хизæнуат
473,Weide::N,prad,сæрвæт
474,Pfad::N,gwenodenn,къахвæндаг
475,Pfad::N,gwenodenn,къахвæд
476,Weg::N,hent,фӕндаг
477,Straße::N,ru,фӕндаг
478,Straße::N,hent,фӕндаг
479,Dorf::N,kêr,хъӕу
480,Dorf::N,kêriadenn,хъӕу
481,Stadt::N,kêr,сахар
482,Brief::N,lizher,фыстӕг
483,Buch::N,levr,чиныг
484,Buchstabe::N,lizherenn,дамгъӕ
485,Zeitung::N,kazetenn,газет
486,Leben::N,buhez,цард
487,Leben::N,buhez,цӕрӕнбон
488,Tod::N,marv,мæлæт
489,Tod::N,marv,адзал
490,Grab::N,bez,ингӕн
491,Kirche::N,iliz,аргъуан
492,Sünde::N,pec'hed,тæригъæд
493,Gott::N,doue,хуыцау
494,Arbeiter::N,labourer,кусæг
495,Arbeiter::N,micherour,кусæг
496,Chef::N,penn,ӕмцег
497,Meister::N,mestr,мастер
498,Meister::N,mestr,дæсны
499,Arzt::N,mezeg,хосгæнæг
500,Arzt::N,mezeg,дохтыр
501,Arzt::N,medisin,хосгæнæг
502,Arzt::N,medisin,дохтыр
503,Lehrer::N,skolaer,ахуыргæнæг
504,Lehrer::N,kelenner,ахуыргæнæг
505,Geld::N,arc'hant,ӕхца
506,Geschäft::N,stal,бизнес
507,Geschäft::N,stal,хъуыддаг
508,Laden::N,stal,дукани
509,Preis::N,priz,аргъ
510,Ware::N,marc'hadourezh,базайраг
511,Nutzen::N,gounidegezh,пайда
512,Nutzen::N,lañs,пайда
513,Nutzen::N,profit,пайда
514,Nutzen::N,spleit,пайда
515,Reichtum::N,pinvidigezh,хъæздыгдзинад
516,Reichtum::N,pinvidigezh,исбон
517,Reichtum::N,pinvidigezh,мулк
518,Welt::N,douar,дуне
519,Land::N,bro,бӕстӕ
520,Staat::N,stad,паддзахад
521,König::N,roue,къарол
522,Macht::N,galloud,хицаудзинад
523,Grenze::N,harzoù,арӕн
524,Krieg::N,brezel,хӕст
525,Feind::N,eneber,знаг
526,Feind::N,eneber,фыдгул
527,Feind::N,eneber,фыдзæрдæ
528,Feind::N,eneber,сон
529,Gewalt::N,tâerder,тыхми
530,Gewalt::N,tâerder,тыхдзинад
531,Kampf::N,kann,хæст
532,Kampf::N,kann,хъæбысæйхæст
533,Kampf::N,kann,тох
534,Bogen[Waffe]::N,gwareg,ӕрдын
535,Pfeil::N,saezh,фат
536,Gewehr::N,fuzuilh,топп
537,Fehler::N,fazi,рӕдыд
538,Lüge::N,gaou,мӕнг
539,Lüge::N,gaou,гӕдыдзинад
540,Schaden::N,gwall,зиан
541,Unglück::N,gwalleur,бæллæх
542,Schuld::N,kablusted,азым
543,Schuld::N,pec'hedigezh,азым
544,Alter::N,oad,кар
545,Schluss::N,diwezh,кæрон
546,Zeit::N,amzer,рӕстӕг
547,Tag::N,deizh,бон
548,Morgen::N,beure,райсом
549,Morgen::N,mintin,райсом
550,Mittag::N,kreisteiz,æмбисбон
551,Abend::N,abardaez,изӕр
552,Nacht::N,noz,ӕхсӕв
553,Woche::N,sizhun,къуыри
554,Monat::N,miz,мӕй
555,Jahr::N,bloaz,аз
556,Jahr::N,bloaz,афӕдз
557,Frühling::N,nevezamzer,уалдзæг
558,Sommer::N,hañv,сӕрд
559,Herbst::N,diskaramzer,фæззæг
560,Winter::N,goañv,зымӕг
561,Januar::N,Genver,январь
562,Februar::N,C'hwevrer,февраль
563,März::N,Meurzh,мартъи
564,April::N,Ebrel,апрель
565,Mai::N,Mae,май
566,Juni::N,Mezheven,июнь
567,Juli::N,Gouhere,июль
568,August::N,Eost,август
569,September::N,Gwengolo,сентябрь
570,Oktober::N,Here,октябрь
571,November::N,Du,ноябрь
572,Dezember::N,Kerzu,декабрь
573,Montag::N,Lun,къуырисæр
574,Dienstag::N,Meurzh,дыццæг
575,Mittwoch::N,Merc'her,æртыццæг
576,Donnerstag::N,Yaou,цыппæрæм
577,Freitag::N,Gwener,майрæмбон
578,Samstag::N,Sadorn,сабат
579,Sonntag::N,Sul,хуыцаубон
580,groß::A,bras,дынджыр
581,klein::A,bihan,гыццыл
582,lang::A,hir,даргъ
583,kurz::A,berr,цыбыр
584,breit::A,ledan,фӕтӕн
585,schmal::A,strizh,нарӕг
586,schmal::A,strizh,уынгӕг
587,dicht::A,stank,бæзджын
588,dicht::A,stank,тар
589,dick[Gegenstand]::A,tev,сӕвджын
590,dünn::A,moan,тæнæг
591,fein::A,munut,лыстӕг
592,fest::A,start,фидар
593,fest::A,start,хъӕддых
594,flach::A,plaen,тъӕпӕн
595,glatt::A,lintr,лӕгъз
596,glatt::A,levn,лӕгъз
597,hart::A,kalet,хъӕбӕр
598,weich::A,blot,фӕлмӕн
599,rund::A,ront,тымбыл
600,spitz::A,poentet,цыргъбырынкъ
601,spitz::A,poentet,цыргъфындз
602,scharf::A,dremm,цыргъ
603,stumpf::A,talsoc'h,къуымых
604,schwer::A,pounner,уӕззау
605,schön::A,kaer,аив
606,schön::A,kaer,рӕсугъд
607,heiß::A,tomm,тӕвд
608,warm::A,tomm,хъарм
609,kalt::A,yen,уазал
610,kühl::A,yen,сатæг
611,kühl::A,yen,уазалгомау
612,frisch::A,fresk,сатæг
613,feucht::A,gleb,уымӕл
614,nass::A,gleb,хуылыдз
615,trocken::A,sec'h,хус
616,voll::A,leun,дзаг
617,voll::A,leun,йедзаг 
618,leer::A,goullo,афтид
619,offen::A,digor,гом
620,geschlossen::A,serr,æхгæд
621,sauber::A,naet,сыгъдæг
622,schmutzig::A,lous,чъиллон
623,roh::A,kriz,хом
624,reif::A,darev,рӕгъӕд
625,lecker::A,lipous,хӕрзад
626,lecker::A,saourus,хӕрзад
627,süß::A,dous,адджын
628,bitter::A,c'hwerv,судзаг
629,sauer::A,trenk,туаг
630,hell::A,sklaer,рухс
631,dunkel::A,teñval,талынг
632,schwarz::A,du,сау
633,weiß::A,gwenn,урс
634,rot::A,ruz,сырх
635,gelb::A,melen,бур
636,blau::A,glas,цъӕх
637,grün::A,gwer,цъӕх
638,grün::A,gwer,кӕрдӕгхуыз
639,grau::A,louet,цъӕх
640,grau::A,louet,фӕныкхуыз
641,bunt::A,liesliv,хъулон
642,bunt::A,liesliv,гæрæм
643,billig::A,marc'had-mat,аслам
644,teuer::A,ker,зынаргъ
645,wertvoll::A,prizius,зынаргъ
646,blind::A,dall,куырм
647,taub::A,bouzar,къуырма
648,kräftig::A,start,домбай
649,kräftig::A,start,тыхджын
650,stark::A,kreñv,тыхджын
651,schwach::A,gwan,ӕнӕбон
652,fett::A,lard,нард
653,schlank::A,sinkl,гуырвидыц
654,schlank::A,sinkl,хæрзконд
655,schlank::A,sinkl,рæхснæг
656,schlank::A,sinkl,сагамад
657,hübsch::A,koant,аив
658,hübsch::A,koant,рӕсугъд
659,böse::A,gwall,фыдзӕрдӕ
660,dumm::A,glep,ӕдылы
661,faul::A,lezirek,зивӕг
662,faul::A,lezirek,зивӕггӕнаг
663,fleißig::A,studius,æнæзивæг
664,fleißig::A,studius,æнувыд
665,geizig::A,tost,чъынды
666,geizig::A,tost,æлгъин
667,geizig::A,tost,мæрддзæст
668,klug::A,speredek,зондджын
669,geschickt::A,dornet,хӕрзарӕхст
670,lieb::A,koant,уарзон
671,lustig::A,laouen,хъӕлдзӕг
672,sanft::A,flour,мынчын
673,hungrig::A,marnaon,ӕххормаг
674,krank::A,klañv,нӕфӕразгӕ
675,nackt::A,noazh,бӕгънӕг
676,traurig::A,trist,ӕрхӕндӕг
677,lebendig::A,bev,цардӕгас
678,gut::A,mad,хорз
679,schlecht::A,fall,цауд
680,schlecht::A,gwall,цауд
681,richtig::A,reizh,раст
682,schlimm::A,gwall,ӕвзӕр
683,wahr::A,gwir,ӕцӕг
684,alt::A,kozh,зӕронд
685,neu::A,nevez,ног
686,ehemalig::A,kozh,раздӕры
687,alt[Lebewesen]::A,kozh,ацӕргӕ
688,jung::A,yaouank,ӕрыгон
689,arm::A,paour,мӕгуыр
690,reich::A,pinvidik,хъӕздыг
691,bekannt::A,anavezet,зонгӕ
692,berühmt::A,brudet,номдзыд
693,fremd::A,dizanav,æцæгæлон
694,verschieden::A,disheñel,æндæр æмæ æндæр
695,verschieden::A,disheñel,алы
696,verschieden::A,disheñel,алыхуызон
697,nah::A,nes,хӕстӕг
698,fern::A,diabell,дард
699,fern::A,diabell,дӕрддаг
700,linker::A,kleiz,галиу
701,rechter::A,dehoù,рахиз
702,anderer::A,all,иннӕ
703,anderer::A,all,ӕндӕр
704,erster::A,kentañ,фыццаг
705,erster::A,kentañ,фыццӕгӕм
706,zweiter::A,eil,дыккаг
707,zweiter::A,eil,дыккæгæм
708,dritter::A,trede,æртыккаг
709,dritter::A,trede,æртыккæгæм
710,letzter::A,diwezhañ,фӕстаг
711,allein::ADV,e-unan,иунæг
712,auf einmal::ADV,ar un dro,уайтагъд
713,auf einmal::ADV,ar un dro,æвиппайды
714,auf einmal::ADV,ar un dro,æваст
715,zusammen::ADV,asambles,иумӕ
716,lange::ADV,pell,бирæ рæстæг
717,plötzlich::ADV,en un taol,æвиппайды
718,plötzlich::ADV,en un taol,æваст
719,sofort::ADV,diouzhtu,уыцы сахат
720,sofort::ADV,diouzhtu,уайтагъд
721,später::ADV,diwezhatoc'h,фæстæдæр
722,jetzt::ADV,bremañ,ныр
723,heute::ADV,hiziv,абон
724,morgen::ADV,arc'hoazh,райсом
725,bald::ADV,hepdale,тагъд
726,bald::ADV,hepdale,рæхджы
727,dann::ADV,a-c'houde,стæй
728,gestern::ADV,dec'h,знон
729,einst::ADV,gwechall,кӕддӕр
730,damals::ADV,neuze,уæд
731,danach::ADV,goude,стæй
732,danach::ADV,goude,уый фæстæ
733,vorher::ADV,diagent,раздæр
734,zuerst::ADV,da gentañ,фыццаг
735,einmal::ADV,ur wech,иу хатт
736,manchmal::ADV,a-wechoù,хатт
737,oft::ADV,alies,арæх
738,immer::ADV,atav,ӕдзух
739,immer::ADV,bepred,ӕдзух
740,niemals::ADV,gwech ebet,никуы
741,niemals::ADV,gwech ebet,никæд
742,hier::ADV,amañ,ам
743,hierhin::ADV,dre amañ,ардӕм
744,von hier::ADV,alemañ,ардыгæй
745,dort::ADV,aze,уым
746,dort::ADV,ahont,уым
747,dorthin::ADV,di,уырдӕм
748,dorthin::ADV,aze,уырдӕм
749,dorthin::ADV,ahont,уырдӕм
750,geradeaus::ADV,war-eeun,æргом
751,vorwärts::ADV,war-raok,размӕ
752,rückwärts::ADV,war-lerc'h,фӕстӕмӕ
753,zurück::ADV,war-dreñv,фӕстӕмӕ
754,unten::ADV,en traoñ,дæлæ
755,unten::ADV,en traoñ,дæлейы
756,unten::ADV,en traoñ,бынæй
757,hinab::ADV,a-izel,дӕлӕмӕ
758,hinab::ADV,a-izel,уырдыгмӕ
759,oben::ADV,en nec'h,уӕле
760,hinauf::ADV,e-krec'h,уӕлӕмӕ
761,überall::ADV,dre-holl,алыран
762,überall::ADV,dre-holl,алкæм
763,überall::ADV,dre-holl,кæмдæриддæр
764,nicht::ADV,ne ... ket,нӕ
765,ein wenig::ADV,un tammig,чысыл
766,kaum::ADV,a-boan,цъус
767,sehr::ADV,-tre,тынг
768,sehr::ADV,-tre,иттӕг
769,sehr::ADV,-kenañ,тынг
770,sehr::ADV,-kenañ,иттӕг
771,so::ADV,evel-se,афтӕ
772,noch::ADV,c'hoazh,ма
773,nur::ADV,hepken,канд
774,nur::ADV,hepken,ӕрмӕст
775,schon::ADV,dija,нырид
776,wieder::ADV,adarre,ногӕй
777,vor::PRP,dirak,разы
778,hinter::PRP,a-drek,фӕстӕ
779,hinter::PRP,a-dreñv,фӕстӕ
780,unter::PRP,dindan,бын
781,durch::PRP,dre,æхсæнты
782,neben::PRP,e-kichen,цур
783,zwischen::PRP,etre,астӕу
784,wegen::PRP,abalamour da,тыххай
785,dies::PRN,hemañ,ай
786,das::PRN,se,уый
787,das::PRN,hennezh,уый
788,alles::PRN,pep tra,алцы
789,alles::PRN,pep tra,æппæтдæр
790,alles::PRN,pep tra,иууылдӕр
791,ich::PRN,me,æз
792,du::PRN,te,ды
793,er::PRN,eñ,уый
794,wir::PRN,ni,мах
795,ihr::PRN,c'hwi,сымах
796,sie::PRN,int,уыдон
797,was::FPRN,petra,цы
798,wer::FPRN,piv,чи
799,wo::FADV,pelec'h,кӕм
800,wohin::FADV,da belec'h,кӕдӕм
801,wie::FADV,penaos,куыд
802,warum::FADV,perak,цӕмӕн
803,wieviel::FNUM,pet,цал
804,eins::NUM,unan,иу
805,zwei::NUM,daou,дыууӕ
806,drei::NUM,tri,ӕртӕ
807,vier::NUM,pevar,цыппар
808,fünf::NUM,pemp,фондз
809,sechs::NUM,c'hwec'h,ӕхсӕз
810,sieben::NUM,seizh,авд
811,acht::NUM,eizh,аст
812,neun::NUM,nav,фараст
813,zehn::NUM,dek,дӕс
814,elf::NUM,unnek,иуæндæс
815,zwölf::NUM,daouzek,дыууадæс
816,zwanzig::NUM,ugent,дыууын
817,dreißig::NUM,tregont,æртын
818,dreißig::NUM,tregont,дæсæмæссæдз
819,vierzig::NUM,daou-ugent,цыппор
820,vierzig::NUM,daou-ugent,цыппур
821,vierzig::NUM,daou-ugent,дыууиссæдзы
822,fünfzig::NUM,hanter-kant,фӕндзай
823,sechzig::NUM,tri-ugent,æхсай
824,sechzig::NUM,tri-ugent,æртиссæдзы
825,siebzig::NUM,dek ha tri-ugent,æвдай
826,siebzig::NUM,dek ha tri-ugent,дæс æмæ æртиссæдзы
827,achtzig::NUM,pevar-ugent,цыппарыссæдзы
828,achtzig::NUM,pevar-ugent,æстай
829,neunzig::NUM,dek ha pevar-ugent,нæуæдз
830,neunzig::NUM,dek ha pevar-ugent,дæс æмæ цыппарыссæдзы
831,hundert::NUM,kant,сӕдӕ
832,tausend::NUM,mil,мин
833,und::CNJ,ha,ӕмӕ
834,oder::CNJ,pe,кӕнӕ
835,stehen::V,bezañ a-sav,лӕууын
836,sitzen::V,azezañ,бадын
837,sitzen::V,bezañ en e goazez,бадын
838,liegen::V,bezañ en e c'hourvez,хуыссын
839,hängen::V,krougañ,ауыгъд уын
840,werden::V,dazonet,суӕвын
841,passieren::V,c'hoarvezout,æрцæуын
842,beginnen::V,stagañ,райдайын
843,enden::V,achuiñ,фæуын
844,wechseln::V,cheñch,ивын
845,aufgehen[Sonne]::V,dirouzañ,скæсын
846,scheinen[Sonne]::V,lugernañ,рухс кӕнын
847,donnern::V,taranal,нæрын
848,wehen::V,c'hwezhañ,дымын
849,strömen::V,deredek,кӕлын
850,fließen::V,redek,цæуын
851,fließen::V,redek,уайын
852,fließen::V,redek,кæлын
853,sich drehen::V,troiñ,зилын
854,schwanken::V,trantellat,æнкъуысын
855,schwingen::V,froumal,æнкъуысын
856,schwingen::V,froumal,змæлын
857,fallen::V,kouezhañ,хауын
858,brennen::V,deviñ,судзын
859,rauchen::V,divogedañ,фæздæг кæнын
860,regnen::V,glavañ,уарын
861,gefrieren::V,reviñ,сӕлын
862,tauen::V,diskornañ,стайын
863,schmelzen::V,teuziñ,тайын
864,trocknen::V,sec'hañ,хус кæнын
865,sieden::V,berviñ,фыцын
866,faulen::V,breinañ,ӕмбийын
867,verfaulen::V,breinañ,бамбийын
868,reißen::V,darnaouiñ,скъуийын
869,versinken::V,sodellañ,дӕлдон_кӕнын
870,vergehen::V,tremen,аивгъуийын
871,erscheinen::V,donet war-wel,разынын
872,verschwinden::V,monet diwar wel,фæтары уын
873,verschwinden::V,monet diwar wel,фæдæлдзæх уын
874,verschwinden::V,monet diwar wel,фесæфын
875,verschwinden::V,monet diwar wel,æрбайсæфын
876,sinken::V,en em izelat,дæлæмæ æрхауын
877,abnehmen::V,nebeutaat,фæкъаддæр уын
878,abnehmen::V,nebeutaat,фæцух уын
879,zunehmen::V,kreskiñ,фæфылдæр уын
880,zunehmen::V,kreskiñ,сбирæ уын
881,zunehmen::V,kreskiñ,сахадын
882,steigen::V,sevel,сыстын
883,wachsen::V,kreskiñ,рӕзын
884,glänzen::V,lugernañ,ӕрттивын
885,funkeln::V,elieniñ,тыбар-тыбур_кӕнын
886,lärmen::V,rabotat,хъæлæба кæнын
887,klirren::V,diridignat,дзыгъал-мыгъул кæнын
888,klirren::V,diridignat,дзæгъ-дзæгъ кæнын
889,klirren::V,sterlinkañ,дзыгъал-мыгъул кæнын
890,klirren::V,sterlinkañ,дзæгъ-дзæгъ кæнын
891,brausen::V,gwegal,абухын
892,rauschen::V,trouzal,
893,klingen::V,seniñ,зæлын
894,klingen::V,seniñ,азæлын
895,klingen::V,seniñ,хъуысын
896,bellen::V,harzhal,рæйын
897,heulen::V,yudal,ниуын
898,blasen::V,c'hwezhañ,фу кӕнын
899,pfeifen::V,c'hwitellat,æхситт кæнын
900,pfeifen::V,c'hwitellat,къуыззитт кæнын
901,schreien::V,huchal,хъӕр кӕнын
902,stöhnen::V,hirvoudiñ,хъæрзын
903,stöhnen::V,hirvoudiñ,дзыназын
904,zittern::V,krenañ,ризын
905,leben::V,bevañ,цӕрын
906,geboren werden::V,genel,райгуырын
907,atmen::V,tennañ e anal,улӕфын
908,trinken::V,evañ,нуазын
909,essen::V,debriñ,хӕрын
910,schlucken::V,lonkañ,ныхъуырын
911,müde werden::V,skuizhañ,бафæллайын
912,müde werden::V,skuizhañ,бафæлмæцын
913,müde werden::V,skuizhañ,сфæлмæцын
914,einschlafen::V,menel kousket,бафынæй уын
915,schlafen::V,kousket,хуыссын
916,schlafen::V,kousket,фынӕй кӕнын
917,aufwachen::V,dihuniñ,райхъал уын
918,aufstehen::V,sevel,стын
919,sich erholen::V,diskuizhañ,фæллад уадзын
920,sich erholen::V,diskuizhañ,улæфын
921,krank werden::V,klañviñ,фӕрынчын уын
922,krank sein::V,bezañ klañv,сӕйын
923,schmerzen::V,skourjezañ,риссын
924,husten::V,pasaat,хуыфын
925,husten::V,peudal,хуыфын
926,genesen::V,pareañ,сдзæбæх уын
927,genesen::V,pareañ,рандидзын
928,genesen::V,pareañ,сæндидзын
929,sterben::V,mervel,мӕлын
930,umkommen::V,perisañ,фесæфын
931,umkommen::V,perisañ,байсæфын
932,umkommen::V,perisañ,бабын уын
933,umkommen::V,perisañ,мард фæуын
934,sich bewegen::V,bouljal,тæлфын
935,sich bewegen::V,bouljal,цæуын
936,sich rühren::V,fiñval,змӕлын
937,sich erheben::V,sevel,стын
938,sich setzen::V,azezañ,сбадын
939,sich setzen::V,mont en e goazez,сбадын
940,hinfallen::V,kouezhañ,ӕрхауын
941,laufen::V,redek,цӕуын
942,laufen::V,redek,рацу-бацу_кӕнын
943,schreiten::V,kerzhet,къахдзæф кæнын
944,schreiten::V,kerzhet,санчъех кæнын
945,schreiten::V,kerzhet,цæуын
946,spazierengehen::V,pourmen,озер кæнын
947,spazierengehen::V,pourmen,тезгъо кæнын
948,eilen::V,hastañ,тагъд кæнын
949,eilen::V,hastañ,тындзын
950,sich beeilen::V,hastañ,тагъд кæнын
951,sich beeilen::V,hastañ,тындзын
952,sausen::V,karzhañ,уайын
953,sausen::V,karzhañ,тæхын
954,rennen::V,redek,згъорын
955,springen::V,lammat,гæпп кæнын
956,springen::V,lammat,сæррæтт кæнын
957,springen::V,lammat,лиуырын
958,klettern::V,krimpat,хилын
959,schaukeln::V,brañsellat,хецъро кæнын
960,schaukeln::V,brañsellat,херыйыл бадын
961,kriechen::V,skrampañ,бырын
962,schwimmen::V,neuial,ленк кӕнын
963,tauchen::V,splujañ,ныгъуылын
964,rudern::V,roeñvat,бæлæгъ тæрын
965,rudern::V,roeñvat,чема тæрын
966,fahren::V,kas,цӕуын
967,fahren::V,bleniañ,цӕуын
968,fliegen::V,nijal,тӕхын
969,gehen::V,mont,цӕуын
970,weggehen::V,mont kuit,ацӕуын
971,abfahren::V,mont kuit,араст уын
972,anhalten::V,chom a-sav,æрлæууын
973,hineingehen::V,monet e-barzh,мидæмæ цæуын
974,eintreten::V,monet e-barzh,бацӕуын
975,kommen::V,dont,æрцæуын
976,ankommen::V,erruout,æрцæуын
977,zurückkommen::V,addonet,раздæхын
978,zurückkommen::V,addonet,фæстæмæ_раздæхын
979,zurückkommen::V,addonet,æрбаздæхын
980,zurückkommen::V,addonet,аздæхын
981,bleiben::V,chom,лӕууын
982,warten::V,gortoz,ӕнхъӕлмӕ кӕсын
983,erwarten::V,gortoz,ӕнхъӕлмӕ кӕсын
984,suchen::V,klask,агурын
985,finden::V,kavout,ссарын
986,versuchen::V,klask,фӕлварын
987,vorbereiten::V,aozañ,бацаттæ кæнын
988,vorbereiten::V,aozañ,æрæввонг кæнын
989,lieben::V,karout,уарзын
990,mögen::V,karout,зæрдæмæ цæуын
991,lachen::V,c'hoarzin,худын
992,rühren::V,tenerañ,зæрдæ суынгæг кæнын
993,weinen::V,gouelañ,кӕуын
994,schimpfen::V,krozal,æлгъитын
995,sich ärgern::V,fachañ,мæсты кæнын
996,sich ärgern::V,en em fachañ,мæсты кæнын
997,fliehen::V,tec'het,лидзын
998,flüchten::V,tuzañ,алидзын
999,sehen::V,gwelet,уынын
1000,anschauen::V,sellout ouzh,акӕсын
1001,ansehen::V,sellout ouzh,кӕсын
1002,hören::V,klevet,хъусын
1003,zuhören::V,selaou,хъусын
1004,probieren::V,blasa,уынын
1005,probieren::V,blasa,аходын
1006,riechen::V,klevet,смудын
1007,fühlen::V,santout,ӕнкъарын
1008,scheinen::V,diskouez bezañ,зынын
1009,zu sehen sein::V,bezañ gwelus,зынын
1010,vernehmen::V,merzhañ,фехъусын
1011,frieren::V,anoued,сийын
1012,tun::V,ober,кӕнын
1013,können::V,gouzout,фӕразын
1014,wollen::V,fellout da,фӕндын
1015,wollen::V,kaout c'hoant da,фӕндын
1016,anfangen::V,kregiñ,райдайын
1017,beenden::V,achuiñ,фӕуын
1018,aufhören::V,paouez,банцайын
1019,aufhören::V,paouez,фенцайын
1020,öffnen::V,digeriñ,гом кӕнын
1021,schließen::V,serriñ,ӕхгӕнын
1022,stellen::V,lakaat,ӕвӕрын
1023,setzen::V,lakaat,сбадын кӕнын
1024,legen::V,lakaat,ӕрӕвӕрын
1025,berühren::V,touch,агайын
1026,verbinden::V,eren,бӕттын
1027,bedecken::V,goloiñ,ӕмбӕрзын
1028,aufhängen::V,istribilhañ,ауындзын
1029,anzünden::V,alumiñ,ссудзын
1030,anzünden::V,c'hwezzañ,ссудзын
1031,aufheben::V,dastum,сисын
1032,zurücklassen::V,lezel,ныууадзын
1033,verlieren::V,koll,фесафын
1034,fallen lassen::V,laoskel,ӕрӕппарын
1035,fallen lassen::V,laoskel,къухтӕй феуӕгъд кӕнын
1036,fallen lassen::V,lezel da gouezhel,ӕрӕппарын
1037,fallen lassen::V,lezel da gouezhel,къухтӕй феуӕгъд кӕнын
1038,machen::V,ober,саразын
1039,herstellen::V,fardañ,сцæттæ кæнын
1040,herstellen::V,fardañ,саразын
1041,bauen::V,sevel,амайын
1042,reparieren::V,adaozañ,æмпъузын
1043,reparieren::V,adaozañ,цалцæг кæнын
1044,verbessern::V,gwellaat,фæхуыздæр кæнын
1045,ändern::V,cheñch,аивын
1046,graben::V,kleuzañ,къахын
1047,beugen::V,plegañ,æркъæдз кæнын
1048,beugen::V,plegañ,æртасын кæнын
1049,biegen::V,krommañ,тасын кӕнын
1050,drehen::V,treiñ,здухын
1051,wenden::V,treiñ,афæлдахын
1052,wenden::V,treiñ,рафæлдахын
1053,umdrehen::V,treiñ,афæлдахын
1054,heben::V,sevel,сдарын
1055,heben::V,sevel,схæцын
1056,hochheben::V,sevel,уæлæмæ хæцын
1057,ergreifen::V,kemer,фӕлӕбурын
1058,halten::V,dalc'hen,дарын
1059,drücken::V,bountañ,æлхъивын
1060,drücken::V,bountañ,хæцын
1061,schieben::V,poulzañ,схойын
1062,kratzen::V,skrabat,хафын
1063,lecken::V,lipat,сдæрын
1064,beißen::V,kregiñ,хæцын
1065,abreißen::V,diframmañ,ратонын
1066,abschneiden::V,troc'hañ,ралыг кӕнын
1067,binden::V,stagañ,бабӕттын
1068,stecken::V,sankañ,ныссадзын
1069,brechen::V,darnaouiñ,асæттын
1070,brechen::V,darnaouiñ,басæттын
1071,brechen::V,darnaouiñ,ныссæттын
1072,klopfen::V,skoiñ,хойын
1073,klopfen::V,skoiñ,гуыпп-гуыпп кæнын
1074,klopfen::V,skoiñ,къуырцц-къуырцц кæнын
1075,hauen::V,dornañ,цӕвын
1076,hauen::V,dornañ,нӕмын
1077,kleben::V,pegañ,ныхасын
1078,kleben::V,pegañ,æндадзын
1079,reiben::V,taravat,сӕрфын
1080,reiben::V,taravat,хафын
1081,reiben::V,trekiñ,сӕрфын
1082,reiben::V,trekiñ,хафын
1083,streichen::V,toazañ,байсæрдын
1084,streichen::V,toazañ,сахорын
1085,schleifen::V,lemmañ,ссын
1086,schleifen::V,lemmañ,цыргъ кӕнын
1087,schneiden::V,troc'hañ,кӕрдын
1088,rütteln::V,tordorosañ,æнкъусын
1089,schütteln::V,hejañ,уигъын
1090,schütten::V,diskargañ,ныккӕнын
1091,füllen::V,kargañ,байдзаг кæнын
1092,einwickeln::V,gronnañ,батухын
1093,tragen::V,dougen,хӕссын
1094,schleppen::V,stlejal,ласын
1095,ziehen::V,sachañ,ласын
1096,aufbewahren::V,miret,æвæрын
1097,werfen::V,teuler,зыввытт кӕнын
1098,fangen::V,tapañ,ӕрцахсын
1099,packen::V,krapat,рацахсын
1100,verstecken::V,kuzhat,æмбæхсын
1101,verstecken::V,kuzhat,нымæхсын
1102,teilen::V,rannañ,уарын
1103,schicken::V,kas,ӕрвитын
1104,bringen::V,degas,æрхæссын
1105,bringen::V,degas,æрбахæссын
1106,hinzufügen::V,lakat ouzhpenn,ӕфтауын
1107,bekommen::V,kaout,ссарын
1108,bekommen::V,kaout,сфæрæз кæнын
1109,bekommen::V,kaout,самал кæнын
1110,erhalten::V,kaout,райсын
1111,nehmen::V,kemer,райсын
1112,wählen::V,choaz,равзарын
1113,auswählen::V,dibab,авзарын
1114,bewahren::V,mirout,бавæрын
1115,bewahren::V,mirout,нывæрын
1116,behindern::V,diaezañ,цæлхдур æвæрын
1117,behindern::V,diaezañ,ныхдур æвæрын
1118,behindern::V,diaezañ,къуылымпы кæнын
1119,behindern::V,diaezañ,хъыг дарын
1120,verderben::V,lovrañ,фесафын
1121,beschädigen::V,gwallegañ,халын
1122,zerbrechen::V,torriñ,асӕттын
1123,zerreißen::V,diroegiñ,аскъуынын
1124,zerstören::V,distrujañ,фехалын
1125,verbrennen::V,deviñ,басудзын
1126,geben::V,reiñ,дӕттын
1127,schenken::V,donezonañ,лæвар кæнын
1128,versprechen::V,prometiñ,дзырд раттын
1129,versprechen::V,prometiñ,зӕрдӕ бавӕрын
1130,wünschen::V,hetiñ,зæрдæ зæгъы
1131,loben::V,feurmiñ,раппӕлын
1132,küssen::V,pokat,пъа кæнын
1133,küssen::V,pokat,ба кæнын
1134,wiegen::V,pouezañ,узын
1135,zudecken::V,goloiñ,бамбӕрзын
1136,wecken::V,dihuniñ,райхъал кӕнын
1137,zeigen::V,diskouez,амонын
1138,führen::V,kas,кӕнын
1139,führen::V,kas,фæкæнын
1140,lehren::V,deskiñ,ахуыр кæнын
1141,unterrichten::V,kelenn,ахуыр кæнын
1142,leiten::V,bleinañ,разамынд дӕттын
1143,antreiben::V,poulzañ,тагъд кæнын
1144,antreiben::V,poulzañ,рог кæнын
1145,lassen::V,leuskel,кæнын
1146,einladen::V,pediñ,ӕрхонын
1147,einladen::V,pediñ,ӕрбахонын
1148,vereinigen::V,unisañ,баиу кӕнын
1149,besuchen::V,gweladenniñ,абæрæг кæнын
1150,besuchen::V,gweladenniñ,бабæрæг кæнын
1151,besuchen::V,gweladenniñ,бауайын
1152,treffen::V,kejal,фембæлын
1153,treffen::V,ankontrañ,фембæлын
1154,sich versammeln::V,bodennañ,æрæмбырд уын
1155,spielen::V,c'hoari,хъазын
1156,singen::V,kanañ,зарын
1157,tanzen::V,dañsal,кафын
1158,sich trennen::V,dispartiañ,фæйнæрдæм фæцæуын айхæлын
1159,verlassen::V,lezel,ныууадзын
1160,retten::V,saveteiñ,фервӕзын кӕнын
1161,bewachen::V,mesa,хъахъхъӕнын
1162,schützen::V,diwall,хъахъхъӕнын
1163,verteidigen::V,difenn,бахизын
1164,sich schlagen::V,lopañ,хыл кæнын
1165,siegen::V,trec'hiñ,басӕттын
1166,siegen::V,trec'hiñ,фӕуӕлахиз уӕвын
1167,ärgern::V,hegasiñ,мӕсты кӕнын
1168,schlagen::V,skeiñ,ныццæвын
1169,treten::V,botaouiñ,
1170,stechen::V,pikat,фæрæхойын
1171,stoßen::V,stokañ,риуыгъын
1172,stehlen::V,laerezh,давын
1173,stören::V,direnkañ,хъыгдарын
1174,belästigen::V,dregasiñ,хъыгдарын
1175,verbergen::V,skoachañ,бамбӕхсын
1176,verbergen::V,skoachañ,басусӕг кӕнын
1177,täuschen::V,tromplañ,фӕливын
1178,täuschen::V,tromplañ,асайын
1179,betrügen::V,lorbañ,асайын
1180,töten::V,lazhañ,амарын
1181,wohnen::V,bezañ o chom,цӕрын
1182,arbeiten::V,labourat,кусын
1183,sammeln::V,dastum,æртонын
1184,pflücken::V,kuntuilhañ,тонын
1185,jagen::V,chaseal,цуан кæнын
1186,fischen::V,pesketa,кæсаг ахсын æнгуырæй
1187,fischen::V,pesketa,æнгуыр дарын
1188,fassen::V,pakañ,ӕрцахсын
1189,hüten::V,geota,хизын
1190,anbinden::V,stagañ,бабæттын
1191,anbinden::V,stagañ,æрбæттын
1192,füttern::V,boueta,холлаг дæттын
1193,füttern::V,boueta,холлаг æвæрын
1194,füttern::V,boueta,дарын
1195,melken::V,goro,дуцын
1196,hacken::V,difrakal,кæрдын
1197,hacken::V,difrakal,лыгтæ кæнын
1198,gießen::V,dourañ,бакалын
1199,reifen::V,azviñ,срæгъæд уын
1200,reifen::V,azviñ,сцæттæ уын
1201,zubereiten::V,keginañ,сцӕттӕ кӕнын
1202,kochen::V,poazhañ,фыцын
1203,backen::V,fritañ,фыцын
1204,braten::V,rostañ,цурын
1205,stricken::V,stammañ,кæнын
1206,stricken::V,stammañ,бийын
1207,nähen::V,gwriat,хуыйын
1208,färben::V,livañ,ахорын
1209,reinigen::V,naetañ,ссыгъдæг кæнын
1210,reinigen::V,naetañ,ныссыгъдæг кæнын
1211,reinigen::V,naetañ,ныссæрфын
1212,waschen::V,gwalc'hiñ,ӕхсын
1213,abwischen::V,torchañ,сӕрфын
1214,spülen::V,disgwalc'hiñ,æнхъæвзын
1215,fegen::V,skubañ,мӕрзын
1216,kehren::V,skubañ,мӕрзын
1217,baden::V,kouronkañ,хи найын
1218,sich waschen::V,en em walc'hiñ,хи æхсын
1219,sich anziehen::V,gwiskañ,дзаума скæнын
1220,sich anziehen::V,gwiskañ,дарæс скæнын
1221,kämmen::V,kribat,ныффасын
1222,kämmen::V,kribat,æрфасын
1223,schmücken::V,kinklañ,фӕлындын
1224,sagen::V,larêt,зæгъын
1225,sagen::V,lavaret,зæгъын
1226,sprechen::V,komz,дзурын
1227,reden::V,kaozeal,ныхас кӕнын
1228,sich unterhalten::V,balbotal,ныхас кæнын
1229,fragen::V,goulenn,фӕрсын
1230,bitten::V,goulenn,курын
1231,erzählen::V,kontañ,радзурын
1232,erzählen::V,kontañ,ратаурæгъ кæнын
1233,mitteilen::V,kemenn,фехъусын кæнын
1234,nennen::V,anviñ,хонын
1235,rufen::V,gelver,сидын
1236,prahlen::V,fougeal,ӕппӕлын
1237,übersetzen::V,treiñ,ратæлмац кæнын
1238,denken::V,soñjal,ӕнхъӕлын
1239,denken::V,soñjal,хъуыды кӕнын
1240,glauben::V,krediñ,уырнын
1241,bemerken::V,apresevañ,фенын
1242,erkennen::V,anavout,базонын
1243,begreifen::V,meizañ,ӕмбарын
1244,begreifen::V,meizañ,бамбарын
1245,verstehen::V,kompren,
1246,lernen::V,deskiñ,ахуыр кӕнын
1247,wissen::V,gouzout,зонын
1248,sich erinnern an::V,kaout soñj e,зæрдыл æрлæууын
1249,sich erinnern an::V,kaout soñj e,æрымысын
1250,sich erinnern an::V,kaout soñj e,æрбаймысын
1251,sich erinnern an::V,kaout soñj e,æрхъуыды кæнын
1252,vergessen::V,ankouaat,ферох кæнын
1253,vergessen::V,ankouaat,айрох кæнын
1254,messen::V,muzuliañ,барын
1255,zählen::V,kontañ,нымайын
1256,rechnen::V,jedañ,хынцын
1257,lesen::V,lenn,кӕсын
1258,lesen::V,lenn,фӕрсын
1259,malen::V,livañ,ныв кӕнын
1260,zeichnen::V,tresañ,ныв кӕнын
1261,schreiben::V,skrivañ,фыссын
1262,besitzen::V,kaout,хицау уын
1263,kaufen::V,prenañ,балхӕнын
1264,verkaufen::V,gwerzhañ,уӕй кӕнын
1265,bezahlen::V,paeañ,бафидын
1266,zahlen::V,paeañ,фидын
1267,beherrschen::V,mestroniañ,æлдариуæг кæнын
1268,ertragen::V,anduriñ,бавзарын
1269,Grube::N,,урм
1270,Grube::N,,къахт
1271,Grube::N,,дзыхъхъ
1272,Spur::N,,фæд
1273,Lehm::N,,ӕлыг
1274,Laut::N,,зӕл
1275,Laut::N,,мыр
1276,Winkel::N,,къуым
1277,Lagerfeuer::N,,арт
1278,vergebens::ADV,,дзæгъæлы
1279,vergebens::ADV,,уæгъды
1280,vergebens::ADV,,æнæхъуаджы
1281,untergehen[Sonne]::V,, аныгуылын
1282,läuten::V,,цæгъдын
1283,klingeln::V,,цæгъдын
1284,sich fürchten::V,,тæрсын
1285,fürchten::V,,тæрсын
1286,gelingen::V,,бантысын
1287,geraten::V,,разынын
1288,schwenken::V,,тилын
1289,schwenken::V,,уигъын
1290,reichen::V,,адæттын
1291,aufziehen::V,,хъомыл кӕнын
1292,schießen::V,,ӕхсын
1293,treiben::V,,скъӕрын
1294,umrühren::V,,ахæццæ кæнын
1295,umrühren::V,,азмæнтын
1296,umrühren::V,,астауын
1297,ausziehen::V,,ласын
1298,anziehen::V,,скæнын
