,Concept_ID,hi,udm
0,Auge::N,आँख,син
1,Auge::N,चक्षु,син
2,Ohr::N,कान,пель
3,Ohr::N,कर्ण,пель
4,Nase::N,नाक,ныр
5,Nase::N,नासा,ныр
6,Mund::N,मुख,ым
7,Mund::N,मुँह,ым
8,Zahn::N,दंत,пинь
9,Zahn::N,दाँत,пинь
10,Zunge::N,जीभ,кыл
11,Zunge::N,ज़बान,кыл
12,Zunge::N,जिह्वा,кыл
13,Lippe::N,ओंठ,ымдур
14,Lippe::N,होंठ,ымдур
15,Wange::N,गाल,бам
16,Wange::N,कपोल,бам
17,Gesicht::N,मुँह,ымныр
18,Gesicht::N,चेहरा,ымныр
19,Stirn::N,माथा,кымес
20,Stirn::N,मस्तक,кымес
21,Haar::N,बाल,йырси
22,Schnurrbart::N,मूँछें,мыйык
23,Bart::N,दाढ़ी,туш
24,Kinn::N,चिबुक,ангес
25,Kiefer[Anatomie]::N,जबड़ा,ан
26,Kiefer[Anatomie]::N,जबड़ा,анлы
27,Kehle::N,गला,гульым
28,Hals::N,गला,чырты
29,Hals::N,गरदन,чырты
30,Genick::N,गरदन,йырбер
31,Genick::N,ग्रीवा,йырбер
32,Kopf::N,सिर,йыр
33,Kopf::N,शीर्ष,йыр
34,Rücken::N,पीठ,мыш
35,Bauch::N,उदर,кӧт
36,Nabel::N,नाभि,гогы
37,Nabel::N,ढोंढी,гогы
38,Busen::N,कुच,ноны
39,Busen::N,स्तन,ноны
40,Brust::N,वक्ष,мӧля
41,Schulter::N,कंधा,пельпум
42,Schulter::N,स्कंध,пельпум
43,Arm::N,बाँह,суй
44,Arm::N,बाज़ू,суй
45,Ellenbogen::N,कुहनी,гырпум
46,Hand::N,हाथ,ки
47,Hand::N,हस्त,ки
48,Handfläche::N,हथेली,ки пыдэс
49,Handfläche::N,हथेली,кырым пыдэс
50,Finger::N,उँगली,чиньы
51,Finger::N,अँगुली,чиньы
52,Fingernagel::N,नख,гижы
53,Fingernagel::N,नख,гиждӥнь
54,Fingernagel::N,नाख़ून,гижы
55,Fingernagel::N,नाख़ून,гиждӥнь
56,Nagel[Anatomie]::N,नख,гижы
57,Nagel[Anatomie]::N,नाख़ून,гижы
58,Zeh::N,उँगली,пыдчиньы
59,Zeh::N,पाँव की उँगली,пыдчиньы
60,Fuß::N,चरण,пыд
61,Fuß::N,पाँव,пыд
62,Ferse::N,एड़ी,пыдбер
63,Knie::N,जानु,пыдес
64,Knie::N,घुटना,пыдес
65,Oberschenkel::N,उरु,макес
66,Bein::N,टाँग,пыд
67,Körper::N,तन,мугор
68,Körper::N,तन,вылтыр
69,Körper::N,देह,мугор
70,Körper::N,देह,вылтыр
71,Körper::N,शरीर,мугор
72,Körper::N,शरीर,вылтыр
73,Haut::N,चर्म,ку
74,Haut::N,त्वचा,ку
75,Blut::N,लहू,вир
76,Blut::N,ख़ून,вир
77,Ader::N,रग,вирсэр
78,Ader::N,शिरा,вирсэр
79,Sehne::N,कंडरा,вуж
80,Sehne::N,स्नायु,вуж
81,Knochen::N,अस्थि,лы
82,Gehirn::N,दिमाग़,вим
83,Gehirn::N,मस्तिष्क,вим
84,Herz::N,दिल,сюлэм
85,Herz::N,हृदय,сюлэм
86,Magen::N,मेदा,ӝуш
87,Magen::N,अमाशय,ӝуш
88,Leber::N,जिगर,мус
89,Leber::N,यकृत्,мус
90,Atem::N,दम,лул
91,Atem::N,दम,шокан
92,Atem::N,साँस,лул
93,Atem::N,साँस,шокан
94,Atem::N,श्वास,лул
95,Atem::N,श्वास,шокан
96,Hunger::N,भूख,кӧтсюман
97,Hunger::N,क्षुधा,кӧтсюман
98,Träne::N,आँसू,синкыли
99,Träne::N,अश्रु,синкыли
100,Geschmack::N,स्वाद,шӧм
101,Geschmack::N,ज़ायक़ा,шӧм
102,Geruch::N,बू,зын
103,Geruch::N,गंध,зын
104,Schlaf::N,नींद,вӧт
105,Schlaf::N,निद्रा,вӧт
106,Traum::N,सपना,уйвӧт
107,Traum::N,स्वप्न,уйвӧт
108,Himmel::N,आकाश,ин
109,Himmel::N,आसमान,ин
110,Sonne::N,रवि,шунды
111,Sonne::N,सूरज,шунды
112,Sonne::N,सूर्य,шунды
113,Mond::N,चाँद,толэзь
114,Mond::N,चंद्र,толэзь
115,Stern::N,तारा,кизили
116,Stern::N,सितारा,кизили
117,Luft::N,हवा,омыр
118,Luft::N,वायु,омыр
119,Wind::N,पाद,тӧл
120,Welle::N,लहर,тулкым
121,Welle::N,तरंग,тулкым
122,Wasser::N,जल,ву
123,Wasser::N,पानी,ву
124,Stein::N,पत्थर,из
125,Boden::N,मिट्टी,музъем
126,Erde::N,भूमि,му
127,Erde::N,ज़मीन,му
128,Staub::N,धूल,пыль
129,Rauch::N,धूआँ,ӵын
130,Rauch::N,धुम्र,ӵын
131,Funke::N,चिनगारी,гизьы
132,Funke::N,स्फुलिंग,гизьы
133,Feuer::N,आग,тыл
134,Feuer::N,आतिश,тыл
135,Feuer::N,अग्नि,тыл
136,Licht::N,रोशनी,тыл
137,Licht::N,प्रकाश,тыл
138,Schatten::N,छाया,вужер
139,Schatten::N,परछाई,вужер
140,Wetter::N,ऋतु,куазь
141,Wetter::N,मौसम,куазь
142,Nebel::N,धुँध,бус
143,Nebel::N,कुहरा,бус
144,Wolke::N,मेघ,пилем
145,Wolke::N,अभ्र,пилем
146,Regen::N,मेंह,зор
147,Regen::N,बारिश,зор
148,Schnee::N,हिम,лымы
149,Schnee::N,बर्फ़,лымы
150,Eis::N,हिम,йӧ
151,Eis::N,बर्फ़,йӧ
152,Frost::N,ठंड,кезьыт
153,Kälte::N,सर्दी,кезьыт
154,Kälte::N,शीतलता,кезьыт
155,Hitze::N,ताप,пӧсь
156,Hitze::N,गरमी,пӧсь
157,Raureif::N,पाला,гӧр
158,Regenbogen::N,इंद्र-धनुष,вуюись
159,Donner::N,गरज,гудыри
160,Donner::N,मेघ-गर्जन,гудыри
161,Strömung::N,बहाव,бызён
162,Strömung::N,प्रवाह,бызён
163,Tropfen::N,बूँद,шапык
164,Schaum::N,झाग,шукы
165,Schmutz::N,गंद,нӧд
166,Schmutz::N,गंद,дэри
167,Schmutz::N,कीचड़,нӧд
168,Schmutz::N,कीचड़,дэри
169,See::N,झील,ты
170,See::N,सरोवर,ты
171,Sumpf::N,दलदल,нюр
172,Sumpf::N,धँसान,нюр
173,Moor::N,झाबर,нюр
174,Moor::N,धँसान,нюр
175,Wiese::N,घास-स्थल,возь
176,Wiese::N,घास-स्थल,возьвыл
177,Wald::N,जंगल,сик
178,Wald::N,जंगल,нюлэс
179,Hügel::N,टीला,выр
180,Hügel::N,टीला,вырйыл
181,Hügel::N,पहाड़,выр
182,Hügel::N,पहाड़,вырйыл
183,Anhöhe::N,टीला,выр
184,Anhöhe::N,टीला,вырйыл
185,Anhöhe::N,पहाड़ी,выр
186,Anhöhe::N,पहाड़ी,вырйыл
187,Berg::N,पहाड़,гурезь
188,Gipfel::N,शिखर,йыл
189,Höhle::N,गुहा,гу
190,Höhle::N,गुफ़ा,гу
191,Abhang::N,ढाल,бам
192,Abhang::N,ढलान,бам
193,Quelle::N,चश्मा,ошмес
194,Bach::N,सोता,пичи шур
195,Bach::N,नदिका,пичи шур
196,Fluss::N,नदी,шур
197,Fluss::N,सरिता,шур
198,Ufer::N,तट,ярдур
199,Ufer::N,किनारा,ярдур
200,Küste::N,समुद्र-तट,вудур
201,Festland::N,महाद्वीप,мувыр
202,Meer::N,सागर,зарезь
203,Meer::N,समुद्र,зарезь
204,Bucht::N,खाड़ी,вукож
205,Insel::N,टापू,вумуӵ
206,Insel::N,टापू,шормуӵ
207,Insel::N,द्वीप,вумуӵ
208,Insel::N,द्वीप,шормуӵ
209,Blume::N,फूल,сяська
210,Blume::N,पुष्प,сяська
211,Gras::N,घास,турын
212,Wurzel::N,मूल,выжы
213,Baum::N,पेड़,пу
214,Baum::N,वृक्ष,пу
215,Stamm::N,धड़,модос
216,Rinde::N,छाल,сул
217,Rinde::N,वल्कल,сул
218,Ast::N,डाल,ул
219,Ast::N,शाखा,ул
220,Zweig::N,टहनी,вай
221,Blatt::N,पत्र,куар
222,Blatt::N,पत्ता,куар
223,Birke::N,भूर्ज,кызьпу
224,Kiefer[Baum]::N,पाइन-वृक्ष,пужым
225,Weide[Baum]::N,बेंत,бадьпу
226,Tanne::N,फ़र,кыз
227,Horn::N,सींग,сюр
228,Horn::N,विषाण,сюр
229,Feder::N,पर,тылы
230,Feder::N,पंख,тылы
231,Fell::N,खाल,ку
232,Fell::N,पशु-चर्म,ку
233,Flügel::N,पंख,бурд
234,Flügel::N,डैना,бурд
235,Klaue::N,पंजा,гижы
236,Kralle::N,पंजा,пыд
237,Kralle::N,नाख़ून,пыд
238,Schwanz::N,पूँछ,быж
239,Ei::N,अंडा,пуз
240,Ei::N,अंडा,кукей
241,Nest::N,नीड़,кар
242,Nest::N,नीड़,пузкар
243,Nest::N,घोंसला,кар
244,Nest::N,घोंसला,пузкар
245,Bau::N,बिल,кар
246,Bau::N,बिल,гу
247,Bau::N,माँद,кар
248,Bau::N,माँद,гу
249,Tier::N,पशु,пӧйшур
250,Tier::N,जानवर,пӧйшур
251,Herde::N,गल्ला,уллё
252,Kuh::N,गौ,скал
253,Kuh::N,गाय,скал
254,Bulle::N,साँड़,ош
255,Bulle::N,साँड़,пороз
256,Pferd::N,अश्व,вал
257,Pferd::N,घोड़ा,вал
258,Schaf::N,भेड़,ыж
259,Schwein::N,शूकर,парсь
260,Hund::N,श्वान,пуны
261,Hund::N,कुत्ता,пуны
262,Katze::N,बिल्ली,коӵыш
263,Bär::N,रीछ,гондыр
264,Bär::N,भालू,гондыр
265,Eichhörnchen::N,गिलहरी,коньы
266,Elch::N,एल्क,койык
267,Fuchs::N,लोमड़ी,ӟичы
268,Hase::N,खरहा,кеч
269,Hase::N,ख़रगोश,кеч
270,Maus::N,मूष,шыр
271,Maus::N,चूहा,шыр
272,Wolf::N,वृक,кион
273,Wolf::N,भेड़िया,кион
274,Vogel::N,पक्षी,тылобурдо
275,Vogel::N,चिड़िया,тылобурдо
276,Schwarm::N,झुंड,уллё
277,Huhn::N,मुर्ग़ी,курег
278,Hahn::N,मुर्ग़ा,атас
279,Gans::N,हंस,ӟазег
280,Gans::N,हंसिनी,ӟазег
281,Adler::N,उक़ाब,ӧрзи
282,Ente::N,बतख़,ӵӧж
283,Ente::N,बत्तक,ӵӧж
284,Eule::N,उल्लू,кучыран
285,Kranich::N,सारस,тури
286,Kranich::N,क्रौंंच,тури
287,Krähe::N,काक,куака
288,Kuckuck::N,कोयल,кикы
289,Kuckuck::N,कोकिल,кикы
290,Schwan::N,हंस,юсь
291,Schwan::N,मराल,юсь
292,Fisch::N,मछली,чорыг
293,Fisch::N,मत्स्य,чорыг
294,Barsch::N,पर्च,юш
295,Hecht::N,पाइक,чипей
296,Schlange[Tier]::N,सर्प,кый
297,Wurm::N,कृमि,нумыр
298,Wurm::N,कीड़ा,нумыр
299,Spinne::N,लूता,чонари
300,Spinne::N,मकड़ी,чонари
301,Ameise::N,चींटी,кузьыли
302,Laus::N,जूँ,тэй
303,Mücke::N,डाँस,нымы
304,Mücke::N,डाँस,чибинь
305,Fliege::N,मक्खी,кут
306,Fliege::N,मक्षिका,кут
307,Schmetterling::N,तितली,бубыли
308,Beere::N,बेरी,узы-боры
309,Apfel::N,सेब,яблок
310,Pilz::N,खुंबी,губи
311,Zwiebel::N,प्याज़,сугон
312,Saat::N,बीज,кидыс
313,Korn::N,दाना,тысь
314,Heu::N,मूखी घास,турын
315,Schale::N,बकला,кыд
316,Schale::N,छिलका,кыд
317,Grube::N,गड्ढा,гу
318,Grube::N,गड्ढा,гоп
319,Falle::N,जाल,налик
320,Falle::N,फँदा,налик
321,Schlinge::N,फँदा,гиӟ
322,Schlinge::N,फँदा,герд
323,Spur::N,सुराग़,пытьы
324,Spur::N,सुराग़,бервыл
325,Spur::N,पद-चिह्न,пытьы
326,Spur::N,पद-चिह्न,бервыл
327,Asche::N,राख,пень
328,Dreck::N,मैल,дэри
329,Dreck::N,गंदगी,дэри
330,Eisen::N,लोहा,корт
331,Gold::N,सोना,зарни
332,Gold::N,स्वर्ण,зарни
333,Silber::N,रजत,азвесь
334,Silber::N,चाँदी,азвесь
335,Kohle::N,कोयला,эгыр
336,Glas::N,काँच,стекло
337,Glas::N,काँच,пияла
338,Lehm::N,चिकनी मिट्टी,сюй
339,Sand::N,रेत,луо
340,Sand::N,बालू,луо
341,Mensch::N,मानव,мурт
342,Mensch::N,मानव,адями
343,Mensch::N,इनसान,мурт
344,Mensch::N,इनसान,адями
345,Mensch::N,मनुष्य,мурт
346,Mensch::N,मनुष्य,адями
347,Mann::N,आदमी,воргорон
348,Mann::N,पुरुष,воргорон
349,Frau::N,औरत,кышномурт
350,Frau::N,महिला,кышномурт
351,Frau::N,स्त्री,кышномурт
352,Kind::N,बाल,нуны
353,Kind::N,बाल,пинал
354,Kind::N,बच्चा,нуны
355,Kind::N,बच्चा,пинал
356,Junge::N,लड़का,пи
357,Mädchen::N,लड़की,ныл
358,Mädchen::N,कुमारी,ныл
359,Familie::N,परिवार,семья
360,Großvater::N,दादा,песятай
361,Großvater::N,दादा,пересь атай
362,Großmutter::N,नानी,песянай
363,Großmutter::N,नानी,пересь анай
364,Eltern::N,माँ-बाप,атай-анай
365,Eltern::N,माँ-बाप,бубы-мумы
366,Eltern::N,माता-पिता,атай-анай
367,Eltern::N,माता-पिता,бубы-мумы
368,Vater::N,बाप,айы
369,Vater::N,बाप,атай
370,Vater::N,पिता,айы
371,Vater::N,पिता,атай
372,Mutter::N,माँ,мумы
373,Mutter::N,माता,мумы
374,Sohn::N,बेटा,пи
375,Sohn::N,पुत्र,пи
376,Tochter::N,बेटी,ныл
377,Tochter::N,पुत्री,ныл
378,Bruder::N,भाई,агай
379,Bruder::N,भ्राता,агай
380,Schwester::N,बहन,апа
381,Schwester::N,बहन,сузэр
382,Schwester::N,भगिनी,апа
383,Schwester::N,भगिनी,сузэр
384,Onkel::N,ताऊ,агай
385,Onkel::N,काका,агай
386,Tante::N,बूआ,апа
387,Tante::N,बूआ,кенак
388,Tante::N,फूफी,апа
389,Tante::N,फूफी,кенак
390,Tante::N,ख़ाला,апа
391,Tante::N,ख़ाला,кенак
392,Ehemann::N,पति,карт
393,Ehemann::N,शौहर,карт
394,Ehefrau::N,बीवी,кышно
395,Freude::N,आनंद,шумпотон
396,Freude::N,प्रसन्नता,шумпотон
397,Gelächter::N,हँसी,горем
398,Gelächter::N,क़हक़हा,горем
399,Glück::N,आनंद,шуд
400,Glück::N,ख़ुशी,шуд
401,Kummer::N,शोक,кайгу
402,Kummer::N,शोक,куректон
403,Kummer::N,दुःख,кайгу
404,Kummer::N,दुःख,куректон
405,Wunsch::N,इच्छा,мылпотон
406,Wunsch::N,अभिलाषा,мылпотон
407,Lust::N,चाह,потон
408,Lust::N,कामना,потон
409,Geist::N,जान,лул
410,Geist::N,प्राण,лул
411,Gedanke::N,विचार,малпан
412,Gedächtnis::N,याददाश्त,йырсазь
413,Gedächtnis::N,याददाश्त,тодэваён
414,Gedächtnis::N,स्मरण-शक्ति,йырсазь
415,Gedächtnis::N,स्मरण-शक्ति,тодэваён
416,Verstand::N,समझ,йырвизь
417,Verstand::N,अक़्ल,йырвизь
418,Verstand::N,बुद्धि,йырвизь
419,Sinn::N,अर्थ,смысл
420,Grund::N,वजह,муг
421,Grund::N,वजह,ньӧм
422,Grund::N,कारण,муг
423,Grund::N,कारण,ньӧм
424,Wahrheit::N,सत्य,зэм
425,Wahrheit::N,सत्य,шонер
426,Wahrheit::N,सच्चाई,зэм
427,Wahrheit::N,सच्चाई,шонер
428,Gespräch::N,चर्चा,вераськон
429,Gespräch::N,वार्ता,вераськон
430,Gespräch::N,बात-चीत,вераськон
431,Märchen::N,क़िस्सा,выжыкыл
432,Erzählung::N,कथा,верос
433,Erzählung::N,कहानी,верос
434,Nachricht::N,सूचना,ивор
435,Nachricht::N,समाचार,ивор
436,Neuigkeit::N,ख़बर,выльивор
437,Neuigkeit::N,समाचार,выльивор
438,Name::N,नाम,ним
439,Rätsel::N,पहेली,мадькыл
440,Rede::N,वचन,верам
441,Rede::N,भाषण,верам
442,Sprache::N,भाषा,кыл
443,Sprache::N,ज़बान,кыл
444,Stimme::N,स्वर,куара
445,Stimme::N,आवाज़,куара
446,Wort::N,शब्द,кыл
447,Wort::N,लफ़्ज़,кыл
448,Zeichen::N,निशान,пус
449,Zeichen::N,निशान,тодмет
450,Ruf::N,पुकार,ӧтён
451,Ruf::N,पुकार,чортон
452,Ruf::N,आह्वान,ӧтён
453,Ruf::N,आह्वान,чортон
454,Lärm::N,शोर,ӵашетон
455,Lärm::N,हुल्लड़,ӵашетон
456,Laut::N,स्वर,куара
457,Laut::N,ध्वनि,куара
458,Ton::N,सुर,куара
459,Ton::N,स्वर,куара
460,Lied::N,गीत,кырӟан
461,Ruhe::N,आराम,чалмыт улон
462,Ruhe::N,ख़ामोशी,чалмыт улон
463,Leute::N,लोग,адямиос
464,Volk::N,क़ौम,калык
465,Volk::N,प्रजा,калык
466,Arbeit::N,काम,уж
467,Gast::N,अतिथि,куно
468,Gast::N,मेहमान,куно
469,Geschenk::N,उपहार,салам
470,Geschenk::N,उपहार,кузьым
471,Geschenk::N,तोहफ़ा,салам
472,Geschenk::N,तोहफ़ा,кузьым
473,Spiel::N,खेल,шудон
474,Spiel::N,क्रीड़ा,шудон
475,Gesellschaft::N,साथ,калык
476,Hilfe::N,मदद,юрттон
477,Hilfe::N,सहायता,юрттон
478,Freund::N,मित्र,эш
479,Freund::N,मित्र,юлтош
480,Kamerad::N,साथी,тодмо
481,Kamerad::N,कामरेड,тодмо
482,Angelegenheit::N,बात,уж
483,Angelegenheit::N,मामला,уж
484,Anzahl::N,तादाद,лыд
485,Anzahl::N,संख्या,лыд
486,Art::N,तरह,тус
487,Art::N,क़िस्म,тус
488,Stück::N,फाँक,юдэс
489,Stück::N,टुकड़ा,юдэс
490,Teil::N,भाग,люкет
491,Teil::N,हिस्सा,люкет
492,Hälfte::N,अर्धभाग,ӝыны
493,Kreis::N,चक्कर,котырес
494,Kreuz::N,सलीब,крест
495,Kreuz::N,क्रूस,крест
496,Linie::N,लाइन,гож
497,Strich::N,लकीर,гож
498,Abstand::N,अंतर,вис
499,Abstand::N,अंतर,кусып
500,Abstand::N,फ़ासला,вис
501,Abstand::N,फ़ासला,кусып
502,Entfernung::N,दूरी,кусып
503,Entfernung::N,फ़ासला,кусып
504,Gegend::N,इलाक़ा,инты
505,Platz::N,जगह,инты
506,Platz::N,स्थान,инты
507,Ort::N,स्थल,инты
508,Ort::N,स्थल,места
509,Ort::N,स्थान,инты
510,Ort::N,स्थान,места
511,Seite::N,ओर,пал
512,Seite::N,तरफ़,пал
513,Mitte::N,बीच,шор
514,Mitte::N,मध्य,шор
515,Gegenstand::N,चीज़,арбери
516,Gegenstand::N,पदार्थ,арбери
517,Sache::N,चीज़,котыр
518,Sache::N,वस्तु,котыр
519,Rand::N,छोर,дур
520,Rand::N,छोर,шаер
521,Rand::N,उपांत,дур
522,Rand::N,उपांत,шаер
523,Kante::N,कोर,дур
524,Kante::N,किनारा,дур
525,Ecke::N,कोना,сэрег
526,Ecke::N,नुक्कड़,сэрег
527,Spitze::N,नोक,йыл
528,Ende::N,छोर,пум
529,Ende::N,सिरा,пум
530,Loch::N,छेद,пась
531,Loch::N,सूराख़,пась
532,Winkel::N,कोण,сэрег
533,Winkel::N,कोना,сэрег
534,Muster::N,नमूना,пужы
535,Muster::N,डिज़ाइन,пужы
536,Größe::N,परिमाण,быдӟала
537,Größe::N,विस्तार,быдӟала
538,Länge::N,लंबाई,кузьдала
539,Höhe::N,ऊँचाई,ӝуждала
540,Höhe::N,उच्चता,ӝуждала
541,Gewicht::N,भार,сектала
542,Gewicht::N,भार,секытлык
543,Gewicht::N,वज़न,сектала
544,Gewicht::N,वज़न,секытлык
545,Menge::N,मात्रा,лыд
546,Menge::N,मात्रा,лыдпус
547,Haufen::N,ढेर,люк
548,Haufen::N,अंबार,люк
549,Reihe::N,क़तार,чур
550,Reihe::N,पंक्ति,чур
551,Boot::N,नाव,пыж
552,Boot::N,नाव,лодка
553,Boot::N,नौका,пыж
554,Boot::N,नौका,лодка
555,Ruder::N,चप्पू,полыс
556,Schlitten::N,बर्फ़-गाड़ी,додьы
557,Ski::N,स्की,куас
558,Lagerfeuer::N,अलाव,тылскем
559,Lagerfeuer::N,कैंप-फ़ायर,тылскем
560,Last::N,भार,секыт
561,Gang::N,चाल,ветлон
562,Schritt::N,डग,вамыш
563,Schritt::N,क़दम,вамыш
564,Norden::N,उत्तर,уйпал
565,Süden::N,दक्खिन,лымшор
566,Westen::N,पश्चिम,шунды пуксён
567,Osten::N,पूरब,шунды ӝужан
568,Holz::N,काठ,пу
569,Holz::N,काष्ठ,пу
570,Brett::N,पटरा,пул
571,Brett::N,तख़्ता,пул
572,Platte::N,फलक,плита
573,Platte::N,तख़्ता,плита
574,Stütze::N,टेक,пыкет
575,Stütze::N,थूनी,пыкет
576,Stange::N,छड़,пуӵ
577,Stange::N,बाँस,пуӵ
578,Stock::N,लाठी,боды
579,Stab::N,लग्गा,пуӵ
580,Stab::N,लग्गा,боды
581,Rohr::N,नल,труба
582,Haus::N,घर,юрт
583,Haus::N,मकान,юрт
584,Heim::N,घर,корка
585,Heim::N,गृह,корка
586,Ofen::N,चूल्हा,гур
587,Fußboden::N,फ़र्श,выж
588,Tisch::N,मेज़,ӝӧк
589,Stuhl::N,कुरसी,пукон
590,Wiege::N,पालना,кӧкы
591,Wiege::N,पालना,зыбка
592,Wiege::N,हिंडोला,кӧкы
593,Wiege::N,हिंडोला,зыбка
594,Bett::N,खाट,валес
595,Bett::N,पलंग,валес
596,Regal::N,शेल्फ़,ӝажы
597,Kiste::N,पेटी,ящик
598,Kiste::N,डिब्बा,ящик
599,Fenster::N,खिड़की,укно
600,Fenster::N,खिड़की,косяк
601,Tür::N,द्वार,ӧс
602,Tür::N,दरवाज़ा,ӧс
603,Tor::N,फाटक,ӟезьы
604,Zaun::N,बाड़ा,забор
605,Dach::N,छत,липет
606,Dach::N,छप्पर,липет
607,Leiter::N,सीढ़ी,падӟа
608,Besen::N,झाड़ू,ӵужон
609,Besen::N,झाड़ू,исьнер
610,Besen::N,बुहारी,ӵужон
611,Besen::N,बुहारी,исьнер
612,Spaten::N,कुदाल,лопатка
613,Schaufel::N,बेलचा,ютырон
614,Schaufel::N,फावड़ा,ютырон
615,Gabel::N,काँटा,тэчы
616,Gabel::N,काँटा,вилка
617,Löffel::N,चम्मच,пуньы
618,Messer::N,छुरा,пурт
619,Messer::N,चाक़ू,пурт
620,Nagel::N,कील,кортӵог
621,Nagel::N,मेख़,кортӵог
622,Netz::N,जाल,сеть
623,Haken::N,अंकुश,курик
624,Griff::N,मूठ,ныд
625,Griff::N,हत्था,ныд
626,Schloss::N,ताला,тунгон
627,Bild::N,चित्र,суред
628,Figur::N,मूर्ति,фигура
629,Puppe::N,पुतली,мунё
630,Puppe::N,गुड़िया,мунё
631,Beutel::N,झोला,пуйы
632,Bündel::N,पुलिंदा,керттэт
633,Tasche::N,बेग,пуйы
634,Tasche::N,बेग,сумка
635,Tasche::N,बस्ता,пуйы
636,Tasche::N,बस्ता,сумка
637,Eimer::N,बाल्टी,ведра
638,Deckel::N,ढक्कन,ӵоксэт
639,Geschirr::N,बरतन-भाँड़े,тусьты-пуньы
640,Sack::N,बोरा,пуйы
641,Tasse::N,प्याला,ӵаша
642,Topf::N,देग़चा,миска
643,Kessel::N,देग़,пурты
644,Kessel::N,बटलोई,пурты
645,Essen::N,खाना,сиськон
646,Nahrung::N,भोजन,сион
647,Speise::N,खाना,сиён
648,Speise::N,व्यंजन,сиён
649,Fleisch::N,मांस,сӥль
650,Fleisch::N,गोश्त,сӥль
651,Getreide::N,अनाज,ю тысь
652,Brei::N,भरता,ӝук
653,Brei::N,दलिया,ӝук
654,Brot::N,रोटी,нянь
655,Scheibe::N,कतला,шорем
656,Fett::N,वसा,кӧй
657,Fett::N,चरबी,кӧй
658,Butter::N,मक्खन,вӧй
659,Öl::N,तेल,вӧй
660,Salz::N,नमक,сылал
661,Suppe::N,सूप,шыд
662,Suppe::N,शोरबा,шыд
663,Honig::N,शहद,чечы
664,Milch::N,दूध,йӧл
665,Tee::N,चाय,чай
666,Leder::N,चमड़ा,сурон
667,Wolle::N,ऊन,гон
668,Wolle::N,ऊन,ыжгон
669,Stoff::N,कपड़ा,куэм
670,Nadel::N,सूई,вень
671,Faden::N,डोरा,сӥньыс
672,Knopf::N,बटन,бирды
673,Knopf::N,घुंडी,бирды
674,Knoten::N,गाँठ,герд
675,Knoten::N,गुत्थी,герд
676,Farbe::N,रंग,буёл
677,Farbe::N,वर्ण,буёл
678,Kleidung::N,पहनावा,дӥсь
679,Hemd::N,कुरता,дэрем
680,Hemd::N,क़मीज़,дэрем
681,Kragen::N,गरदनी,сирес
682,Kragen::N,गरेबान,сирес
683,Ärmel::N,आस्तीन,саес
684,Hose::N,पैंट,брюки
685,Hose::N,पैंट,штань
686,Hose::N,पतलून,брюки
687,Hose::N,पतलून,штань
688,Gürtel::N,पेटी,кускерттон
689,Gürtel::N,मेखला,кускерттон
690,Mütze::N,टोपी,ызьы
691,Schuh::N,जूता,ботинка
692,Stiefel::N,बूट,сапег
693,Ring::N,अँगूठी,зундэс
694,Band::N,पट्टी,лента
695,Kamm::N,कंघी,сын
696,Spiegel::N,आईना,синучкон
697,Spiegel::N,दर्पण,синучкон
698,Riemen::N,तसमा,е
699,Riemen::N,पट्टा,е
700,Schnur::N,डोरी,гозы
701,Schnur::N,सुतली,гозы
702,Leine::N,रस्सी,думет
703,Decke::N,रज़ाई,шобрет
704,Kissen::N,तकिया,миндэр
705,Kissen::N,गाद्दा,миндэр
706,Tuch::N,रूमाल,кышет
707,Tuch::N,वस्त्र,кышет
708,Handtuch::N,अँगोछा,ӵушкон
709,Kraft::N,ज़ोर,кать
710,Kraft::N,ज़ोर,ӟигар
711,Kraft::N,शक्ति,кать
712,Kraft::N,शक्ति,ӟигар
713,Stärke::N,बल,юнлык
714,Stärke::N,ताक़त,юнлык
715,Gesundheit::N,स्वास्थ्य,тазалык
716,Gesundheit::N,तंदुरुस्ती,тазалык
717,Krankheit::N,रोग,висён
718,Krankheit::N,बीमारी,висён
719,Schmerz::N,दर्द,висён
720,Schmerz::N,पीड़ा,висён
721,Wunde::N,घाव,яра
722,Wunde::N,ज़ख़्म,яра
723,Fieber::N,ज्वर,кезег
724,Fieber::N,बुख़ार,кезег
725,Arznei::N,दवा,эмъюм
726,Arznei::N,औषाधि,эмъюм
727,Brücke::N,पुल,выж
728,Brücke::N,सेतु,выж
729,Brunnen::N,कुआँ,колдэч
730,Weide::N,चरागाह,возь
731,Pfad::N,पथ,сюрес
732,Pfad::N,पगडंडी,сюрес
733,Weg::N,मार्ग,сюрес
734,Straße::N,राह,сюрес
735,Straße::N,रास्ता,сюрес
736,Dorf::N,गाँव,гурт
737,Dorf::N,ग्राम,гурт
738,Stadt::N,शहर,кар
739,Stadt::N,शहर,город
740,Brief::N,ख़त,гожтэт
741,Brief::N,पत्र,гожтэт
742,Brief::N,चिट्ठी,гожтэт
743,Buch::N,किताब,книга
744,Buch::N,पुस्तक,книга
745,Buchstabe::N,अक्षर,буква
746,Zeitung::N,अख़बार,газет
747,Zeitung::N,समाचार-पत्र,газет
748,Leben::N,जीवन,улон
749,Leben::N,ज़िंदगी,улон
750,Tod::N,मौत,кулон
751,Tod::N,मृत्यु,кулон
752,Grab::N,क़ब्र,шайгу
753,Kirche::N,चर्च,черк
754,Kirche::N,गिरजा,черк
755,Sünde::N,पाप,сьӧлык
756,Sünde::N,गुनाह,сьӧлык
757,Gott::N,देव,ӥнмар
758,Gott::N,ईश्वर,ӥнмар
759,Arbeiter::N,मज़दूर,рабочий
760,Chef::N,अध्यक्ष,начальник
761,Meister::N,शिल्पज्ञ,кибашлы
762,Arzt::N,वैद्य,врач
763,Arzt::N,डॉक्टर,врач
764,Arzt::N,चिकित्सक,врач
765,Lehrer::N,शिक्षक,дышетӥсь
766,Lehrer::N,अध्यापक,дышетӥсь
767,Geld::N,धन,уксё
768,Geld::N,धन,коньдон
769,Geld::N,पैसा,уксё
770,Geld::N,पैसा,коньдон
771,Geschäft::N,सौदा,уж
772,Geschäft::N,व्यापार,уж
773,Laden::N,दुकान,магазин
774,Preis::N,दाम,дун
775,Preis::N,मूल्य,дун
776,Ware::N,माल,вуз
777,Ware::N,पण्य,вуз
778,Nutzen::N,लाभ,пайда
779,Nutzen::N,फ़ायदा,пайда
780,Reichtum::N,धन,узырлык
781,Reichtum::N,दौलत,узырлык
782,Welt::N,विश्व,дунне
783,Welt::N,दुनिया,дунне
784,Land::N,देश,шаер
785,Land::N,मुल्क,шаер
786,Staat::N,राज्य,кун
787,Staat::N,राष्ट्र,кун
788,König::N,राजा,эксэй
789,König::N,बादशाह,эксэй
790,Macht::N,शासन,власть
791,Macht::N,सत्ता,власть
792,Grenze::N,सरहद,кунгож
793,Krieg::N,जंग,ож
794,Krieg::N,युद्ध,ож
795,Feind::N,शत्रु,тушмон
796,Feind::N,दुश्मन,тушмон
797,Gewalt::N,हिंसा,эриктэман
798,Kampf::N,लड़ाई,нюръяськон
799,Kampf::N,संघर्ष,нюръяськон
800,Bogen[Waffe]::N,कमान,пукыӵ
801,Pfeil::N,बान,пукыӵ вень
802,Gewehr::N,बंदूक़,пыӵал
803,Fehler::N,भूल,янгыш
804,Fehler::N,ग़लती,янгыш
805,Lüge::N,झूठ,пӧян
806,Lüge::N,झूठ,алдан
807,Lüge::N,झूठ,ӧрекчан
808,Lüge::N,असत्य,пӧян
809,Lüge::N,असत्य,алдан
810,Lüge::N,असत्य,ӧрекчан
811,Schaden::N,हानि,изъян
812,Schaden::N,नुक़सान,изъян
813,Unglück::N,मुसीबत,куректон
814,Unglück::N,मुसीबत,шудтэме усён
815,Unglück::N,विपात्ति,куректон
816,Unglück::N,विपात्ति,шудтэме усён
817,Schuld::N,दोष,янгыш
818,Schuld::N,क़सूर,янгыш
819,Alter::N,आयु,арлыд
820,Alter::N,उम्र,арлыд
821,Schluss::N,अंत,пум
822,Schluss::N,समाप्ति,пум
823,Zeit::N,काल,дыр
824,Zeit::N,वक़्त,дыр
825,Tag::N,दिन,нунал
826,Tag::N,रोज़,нунал
827,Morgen::N,सुबह,ӵукна
828,Mittag::N,दोपहर,лымшор
829,Mittag::N,मध्याह्न,лымшор
830,Abend::N,शाम,ӝыт
831,Abend::N,शाम,акшан
832,Abend::N,संध्या,ӝыт
833,Abend::N,संध्या,акшан
834,Nacht::N,रात,уй
835,Nacht::N,रात्रि,уй
836,Woche::N,हफ़्ता,арня
837,Monat::N,मास,толэзь
838,Monat::N,महीना,толэзь
839,Jahr::N,बरस,ар
840,Jahr::N,वर्ष,ар
841,Frühling::N,वसंत,тулыс
842,Sommer::N,गरमी,гужем
843,Sommer::N,ग्रीष्म,гужем
844,Herbst::N,शरत्,сӥзьыл
845,Herbst::N,पतझड़,сӥзьыл
846,Winter::N,जाड़ा,тол
847,Winter::N,सर्दियाँ,тол
848,Januar::N,जनवरी,выльартолэзь
849,Februar::N,फ़रवरी,тулыспал
850,März::N,मार्च,южтолэзь
851,April::N,अप्रैल,оштолэзь
852,Mai::N,मई,куартолэзь
853,Juni::N,जून,вожотолэзь
854,Juli::N,जुलाई,пӧсьтолэзь
855,August::N,अगस्त,гудырикошкон
856,September::N,सितंबर,куарусён
857,Oktober::N,अक्तूबर,выльӝуктолэзь
858,November::N,नवंबर,шуркынмон
859,Dezember::N,दिसंबर,толсур
860,Montag::N,पीर,вордӥськон
861,Montag::N,सोमवार,вордӥськон
862,Dienstag::N,मंगलवार,вторник
863,Mittwoch::N,बुधवार,вирнунал
864,Donnerstag::N,गुरुवार,покчиарня
865,Donnerstag::N,बृहस्पतिवार,покчиарня
866,Freitag::N,शुक्रवार,удмуртарня
867,Samstag::N,सनीचर,кӧснунал
868,Samstag::N,शनिवार,кӧснунал
869,Sonntag::N,इतवार,арня
870,Sonntag::N,रविवार,арня
871,groß::A,बड़ा,бадӟым
872,klein::A,कम,пичи
873,klein::A,छोटा,пичи
874,lang::A,लंबा,кузь
875,lang::A,दीर्घ,кузь
876,kurz::A,लधु,вакчи
877,kurz::A,छोटा,вакчи
878,breit::A,चौड़ा,паськыт
879,schmal::A,तंग,сюлэг
880,schmal::A,सँकरा,сюлэг
881,dicht::A,सघन,ӵем
882,dick[Gegenstand]::A,मोटा,зӧк
883,dünn::A,महीन,векчи
884,dünn::A,बारीक,векчи
885,fein::A,कोमल,векчи
886,fein::A,सूक्ष्म,векчи
887,fest::A,दृढ़,юн
888,fest::A,दृढ़,чурыт
889,fest::A,मज़बूत,юн
890,fest::A,मज़बूत,чурыт
891,flach::A,चपटा,ӵошкыт
892,glatt::A,चौरस,гылыт
893,glatt::A,चौरस,вольыт
894,glatt::A,चिकना,гылыт
895,glatt::A,चिकना,вольыт
896,hart::A,कठोर,чурыт
897,hart::A,सख़्त,чурыт
898,weich::A,नरम,небыт
899,weich::A,मुलायम,небыт
900,rund::A,गोल,котырес
901,rund::A,वर्तुल,котырес
902,spitz::A,नुकीला,йылсо
903,scharf::A,पैना,лэчыт
904,stumpf::A,भोथरा,ныж
905,schwer::A,भारी,секыт
906,schwer::A,वज़नी,секыт
907,schön::A,सुंदर,чебер
908,heiß::A,उष्ण,пӧсь
909,warm::A,गरम,шуныт
910,kalt::A,सर्द,кезьыт
911,kühl::A,ठंडा,юзмыт
912,kühl::A,ठंडा,салкым
913,frisch::A,तर,выль
914,frisch::A,ताज़ा,выль
915,feucht::A,नम,мускыт
916,feucht::A,भीगा,мускыт
917,nass::A,गीला,котмем
918,trocken::A,सूखा,кӧс
919,trocken::A,ख़ुश्क,кӧс
920,voll::A,भरा,тыр
921,voll::A,पूरा,тыр
922,leer::A,ख़ाली,буш
923,leer::A,ख़ाली,тырттэм
924,offen::A,खुला,усьтэм
925,geschlossen::A,बंद,ӵогам
926,geschlossen::A,बंद,пунням
927,sauber::A,साफ़,ӝикыт
928,sauber::A,साफ़,чылкыт
929,sauber::A,सुथरा,ӝикыт
930,sauber::A,सुथरा,чылкыт
931,schmutzig::A,गंदा,нӧд
932,roh::A,कच्चा,ыль
933,reif::A,पक्व,вуэм
934,reif::A,पक्का,вуэм
935,lecker::A,मज़ेदार,ческыт
936,lecker::A,स्वादिष्ट,ческыт
937,süß::A,मीठा,ческыт
938,bitter::A,कटु,курыт
939,bitter::A,कड़वा,курыт
940,sauer::A,खट्टा,чырс
941,hell::A,रोशन,югыт
942,dunkel::A,अँधेरा,пеймыт
943,schwarz::A,काला,сьӧд
944,schwarz::A,स्याह,сьӧд
945,weiß::A,सफ़ेद,тӧдьы
946,rot::A,लाल,горд
947,rot::A,सुर्ख़,горд
948,gelb::A,पीला,ӵуж
949,gelb::A,ज़र्द,ӵуж
950,blau::A,नीला,лыз
951,blau::A,आसमानी,лыз
952,grün::A,हरा,вож
953,grau::A,धूसर,пурысь
954,bunt::A,रंगीन,куӵо
955,bunt::A,बहुरंगा,куӵо
956,billig::A,सस्ता,дунтэм
957,teuer::A,महँगा,дуно
958,wertvoll::A,क़ीमती,дуно
959,wertvoll::A,मूल्यवान्,дуно
960,blind::A,अंधा,сукыр
961,blind::A,अंधा,синтэм
962,taub::A,बहरा,пельтэм
963,kräftig::A,ताक़तवर,кужмо
964,kräftig::A,शक्तिशाली,кужмо
965,stark::A,प्रबल,юн
966,stark::A,प्रबल,кужмо
967,stark::A,बलवान्,юн
968,stark::A,बलवान्,кужмо
969,schwach::A,कमज़ोर,ляб
970,schwach::A,कमज़ोर,начар
971,fett::A,मोटा,кӧй
972,fett::A,मांसल,кӧй
973,schlank::A,पतला,веськыт
974,schlank::A,पतला,веськрес
975,schlank::A,छरहरा,веськыт
976,schlank::A,छरहरा,веськрес
977,hübsch::A,सुंदर,чебер
978,hübsch::A,सुंदर,синмаськымон
979,hübsch::A,ख़ूबसूरत,чебер
980,hübsch::A,ख़ूबसूरत,синмаськымон
981,böse::A,पापी,лек
982,böse::A,दुष्ट,лек
983,dumm::A,मूर्ख,шузи
984,dumm::A,मूर्ख,визьтэм
985,dumm::A,बुद्धू,шузи
986,dumm::A,बुद्धू,визьтэм
987,faul::A,आलसी,азьтэм
988,faul::A,सुस्त,азьтэм
989,fleißig::A,मेहनती,сюлмо
990,fleißig::A,परिश्रमी,сюлмо
991,geizig::A,कृपण,сук
992,geizig::A,कंजूस,сук
993,klug::A,समझदार,визьмо
994,klug::A,होशियार,визьмо
995,klug::A,अक़्लमंद,визьмо
996,geschickt::A,किशल,усто
997,geschickt::A,किशल,быгатӥсь
998,lieb::A,प्रिय,мусо
999,lieb::A,प्यारा,мусо
1000,lustig::A,हँसमुख,шулдыр
1001,lustig::A,ख़ुशदिल,шулдыр
1002,sanft::A,नम्र,мусо
1003,sanft::A,नम्र,эрке
1004,hungrig::A,भूखा,сютэм
1005,krank::A,बीमार,висись
1006,krank::A,अस्वस्थ,висись
1007,nackt::A,नग्न,гольык
1008,traurig::A,उदास,мӧзмыт
1009,traurig::A,रंजीदा,мӧзмыт
1010,lebendig::A,जीता,улэп
1011,lebendig::A,ज़िंदा,улэп
1012,gut::A,अच्छा,ӟеч
1013,gut::A,अच्छा,умой
1014,schlecht::A,बुरा,урод
1015,schlecht::A,बुरा,алама
1016,schlecht::A,ख़राब,урод
1017,schlecht::A,ख़राब,алама
1018,richtig::A,ठीक,шонер
1019,schlimm::A,बुरा,алама
1020,schlimm::A,अप्रिय,алама
1021,wahr::A,सच,зэмос
1022,alt::A,पुराना,вуж
1023,neu::A,नया,выль
1024,ehemalig::A,भूतपूर्व,азьвылэз
1025,alt[Lebewesen]::A,बूढ़ा,пересь
1026,alt[Lebewesen]::A,वृद्ध,пересь
1027,jung::A,जवान,егит
1028,jung::A,जवान,пинал
1029,arm::A,ग़रीब,начар
1030,arm::A,ग़रीब,куанер
1031,reich::A,धनी,узыр
1032,reich::A,अमीर,узыр
1033,bekannt::A,मालूम,тодмо
1034,berühmt::A,मशहूर,дано
1035,berühmt::A,प्रसिद्ध,дано
1036,fremd::A,विदेशी,ят
1037,fremd::A,अपरिचित,ят
1038,verschieden::A,अलग,пӧртэм
1039,verschieden::A,भिन्न,пӧртэм
1040,nah::A,नज़दीकी,матысь
1041,fern::A,दूर,кыдёкысь
1042,fern::A,दूरस्थ,кыдёкысь
1043,linker::A,बायाँ,паллян
1044,rechter::A,दायाँ,бур
1045,rechter::A,दायाँ,бурпал
1046,rechter::A,दाहिना,бур
1047,rechter::A,दाहिना,бурпал
1048,anderer::A,अन्य,мукет
1049,anderer::A,दूसरा,мукет
1050,erster::A,पहला,нырысетӥез
1051,erster::A,प्रथम,нырысетӥез
1052,zweiter::A,दूसरा,кыктэтӥез
1053,zweiter::A,द्वितीय,кыктэтӥез
1054,dritter::A,तीसरा,кунньметӥез
1055,letzter::A,अंतिम,берло
1056,letzter::A,अंतिम,берпум
1057,letzter::A,आख़िरी,берло
1058,letzter::A,आख़िरी,берпум
1059,allein::ADV,तनहा,огназ
1060,allein::ADV,अकेले,огназ
1061,auf einmal::ADV,वक़्त में,огдыре
1062,zusammen::ADV,एक साथ,ӵош
1063,zusammen::ADV,एक साथ,валче
1064,zusammen::ADV,साथ साथ,ӵош
1065,zusammen::ADV,साथ साथ,валче
1066,lange::ADV,देर तक,кема
1067,plötzlich::ADV,सहसा,мапламтэ шорысь
1068,plötzlich::ADV,अचानक,мапламтэ шорысь
1069,sofort::ADV,तुरंत,али ик
1070,später::ADV,बाद को,бергес
1071,später::ADV,बाद को,берлогес
1072,später::ADV,बाद में,бергес
1073,später::ADV,बाद में,берлогес
1074,jetzt::ADV,अब,али
1075,jetzt::ADV,अब,табере
1076,jetzt::ADV,अभी,али
1077,jetzt::ADV,अभी,табере
1078,heute::ADV,आज,туннэ
1079,morgen::ADV,कल,ӵуказе
1080,bald::ADV,जल्दी,ӝоген
1081,dann::ADV,तब,берло
1082,gestern::ADV,कल,толон
1083,einst::ADV,एक दिन,огпол
1084,einst::ADV,एक दिन,одӥг пол
1085,einst::ADV,पहले कभी,огпол
1086,einst::ADV,पहले कभी,одӥг пол
1087,damals::ADV,उस समय,соку
1088,damals::ADV,उन दिनों,соку
1089,danach::ADV,इसके बाद,собере
1090,danach::ADV,इसके पश्चात्,собере
1091,vorher::ADV,पहले,азьло
1092,vorher::ADV,पहले,азьвыл
1093,vorher::ADV,पेशतर,азьло
1094,vorher::ADV,पेशतर,азьвыл
1095,zuerst::ADV,पहले,азьло
1096,einmal::ADV,एक बार,огпол
1097,einmal::ADV,एक दफ़ा,огпол
1098,manchmal::ADV,कभी कभी,куддыръя
1099,oft::ADV,अक्सर,ӵем
1100,immer::ADV,सदा,пыр
1101,immer::ADV,सदा,котьку
1102,immer::ADV,हमेशा,пыр
1103,immer::ADV,हमेशा,котьку
1104,niemals::ADV,कभी नहीं,уз ноку
1105,niemals::ADV,कदापि नहीं,уз ноку
1106,hier::ADV,इधर,татын
1107,hier::ADV,यहाँ,татын
1108,hierhin::ADV,इधर को,татчы
1109,hierhin::ADV,यहाँ को,татчы
1110,von hier::ADV,यहाँ से,татысь
1111,dort::ADV,उधर,отӥ
1112,dort::ADV,उधर,отын
1113,dort::ADV,वहाँ,отӥ
1114,dort::ADV,वहाँ,отын
1115,dorthin::ADV,उधर को,отчы
1116,dorthin::ADV,वहाँ को,отчы
1117,geradeaus::ADV,सीधे,меӵак
1118,vorwärts::ADV,आगे,азьлань
1119,vorwärts::ADV,आगे को,азьлань
1120,rückwärts::ADV,पीछे को,берлань
1121,zurück::ADV,वापस,берен
1122,zurück::ADV,वापस,берлань
1123,unten::ADV,नीचे,улын
1124,hinab::ADV,नीचे को,улэ
1125,oben::ADV,ऊपर,вылын
1126,oben::ADV,ऊपर,вылӥын
1127,hinauf::ADV,ऊपर को,вылэ
1128,hinauf::ADV,ऊपर को,вылӥе
1129,hinauf::ADV,ऊपर को,выллань
1130,überall::ADV,हर जगह,котькытын
1131,überall::ADV,हर जगह,пасьтана
1132,überall::ADV,हर स्थान,котькытын
1133,überall::ADV,हर स्थान,пасьтана
1134,nicht::ADV,न,уз
1135,nicht::ADV,नहीं,уз
1136,ein wenig::ADV,कुछ,ичи
1137,ein wenig::ADV,कुछ,ӧжыт
1138,ein wenig::ADV,कुछ,огшап
1139,ein wenig::ADV,ज़रा,ичи
1140,ein wenig::ADV,ज़रा,ӧжыт
1141,ein wenig::ADV,ज़रा,огшап
1142,ein wenig::ADV,थोड़ा,ичи
1143,ein wenig::ADV,थोड़ा,ӧжыт
1144,ein wenig::ADV,थोड़ा,огшап
1145,kaum::ADV,लगभग नहीं,муртса
1146,kaum::ADV,बराबर नहीं,муртса
1147,sehr::ADV,बहुत,туж
1148,sehr::ADV,बहुत,лекос
1149,so::ADV,ऐसा,озьы
1150,so::ADV,ऐसा,тазьы
1151,noch::ADV,अभी तक,на
1152,nur::ADV,केवल,гинэ
1153,nur::ADV,सिर्फ़,гинэ
1154,schon::ADV,चुकना,ни
1155,schon::ADV,चुकना,ини
1156,wieder::ADV,फिर,нош
1157,wieder::ADV,फिर,кайта
1158,wieder::ADV,दुबारा,нош
1159,wieder::ADV,दुबारा,кайта
1160,vergebens::ADV,व्यर्थ,юнме
1161,vor::PRP,के आगे,азьын
1162,vor::PRP,के सामने,азьын
1163,hinter::PRP,के पीछे,берын
1164,hinter::PRP,के पीछे,бӧрсьы
1165,unter::PRP,के तले,улын
1166,unter::PRP,के नीचे,улын
1167,durch::PRP,के पार,пыр
1168,durch::PRP,के पार,пыртӥ
1169,neben::PRP,के पास,бордын
1170,neben::PRP,की बग़ल में,бордын
1171,zwischen::PRP,के बीच,вискын
1172,wegen::PRP,के कारण,сэрен
1173,wegen::PRP,की वजह से,сэрен
1174,dies::PRN,यह,та
1175,das::PRN,वह,со
1176,alles::PRN,सब,ваньмыз
1177,alles::PRN,सब कुछ,ваньмыз
1178,ich::PRN,मैं,мон
1179,du::PRN,तू,тон
1180,er::PRN,यह,со
1181,wir::PRN,हम,ми
1182,ihr::PRN,तुम,тӥ
1183,sie::PRN,ये,соос
1184,was::FPRN,क्या,ма
1185,wer::FPRN,कौन,кин
1186,wo::FADV,किधर,кытын
1187,wohin::FADV,किधर,кытчы
1188,wie::FADV,कैसे,кызьы
1189,warum::FADV,क्यों,малы
1190,wieviel::FNUM,कितना,кӧня
1191,eins::NUM,एक,одӥг
1192,zwei::NUM,दो,кык
1193,drei::NUM,तीन,куинь
1194,vier::NUM,चार,ньыль
1195,fünf::NUM,पाँच,вить
1196,sechs::NUM,छह,куать
1197,sieben::NUM,सात,сизьым
1198,acht::NUM,आठ,тямыс
1199,neun::NUM,नौ,укмыс
1200,zehn::NUM,दस,дас
1201,elf::NUM,ग्यारह,дас одӥг
1202,zwölf::NUM,बारह,дас кык
1203,zwanzig::NUM,बीस,кызь
1204,dreißig::NUM,तीस,куамын
1205,vierzig::NUM,चालीस,ньыльдон
1206,fünfzig::NUM,पचास,витьтон
1207,sechzig::NUM,साठ,куатьтон
1208,siebzig::NUM,सत्तर,сизьымдон
1209,achtzig::NUM,अस्सी,тямыстон
1210,neunzig::NUM,नव्वे,укмыстон
1211,hundert::NUM,सौ,сю
1212,tausend::NUM,हज़ार,сюрс
1213,und::CNJ,और,и
1214,und::CNJ,और,но
1215,oder::CNJ,या,яке
1216,stehen::V,खड़ा होना,сылыны
1217,sitzen::V,बैठना,пукыны
1218,liegen::V,लेटना,кылльыны
1219,hängen::V,लटकना,ошкыса улыны
1220,werden::V,बनना,луыны
1221,passieren::V,होना,луыны
1222,beginnen::V,आरंभ होना,кутскыны
1223,beginnen::V,प्रारंभ होना,кутскыны
1224,enden::V,अंत होना,бырыны
1225,enden::V,ख़तम होना,бырыны
1226,wechseln::V,बदलना,воштӥськыны
1227,aufgehen[Sonne]::V,चढ़ना,ӝужаны
1228,aufgehen[Sonne]::V,उदित होना,ӝужаны
1229,untergehen[Sonne]::V,अस्त हो जाना,пуксьыны
1230,scheinen[Sonne]::V,रोशनी देना,пиштыны
1231,scheinen[Sonne]::V,रोशनी देना,чиляны
1232,donnern::V,गरजना,гудыръяны
1233,wehen::V,चलना,пелляськыны
1234,strömen::V,बहना,киськыны
1235,strömen::V,बहना,исьтӥськыны
1236,strömen::V,प्रवाहित होना,киськыны
1237,strömen::V,प्रवाहित होना,исьтӥськыны
1238,fließen::V,बहना,бызьыны
1239,fließen::V,प्रवाहित होना,бызьыны
1240,sich drehen::V,घूमना,берганы
1241,schwanken::V,हिलना,вошъяськыны
1242,schwingen::V,हिलना,шонаськыны
1243,fallen::V,गिरना,усьыны
1244,brennen::V,जलना,ӝуаны
1245,rauchen::V,धुआँ उड़ाना,ӵындыны
1246,regnen::V,बरसना,зорыны
1247,gefrieren::V,जमना,кынмыны
1248,tauen::V,गलना,шунаны
1249,tauen::V,पिघलना,шунаны
1250,schmelzen::V,गलना,шунаны
1251,schmelzen::V,पिघलना,шунаны
1252,trocknen::V,सूखना,куасьмыны
1253,sieden::V,उबलना,пӧзьыны
1254,faulen::V,गलना,сисьмыны
1255,faulen::V,सड़ना,сисьмыны
1256,verfaulen::V,गलना,сисьмыны
1257,verfaulen::V,सड़ना,сисьмыны
1258,reißen::V,फटना,кеськыны
1259,versinken::V,डूबना,выйыны
1260,vergehen::V,बीतना,ортчыны
1261,vergehen::V,गुज़रना,ортчыны
1262,erscheinen::V,दिखाई देना,адскыны
1263,verschwinden::V,ग़ायब होना,бырыны
1264,sinken::V,घटना,усьыны
1265,sinken::V,उतरना,усьыны
1266,abnehmen::V,घटना,синыны
1267,zunehmen::V,बढ़ना,йылыны
1268,steigen::V,बढ़ना,лӧпкыны
1269,wachsen::V,उगना,будыны
1270,glänzen::V,चमकना,чиляны
1271,glänzen::V,चमकना,пиштыны
1272,funkeln::V,जगमगाना,чилекъяны
1273,funkeln::V,टिमटिमाना,чилекъяны
1274,lärmen::V,शोर मचाना,уретыны
1275,lärmen::V,शोर मचाना,ӵашетыны
1276,läuten::V,बजना,жингыртыны
1277,klingeln::V,बजना,жингыртыны
1278,klirren::V,झनझनाना,жильккетыны
1279,brausen::V,साँय-साँय करना,лекъяськыны
1280,rauschen::V,सरसराना,ӵашетыны
1281,klingen::V,बजना,кылӥськыны
1282,bellen::V,भौंकना,утыны
1283,heulen::V,गुर्राना,вузыны
1284,blasen::V,फूँकना,пельтыны
1285,pfeifen::V,सीटी देना,шуланы
1286,schreien::V,चिल्लाना,черекъяны
1287,schreien::V,चिल्लाना,кесяськыны
1288,stöhnen::V,कराहना,ӝуштыны
1289,stöhnen::V,आहें भरना,ӝуштыны
1290,zittern::V,काँपना,дырекъяны
1291,zittern::V,काँपना,куалекъяны
1292,leben::V,जीना,улыны
1293,geboren werden::V,पैदा होना,вордӥськыны
1294,atmen::V,साँस लेना,шоканы
1295,trinken::V,पीना,юыны
1296,essen::V,खाना,сиыны
1297,schlucken::V,निगलना,ньылыны
1298,müde werden::V,थकना,жадьыны
1299,müde werden::V,उकताना,жадьыны
1300,einschlafen::V,सो जाना,умме усьыны
1301,schlafen::V,सोना,кӧлыны
1302,aufwachen::V,जागना,сайканы
1303,aufstehen::V,उठना,султыны
1304,sich erholen::V,सुस्ताना,шутэтскыны
1305,sich erholen::V,आराम करना,шутэтскыны
1306,krank werden::V,बीमार पड़ना,висьыны
1307,krank sein::V,बीमार होना,висьыны
1308,schmerzen::V,दुखना,висьыны
1309,schmerzen::V,दर्द करना,висьыны
1310,husten::V,खाँसना,кызыны
1311,genesen::V,ठीक हो जाना,юнматскыны
1312,genesen::V,ठीक हो जाना,бурмытскылыны
1313,genesen::V,स्वस्थ हो जाना,юнматскыны
1314,genesen::V,स्वस्थ हो जाना,бурмытскылыны
1315,sterben::V,मरना,кулыны
1316,umkommen::V,मरना,бырыны
1317,sich bewegen::V,चलना,вырыны
1318,sich bewegen::V,हिलना,вырыны
1319,sich rühren::V,हिलना,вырӟыны
1320,sich rühren::V,हिलना,вырӟылыны
1321,sich erheben::V,उठना,султыны
1322,sich setzen::V,बैठना,пуксьыны
1323,hinfallen::V,गिरना,усьыны
1324,laufen::V,चलना,мыныны
1325,schreiten::V,क़दम जाना,вамышъяны
1326,spazierengehen::V,सैर करना,мыныны
1327,spazierengehen::V,सैर करना,ветлыны
1328,eilen::V,तेज़ी से जाना,дыртыны
1329,eilen::V,शीघ्रता से चलना,дыртыны
1330,sich beeilen::V,जल्दी करना,дыртыны
1331,sich beeilen::V,शीघ्रता करना,дыртыны
1332,sausen::V,बड़ी तेज़ी से चलना,туж ӝог мыныны
1333,rennen::V,भागना,бызьылыны
1334,rennen::V,दौड़ना,бызьылыны
1335,springen::V,उछलना,тэтчаны
1336,klettern::V,चढ़ना,тубаны
1337,schaukeln::V,झूलना,лэйканы
1338,schaukeln::V,झूलना,шонаськыны
1339,kriechen::V,रेंगना,нюж ветлыны
1340,schwimmen::V,तैरना,уяны
1341,tauchen::V,डूबना,зумылыны
1342,rudern::V,खेना,полсаны
1343,rudern::V,चप्पू चलाना,полсаны
1344,fahren::V,चलना,ветлыны
1345,fahren::V,यात्रा करना,ветлыны
1346,fliegen::V,उड़ना,лобаны
1347,gehen::V,जाना,мыныны
1348,weggehen::V,चला जाना,кошкыны
1349,weggehen::V,बाहर जाना,кошкыны
1350,abfahren::V,छूटना,кошкыны
1351,abfahren::V,रवाना होना,кошкыны
1352,anhalten::V,रुकना,дугдыны
1353,anhalten::V,खड़ा होना,дугдыны
1354,hineingehen::V,घुसना,пырыны
1355,hineingehen::V,अंदर जाना,пырыны
1356,eintreten::V,प्रवेश करना,пырыны
1357,kommen::V,आना,вуыны
1358,kommen::V,आना,лыктыны
1359,ankommen::V,पहुँचना,вуыны
1360,zurückkommen::V,लौटना,берытскыны
1361,zurückkommen::V,वापस आना,берытскыны
1362,bleiben::V,रहना,кыльыны
1363,bleiben::V,रुकना,кыльыны
1364,warten::V,इंतज़ार करना,витьыны
1365,erwarten::V,प्रतीक्षा करना,витьыны
1366,erwarten::V,प्रतीक्षा करना,возьманы
1367,suchen::V,ढूँढ़ना,утчаны
1368,finden::V,पाना,шедьтыны
1369,finden::V,ढूँढ़ निकालना,шедьтыны
1370,versuchen::V,कोशिश करना,турттыны
1371,vorbereiten::V,तैयार करना,дасяны
1372,lieben::V,प्यार करना,гажаны
1373,mögen::V,पसंद होना,яратыны
1374,lachen::V,हँसना,серекъяны
1375,rühren::V,छूना,сюлме йӧтыны
1376,weinen::V,रोना,бӧрдыны
1377,schimpfen::V,गाली देना,даллашыны
1378,sich ärgern::V,चिढ़ना,лекъяськыны
1379,sich ärgern::V,नाराज़ होना,лекъяськыны
1380,sich fürchten::V,डरना,кышканы
1381,sich fürchten::V,डरना,курданы
1382,sich fürchten::V,भय खाना,кышканы
1383,sich fürchten::V,भय खाना,курданы
1384,fürchten::V,डरना से,курданы
1385,fürchten::V,डरना से,кышканы
1386,fürchten::V,भय खाना से,курданы
1387,fürchten::V,भय खाना से,кышканы
1388,fliehen::V,भागना,пегӟыны
1389,flüchten::V,निकल भागना,пегӟыны
1390,sehen::V,देखना,адӟыны
1391,anschauen::V,देखना,учкыны
1392,ansehen::V,दृष्टि डालना पर,учкыны
1393,hören::V,सुनना,кылыны
1394,zuhören::V,सुनना,кылзыны
1395,probieren::V,चखना,веръяны
1396,riechen::V,सूँघना,зынъяны
1397,fühlen::V,महसूस करना,шӧдыны
1398,scheinen::V,लगना,адскыны
1399,zu sehen sein::V,दिखाई देना,адӟиськыны
1400,vernehmen::V,सुनना,кылыны
1401,frieren::V,ठंड लगना,кынмыны
1402,frieren::V,सर्दी लगना,кынмыны
1403,tun::V,करना,карыны
1404,können::V,सकना,быгатыны
1405,können::V,जानना,быгатыны
1406,wollen::V,चाहना,потыны
1407,anfangen::V,शुरू करना,кутскыны
1408,beenden::V,ख़त्म करना,быдтыны
1409,beenden::V,ख़त्म करना,быдэстыны
1410,beenden::V,समाप्त करना,быдтыны
1411,beenden::V,समाप्त करना,быдэстыны
1412,aufhören::V,बंद जाना,дугдыны
1413,aufhören::V,समाप्त जाना,дугдыны
1414,gelingen::V,बनना,быгатыны
1415,gelingen::V,बनना,луыны
1416,gelingen::V,अच्छा होना,быгатыны
1417,gelingen::V,अच्छा होना,луыны
1418,geraten::V,बन पड़ना,лэсяны
1419,öffnen::V,खोलना,усьтыны
1420,schließen::V,बंद करना,пытсаны
1421,stellen::V,रखना,пуктыны
1422,setzen::V,रखना,пуктыны
1423,setzen::V,बिठाना,пуктыны
1424,legen::V,रखना,поныны
1425,legen::V,लिटाना,поныны
1426,berühren::V,छूना,исаны
1427,berühren::V,स्पर्श करना,исаны
1428,verbinden::V,बाँधना,герӟаны
1429,bedecken::V,ढकना,пытсаны
1430,aufhängen::V,लटकाना,ошыны
1431,anzünden::V,जलाना,ӝуатыны
1432,aufheben::V,उठाना,ӝутыны
1433,zurücklassen::V,पीछे छोड़ना,кельтыны
1434,verlieren::V,खोना,ыштыны
1435,verlieren::V,गँवाना,ыштыны
1436,fallen lassen::V,गिराना,уськытыны
1437,machen::V,करना,лэсьтыны
1438,machen::V,बनाना,лэсьтыны
1439,herstellen::V,बनाना,лэсьтыны
1440,herstellen::V,तैयार करना,лэсьтыны
1441,bauen::V,बनाना,пуктыны
1442,bauen::V,निर्माण करना,пуктыны
1443,reparieren::V,मरम्मत करना,тупатыны
1444,verbessern::V,सुधारना,умоятыны
1445,ändern::V,बदलना,воштыны
1446,ändern::V,परीवर्तन करना,воштыны
1447,graben::V,खोदना,копаны
1448,beugen::V,झुकाना,губыртыны
1449,biegen::V,झुकाना,куасаны
1450,drehen::V,फेरना,бергатыны
1451,drehen::V,घुमाना,бергатыны
1452,wenden::V,पलटना,берыктыны
1453,wenden::V,मोड़ना,берыктыны
1454,umdrehen::V,घुमाना,берыктыны
1455,heben::V,उठाना,ӝутыны
1456,heben::V,ऊँचा करना,ӝутыны
1457,hochheben::V,उठाना,ӝутъяны
1458,hochheben::V,ऊपर को उठाना,ӝутъяны
1459,ergreifen::V,पकड़ना,кутыны
1460,ergreifen::V,पकड़ना,кырмыны
1461,ergreifen::V,हाथ में लेना,кутыны
1462,ergreifen::V,हाथ में लेना,кырмыны
1463,halten::V,धरना,возьыны
1464,halten::V,पकड़ना,возьыны
1465,drücken::V,दबाना,зӥбыны
1466,drücken::V,दबाना,пачкатыны
1467,schieben::V,सरकाना,донганы
1468,schieben::V,खिसकाना,донганы
1469,kratzen::V,खुरचना,вуштыны
1470,kratzen::V,खुजलाना,вуштыны
1471,lecken::V,चाटना,нюлыны
1472,beißen::V,काटना,куртчыны
1473,abreißen::V,तोड़ना,ишкалтыны
1474,abschneiden::V,काट करना,шорыны
1475,abschneiden::V,काट करना,вандыны
1476,binden::V,बाँधना,керттыны
1477,stecken::V,खोंसना,мертчытыны
1478,brechen::V,तोड़ना,тӥяны
1479,klopfen::V,खटखटाना,йыганы
1480,klopfen::V,खटखटाना,шарккетыны
1481,hauen::V,ठोकना,жугыны
1482,hauen::V,ठोकना,тышканы
1483,kleben::V,चिपकाना,лякыны
1484,reiben::V,घिसना,зыраны
1485,reiben::V,घिसना,вуштыны
1486,reiben::V,रगड़ना,зыраны
1487,reiben::V,रगड़ना,вуштыны
1488,streichen::V,लगाना,зыраны
1489,schleifen::V,तेज़ करना,шерыны
1490,schneiden::V,कतरना,вандыны
1491,rütteln::V,झकझोरना,зуркатыны
1492,schütteln::V,हिलाना,куалекъятыны
1493,schwenken::V,घुमाना,шонаны
1494,schütten::V,उँडेलना,лэзьыны
1495,füllen::V,भरना,тырмытыны
1496,füllen::V,ठूसना,тырмытыны
1497,einwickeln::V,लपेटना,биньыны
1498,tragen::V,ढोना,нуыны
1499,schleppen::V,घसीटना,кыскыны
1500,ziehen::V,खींचना,кыскыны
1501,aufbewahren::V,रखना,возьыны
1502,werfen::V,फेंकना,куяны
1503,werfen::V,फेंकना,лэзяны
1504,fangen::V,पकड़ना,кутыны
1505,packen::V,पकड़ना,кутыны
1506,packen::V,पकड़ना,кырмыны
1507,verstecken::V,छिपाना,ватыны
1508,teilen::V,बाँटना,люкыны
1509,schicken::V,भेजना,ыстыны
1510,bringen::V,लाना,вайыны
1511,hinzufügen::V,जोड़ना,ватсаны
1512,bekommen::V,पाना,басьтыны
1513,erhalten::V,पाना,басьтыны
1514,erhalten::V,मिलना,басьтыны
1515,nehmen::V,लेना,кутыны
1516,nehmen::V,लेना,басьтыны
1517,wählen::V,चुनना,бырйыны
1518,auswählen::V,चुनना,бырйыны
1519,bewahren::V,बनाए रखना,возьыны
1520,behindern::V,रोकना,могӟытыны
1521,verderben::V,ख़राब करना,сӧрыны
1522,beschädigen::V,नुक़सान पहुँचाना,урод лэсьтыны
1523,zerbrechen::V,तोड़ना,сӧрыны
1524,zerreißen::V,तोड़ना,кесяны
1525,zerstören::V,नष्ट करना,куашкатыны
1526,zerstören::V,बरबाद करना,куашкатыны
1527,verbrennen::V,जलाना,сутыны
1528,geben::V,देना,сётыны
1529,reichen::V,थमाना,сётыны
1530,schenken::V,भेंट देना,кузьманы
1531,versprechen::V,वादा करना,кыл сётыны
1532,wünschen::V,कामना करना,сӥзьыны
1533,loben::V,तारीफ़ करना,ушъяны
1534,küssen::V,चूमना,чупаны
1535,wiegen::V,झुलाना,веттаны
1536,wiegen::V,झुलाना,лэйкатыны
1537,zudecken::V,ढकना,шобыртыны
1538,wecken::V,जगाना,сайкатыны
1539,zeigen::V,दिखाना,возьматыны
1540,führen::V,रास्ता दिखाना,нуыны
1541,lehren::V,पढ़ाना,дышетыны
1542,unterrichten::V,सिखाना,дышетыны
1543,aufziehen::V,पालना,будэтыны
1544,leiten::V,संचालन करना,кивалтыны
1545,antreiben::V,हड़बड़ाना,дыртытыны
1546,lassen::V,-आना,-ытыны
1547,lassen::V,कराना,-ытыны
1548,einladen::V,बुलाना,ӧтьыны
1549,vereinigen::V,मिलाना,огазеяны
1550,vereinigen::V,संयुक्त करना,огазеяны
1551,besuchen::V,मिलना से,адӟыськыны
1552,besuchen::V,मिलने जाना से,адӟыськыны
1553,treffen::V,मिलना,пумитаны
1554,sich versammeln::V,इकट्ठा होना,люкаськыны
1555,spielen::V,खेलना,шудыны
1556,singen::V,गाना,кырӟаны
1557,tanzen::V,नाचना,эктыны
1558,sich trennen::V,अलग होना,люкиськыны
1559,verlassen::V,छोड़ना,куштыны
1560,retten::V,बचाना,утьыны
1561,bewachen::V,आँख रखना पर,возьманы
1562,schützen::V,रक्षा करना,утялтыны
1563,verteidigen::V,रक्षा करना,возьманы
1564,sich schlagen::V,हाथापाई करना,жугиськыны
1565,schießen::V,गोली मारना,ыбылӥськны
1566,siegen::V,जीतना,вормыны
1567,siegen::V,विजय पाना,вормыны
1568,ärgern::V,चिढ़ाना,вожпоттыны
1569,schlagen::V,मारना,жуккыны
1570,treten::V,ठोकर मारना,лёганы
1571,stechen::V,भेदना,бышкалтыны
1572,stechen::V,भोंकना,бышкалтыны
1573,stoßen::V,धक्का देना,донгыны
1574,stoßen::V,झटका देना,донгыны
1575,stehlen::V,चोरी करना,вораны
1576,stehlen::V,चोरी करना,лушканы
1577,stören::V,बुरा लगना,люкетыны
1578,belästigen::V,तंग करना,акыльтыны
1579,belästigen::V,तंग करना,вукылмыны
1580,verbergen::V,लुकाना,ватыны
1581,täuschen::V,धोखा देना,алданы
1582,betrügen::V,धोखा देना,пӧяны
1583,töten::V,मारना,виыны
1584,töten::V,मार डालना,виыны
1585,wohnen::V,रहना,улыны
1586,arbeiten::V,काम करना,ужаны
1587,sammeln::V,जमा करना,бичаны
1588,pflücken::V,चुनना,ишкыны
1589,pflücken::V,तोड़ना,ишкыны
1590,jagen::V,आखेट करना,пӧйшураны
1591,jagen::V,शिकार करना,пӧйшураны
1592,fischen::V,मछली पकड़ना,чорыганы
1593,fassen::V,पकड़ना,кутыны
1594,hüten::V,चराना,возьманы
1595,treiben::V,हाँकना,улляны
1596,anbinden::V,बाँधना,думыны
1597,füttern::V,खिलाना,сюдыны
1598,melken::V,दुहना,кыскыны
1599,hacken::V,काटना,кораны
1600,gießen::V,सींचना,киськаны
1601,reifen::V,पकना,вуыны
1602,reifen::V,पकना,кисьманы
1603,zubereiten::V,पकाना,лесьтыны
1604,kochen::V,पकाना,пӧзьтыны
1605,kochen::V,राँधना,пӧзьтыны
1606,backen::V,पकाना,пыжыны
1607,braten::V,तलना,пыжыны
1608,braten::V,भूनना,пыжыны
1609,umrühren::V,फेंटना,сураны
1610,stricken::V,बुनना,керттыны
1611,nähen::V,सीना,вурыны
1612,färben::V,रँगना,буяны
1613,reinigen::V,साफ़ करना,сузяны
1614,reinigen::V,शुद्ध करना,сузяны
1615,waschen::V,धोना,мисьтаськыны
1616,abwischen::V,पोंछ्ना,ӵушылыны
1617,spülen::V,माँजना,гылъяны
1618,spülen::V,खँगालना,гылъяны
1619,fegen::V,बुहारना,ӵужыны
1620,kehren::V,झाड़ना,ӵужыны
1621,baden::V,स्नान करना,пыласькыны
1622,sich waschen::V,नहाना,пыласькыны
1623,sich waschen::V,हाथ-मुँह धोना,пыласькыны
1624,ausziehen::V,उतारना,кыльыны
1625,anziehen::V,पहनना,дӥсяны
1626,sich anziehen::V,कपड़े पहनना,дӥсьяськыны
1627,kämmen::V,कंघी करना,сынаны
1628,schmücken::V,सजाना,чеберъяны
1629,schmücken::V,सँवारना,чеберъяны
1630,sagen::V,कहना,шуыны
1631,sagen::V,कहना,вераны
1632,sagen::V,बताना,шуыны
1633,sagen::V,बताना,вераны
1634,sprechen::V,बोलना,вераськыны
1635,reden::V,बोलना,вераськыны
1636,reden::V,बात करना,вераськыны
1637,sich unterhalten::V,बात करना,вераськыны
1638,sich unterhalten::V,बातचीत करना,вераськыны
1639,fragen::V,पूछ्ना,юаны
1640,fragen::V,प्रश्न करना,юаны
1641,bitten::V,माँगना से,курыны
1642,erzählen::V,बताना,вераны
1643,erzählen::V,बताना,мадьыны
1644,mitteilen::V,ख़बर देना,ивортыны
1645,mitteilen::V,सूचना देना,ивортыны
1646,nennen::V,नाम देना,шуыны
1647,rufen::V,बुलाना,ӧтьыны
1648,prahlen::V,शेख़ी बघारना,ушъяськыны
1649,übersetzen::V,अनुवाद करना,берыктыны
1650,denken::V,सोचना,малпаны
1651,glauben::V,विश्वास करना,оскыны
1652,bemerken::V,ध्यान देना पर,адӟыны
1653,erkennen::V,पहचानना,тодыны
1654,begreifen::V,समझना,валаны
1655,verstehen::V,सुनना,валаны
1656,lernen::V,पढ़ना,дышетскыны
1657,wissen::V,जानना,тодыны
1658,wissen::V,मालूम होना,тодыны
1659,sich erinnern an::V,याद करना,тодэ вайыны
1660,vergessen::V,भूलना,вунэтыны
1661,vergessen::V,बिसारना,вунэтыны
1662,messen::V,नापना,мертаны
1663,zählen::V,गिनना,лыдъяны
1664,rechnen::V,गणना करना,лыдъяны
1665,rechnen::V,हिसाब करना,лыдъяны
1666,lesen::V,पढ़ना,лыдӟыны
1667,malen::V,कींचना,суреданы
1668,zeichnen::V,चित्र कींचना,суреданы
1669,schreiben::V,लिखना,гожъяны
1670,besitzen::V,मालिक होना,луыны
1671,besitzen::V,स्वामी होना,луыны
1672,kaufen::V,ख़रीदना,басьтыны
1673,verkaufen::V,बेचना,вузаны
1674,bezahlen::V,चुकाना,тырыны
1675,bezahlen::V,अदा करना,тырыны
1676,zahlen::V,अदा करना,тырыны
1677,beherrschen::V,शासन करना पर,кузёяськыны
1678,ertragen::V,सहना,чиданы
