,Concept_ID,ja,av
0,Auge::N,目,
1,Ohr::N,耳,гӏин
2,Nase::N,鼻,мегӏер
3,Mund::N,口,кӏал
4,Zahn::N,歯,гӏус
5,Zunge::N,舌,мацӏ
6,Lippe::N,唇,кӏветӏ
7,Wange::N,頬,гӏоно
8,Gesicht::N,顔,гьумер
9,Stirn::N,額,нодо
10,Haar::N,髪,рас
11,Schnurrbart::N,口髭,михъ
12,Bart::N,髭,мегеж
13,Kinn::N,顎,нилъу
14,Kiefer[Anatomie]::N,顎,чанагъ
15,Kehle::N,喉,щекъер
16,Hals::N,首,габур
17,Genick::N,首,гъванща
18,Kopf::N,頭,бетӏер
19,Rücken::N,背中,мугъ
20,Bauch::N,腹,чехь
21,Bauch::N,お腹,чехь
22,Nabel::N,へそ,цӏину
23,Busen::N,乳房,керен
24,Brust::N,胸,керен
25,Schulter::N,肩,гъажазубетӏер
26,Arm::N,腕,гъеж
27,Ellenbogen::N,肘,гӏункӏрукь
28,Hand::N,手,квер
29,Handfläche::N,手のひら,огъохъат
30,Handfläche::N,手のひら,жанисахъат
31,Finger::N,指,килищ
32,Fingernagel::N,爪,малъ
33,Nagel[Anatomie]::N,爪,малъ
34,Zeh::N,足の指,килищ
35,Fuß::N,足,хӏетӏ
36,Fuß::N,足,хӏетӏе
37,Ferse::N,かかと,эгъе
38,Knie::N,膝,наку
39,Oberschenkel::N,上腿,мачӏ
40,Bein::N,足,бох
41,Körper::N,体,къаркъала
42,Haut::N,皮膚,тӏом
43,Blut::N,血,би
44,Ader::N,血管,бидурихь
45,Sehne::N,腱,
46,Knochen::N,骨,ракьа
47,Gehirn::N,脳,гӏадалнах
48,Herz::N,心,ракӏ
49,Herz::N,心臓,ракӏ
50,Magen::N,胃,кванирукъ
51,Leber::N,肝臓,тӏул
52,Atem::N,息,хӏухь
53,Atem::N,呼吸,хӏухь
54,Hunger::N,空腹,ракъи
55,Träne::N,涙,магӏу
56,Geschmack::N,味,тату
57,Geruch::N,匂い,махӏ
58,Schlaf::N,睡眠,макьу
59,Traum::N,夢,макьу
60,Himmel::N,空,зоб
61,Sonne::N,太陽,бакъ
62,Mond::N,月,моцӏ
63,Stern::N,星,цӏва
64,Luft::N,空気,гьава
65,Wind::N,風,гьури
66,Welle::N,波,карачел
67,Wasser::N,水,лъим
68,Stein::N,石,гьецӏо
69,Boden::N,土地,ракь
70,Erde::N,土,ракь
71,Erde::N,土,дуниял
72,Staub::N,埃,хӏур
73,Rauch::N,煙,кӏкӏуй
74,Funke::N,火花,
75,Feuer::N,火,цӏа
76,Licht::N,光,канлъи
77,Schatten::N,陰,рагӏад
78,Wetter::N,天気,гьава-бакъ
79,Nebel::N,霧,гӏодобнакӏкӏ
80,Wolke::N,雲,накӏкӏ
81,Regen::N,雨,цӏад
82,Schnee::N,雪,гӏазу
83,Eis::N,氷,цӏер
84,Frost::N,霜,замгьари
85,Kälte::N,寒さ,квач
86,Hitze::N,暑さ,багӏари
87,Raureif::N,霧氷,мартӏ
88,Regenbogen::N,虹,нур
89,Regenbogen::N,虹,чамбара
90,Donner::N,雷,гъугъай
91,Donner::N,雷,гъугъади
92,Strömung::N,流れ,чвахи
93,Tropfen::N,滴,резел
94,Tropfen::N,滴,тӏинкӏ
95,Tropfen::N,滴,къатӏра
96,Tropfen::N,滴,тӏенкӏел
97,Schaum::N,泡,полоп
98,Schmutz::N,汚れ,чороклъи
99,See::N,湖,хӏор
100,Sumpf::N,沼,хьуцӏ
101,Moor::N,湿原,
102,Wiese::N,草原,мегъ
103,Wiese::N,草原,гӏурдаллъи
104,Wald::N,森,рохь
105,Hügel::N,丘,гохӏ
106,Anhöhe::N,高み,сийитма
107,Berg::N,山,мегӏер
108,Gipfel::N,頂上,тӏогь
109,Höhle::N,洞窟,нохъо
110,Abhang::N,斜面,лабаллъи
111,Quelle::N,泉,ицц
112,Bach::N,小川,лъар
113,Fluss::N,川,гӏор
114,Ufer::N,岸,рагӏал
115,Küste::N,海岸,рагӏал
116,Festland::N,陸,ракь
117,Festland::N,陸,ракъдаллъи
118,Meer::N,海,ралъад
119,Bucht::N,湾,кӏветӏ
120,Insel::N,島,чӏинкӏиллъи
121,Blume::N,花,тӏегь
122,Gras::N,草,хер
123,Wurzel::N,根,кьибил
124,Baum::N,木,гъветӏ
125,Stamm::N,幹,рохти
126,Rinde::N,皮層,макъар
127,Ast::N,枝,ноцӏ
128,Zweig::N,小枝,гӏаркьел
129,Blatt::N,葉,тӏамах
130,Birke::N,樺,мах
131,Birke::N,樺,махигъветӏ
132,Kiefer[Baum]::N,松,накӏкӏигъветӏ
133,Weide[Baum]::N,柳,рицӏцӏ
134,Weide[Baum]::N,柳,рицӏцӏигъветӏ
135,Tanne::N,樅,ёлка
136,Horn::N,角,лълъар
137,Feder::N,羽根,хӏули
138,Fell::N,毛皮,тӏом
139,Fell::N,毛皮,цӏоко
140,Flügel::N,羽,кваркьи
141,Klaue::N,鉤爪,галъ
142,Kralle::N,爪,квачӏ
143,Kralle::N,爪,катиквачӏ
144,Schwanz::N,尻尾,рачӏ
145,Ei::N,卵,хоно
146,Nest::N,巣,бусен
147,Bau::N,穴,каратӏ
148,Tier::N,動物,хӏайван
149,Herde::N,群れ,рехъен
150,Herde::N,群れ,рехъед
151,Kuh::N,牛,гӏака
152,Bulle::N,雄牛,оц
153,Pferd::N,馬,чу
154,Schaf::N,羊,чахъу
155,Schwein::N,豚,болъон
156,Hund::N,犬,гьой
157,Katze::N,猫,кету
158,Bär::N,熊,ци
159,Eichhörnchen::N,栗鼠,гвангва
160,Elch::N,ヘラジカ,
161,Fuchs::N,狐,цер
162,Hase::N,兎,гӏанкӏ
163,Maus::N,鼠,гӏункӏкӏ
164,Wolf::N,狼,бацӏ
165,Vogel::N,鳥,хӏинчӏ
166,Schwarm::N,群れ,тӏел
167,Huhn::N,鶏,гӏанкӏу
168,Hahn::N,雄鶏,хӏелеко
169,Gans::N,ガチョウ,хъаз
170,Adler::N,鷲,цӏум
171,Ente::N,鴨,ордек
172,Eule::N,フクロウ,беццаруз
173,Kranich::N,鶴,къункъра
174,Krähe::N,烏,гъеду
175,Kuckuck::N,郭公,гагу
176,Schwan::N,白鳥,хӏанкъва
177,Fisch::N,魚,ччугӏа
178,Barsch::N,鱸,окунь
179,Hecht::N,川魳,щука
180,Schlange[Tier]::N,蛇,борохь
181,Wurm::N,虫,хӏапара
182,Spinne::N,蜘蛛,хъанхъра
183,Ameise::N,蟻,цӏунцӏра
184,Laus::N,虱,нацӏ
185,Mücke::N,蚊,кӏкӏара
186,Fliege::N,蝿,тӏутӏ
187,Schmetterling::N,蝶,кӏалкӏучӏ
188,Beere::N,漿果,
189,Apfel::N,林檎,гӏеч
190,Pilz::N,茸,гӏурдахӏан
191,Zwiebel::N,玉葱,кӏочӏопер
192,Saat::N,種,хьон
193,Korn::N,粒,мугь
194,Heu::N,干し草,хер
195,Schale::N,皮,хъал
196,Grube::N,穴,гвенд
197,Falle::N,わな,къор
198,Falle::N,わな,къотен
199,Schlinge::N,輪,кӏичӏ
200,Spur::N,跡,лъалкӏ
201,Asche::N,灰,рахъу
202,Dreck::N,泥,гъиз
203,Dreck::N,泥,хӏарщ
204,Eisen::N,鉄,махх
205,Gold::N,金,месед
206,Silber::N,銀,гӏарац
207,Kohle::N,炭,тӏурччи
208,Glas::N,ガラス,цӏер
209,Lehm::N,ローム,хӏатӏ
210,Sand::N,砂,сали
211,Mensch::N,人,чи
212,Mann::N,男,бихьинчи
213,Mann::N,男性,бихьинчи
214,Frau::N,女,гӏадан
215,Frau::N,女性,гӏадан
216,Kind::N,子,лъимер
217,Kind::N,子供,лъимер
218,Junge::N,男の子,вас
219,Mädchen::N,女の子,яс
220,Familie::N,家族,хъизан
221,Großvater::N,祖父,кӏудада
222,Großvater::N,おじいさん,кӏудада
223,Großmutter::N,祖母,кӏодо
224,Großmutter::N,おばあさん,кӏодо
225,Eltern::N,親,эбел-эмен
226,Eltern::N,両親,эбел-эмен
227,Vater::N,父,эмен
228,Vater::N,お父さん,эмен
229,Mutter::N,母,эбел
230,Mutter::N,お母さん,эбел
231,Sohn::N,息子,вас
232,Sohn::N,息子さん,вас
233,Tochter::N,娘,яс
234,Tochter::N,お嬢さん,яс
235,Bruder::N,弟,вац
236,Schwester::N,妹,яц
237,Onkel::N,伯父,даци
238,Onkel::N,伯父さん,даци
239,Tante::N,叔母,ада
240,Tante::N,叔母さん,ада
241,Ehemann::N,夫,рос
242,Ehemann::N,主人,рос
243,Ehefrau::N,妻,чӏужу
244,Ehefrau::N,奥さん,чӏужу
245,Freude::N,喜び,ракӏбохи
246,Gelächter::N,笑い,релъи
247,Glück::N,幸せ,талихӏ
248,Glück::N,幸せ,талихӏ-рохел
249,Kummer::N,悩み,хӏалкъай
250,Wunsch::N,希望,къасд
251,Lust::N,気,гъира
252,Geist::N,精神,чӏанкӏ
253,Geist::N,精神,рухӏ-жан
254,Gedanke::N,考え,пикру
255,Gedächtnis::N,記憶,
256,Verstand::N,理解力,лумалъи
257,Verstand::N,理解力,цӏодорлъи
258,Sinn::N,意味,магӏна
259,Grund::N,理由,багьана
260,Wahrheit::N,真実,ритӏухълъи
261,Gespräch::N,会話,накъит
262,Märchen::N,童話,маргьа
263,Erzählung::N,物語,къиса
264,Nachricht::N,報告,хабар
265,Neuigkeit::N,ニュース,хабар-гӏазаб
266,Name::N,名前,цӏар
267,Rätsel::N,謎,бицанкӏо
268,Rede::N,演説,речь
269,Rede::N,演説,калам
270,Sprache::N,言語,мацӏ
271,Stimme::N,声,гьаракь
272,Wort::N,言葉,рагӏи
273,Zeichen::N,記号,ишара
274,Zeichen::N,記号,гӏаламат
275,Ruf::N,呼び声,ахӏи
276,Lärm::N,騒音,хъуй
277,Lärm::N,騒音,хъуди
278,Laut::N,音,гьаракь
279,Laut::N,音,сас
280,Ton::N,音,
281,Lied::N,歌,кечӏ
282,Ruhe::N,静けさ,рахӏат
283,Leute::N,人々,гӏадамал
284,Volk::N,民族,халкъ
285,Arbeit::N,仕事,хӏалтӏи
286,Gast::N,客,гьобол
287,Geschenk::N,贈り物,сайигъат
288,Spiel::N,遊び,хӏай
289,Spiel::N,遊び,расанди
290,Gesellschaft::N,社会,жамагӏат
291,Hilfe::N,援助,кумек
292,Freund::N,友達,гьудул
293,Kamerad::N,同志,гьалмагъ
294,Angelegenheit::N,件,къваригӏел
295,Anzahl::N,数,рикӏкӏен
296,Art::N,種類,жинс
297,Stück::N,部分,кесек
298,Teil::N,部分,пай
299,Hälfte::N,半分,бащдаб
300,Kreis::N,円,гор
301,Kreuz::N,十字,хъанч
302,Linie::N,線,мухъ
303,Strich::N,線,хӏучч
304,Abstand::N,距離,манзил
305,Entfernung::N,距離,манзил
306,Gegend::N,辺,рахъ
307,Gegend::N,地域,рахъ
308,Platz::N,ゆとり,бакӏ
309,Ort::N,所,бакӏ
310,Ort::N,場所,бакӏ
311,Seite::N,横,рахъ
312,Mitte::N,真ん中,бакьулъбакӏ
313,Gegenstand::N,物件,жо
314,Sache::N,物,жо
315,Rand::N,端,мицӏир
316,Kante::N,縁,рагӏал
317,Kante::N,縁,рагӏа-ракьан
318,Ecke::N,角,цили
319,Spitze::N,先頭,тӏогь
320,Ende::N,端,кӏал
321,Loch::N,穴,каратӏ
322,Winkel::N,片隅,
323,Muster::N,模様,накъиш
324,Größe::N,大きさ,кӏодо́лъи
325,Länge::N,長さ,халалъи
326,Höhe::N,高さ,борхалъи
327,Gewicht::N,重さ,бакӏлъи
328,Menge::N,量,
329,Haufen::N,堆積,гъуни
330,Reihe::N,並び,ирга́
331,Boot::N,ボート,раса
332,Ruder::N,オール,раххан
333,Schlitten::N,そり,чанагъ
334,Ski::N,スキー,лыжаби
335,Lagerfeuer::N,篝火,цӏа
336,Last::N,荷物,бакӏлъи
337,Gang::N,歩み,хьвади
338,Gang::N,歩み,хьвада-чӏвади
339,Schritt::N,歩,гали
340,Norden::N,北,шимал
341,Süden::N,南,юг
342,Süden::N,南,къибла
343,Westen::N,西,гъарб
344,Westen::N,西,магъриб
345,Osten::N,東,шаркъ
346,Osten::N,東,машрикъ
347,Holz::N,木,цӏул
348,Holz::N,木材,цӏул
349,Brett::N,板,хъарщи
350,Platte::N,盤,къоно
351,Stütze::N,支柱,
352,Stange::N,棒,гӏер
353,Stock::N,杖,тӏил
354,Stab::N,棒,гӏер
355,Rohr::N,管,турба
356,Haus::N,家,ригь
357,Haus::N,家,рукъзал
358,Heim::N,家,рукъ
359,Ofen::N,ストーブ,печь
360,Fußboden::N,床,чӏабар
361,Tisch::N,机,стол
362,Stuhl::N,椅子,бакӏу
363,Wiege::N,揺籃,кини
364,Bett::N,ベッド,кровать
365,Regal::N,棚,хъарщи
366,Kiste::N,箱,ящик
367,Kiste::N,箱,тӏалагъуд
368,Fenster::N,窓,гордо
369,Tür::N,戸,нуцӏа
370,Tür::N,ドア,нуцӏа
371,Tor::N,門,каву
372,Zaun::N,垣根,раци
373,Dach::N,屋根,тӏох
374,Leiter::N,梯子,мали
375,Besen::N,ほうき,жул
376,Spaten::N,スコップ,бел
377,Schaufel::N,シャベル,раххан
378,Gabel::N,フォーク,гӏучӏ
379,Löffel::N,スプーン,гъуд
380,Messer::N,ナイフ,нус
381,Nagel::N,釘,магӏ
382,Netz::N,網,гьин
383,Haken::N,鉤,гъанцӏа
384,Haken::N,フック,гъанцӏа
385,Griff::N,取っ手,гӏоркь
386,Schloss::N,錠,кӏулал
387,Bild::N,絵,сурат
388,Figur::N,像,
389,Puppe::N,人形,нани
390,Beutel::N,袋,таргьа
391,Bündel::N,束,къай
392,Bündel::N,包み,къай
393,Tasche::N,かばん,сумка
394,Tasche::N,かばん,къвачӏа
395,Eimer::N,バケツ,ведро
396,Deckel::N,蓋,тӏалъел
397,Deckel::N,蓋,дадитӏалъел
398,Geschirr::N,食器,цӏарагӏ
399,Sack::N,袋,хъап
400,Sack::N,袋,къандалъо
401,Tasse::N,カップ,чашка
402,Topf::N,鍋,хьаг
403,Kessel::N,釜,хьаг
404,Kessel::N,釜,гереги
405,Essen::N,食事,тӏагӏам
406,Nahrung::N,食物,квен
407,Speise::N,料理,квен
408,Fleisch::N,肉,гьан
409,Getreide::N,麦,бугӏа-ролъ
410,Getreide::N,麦,могьолабл_культураби
411,Getreide::N,穀物,бугӏа-ролъ
412,Getreide::N,穀物,могьолабл_культураби
413,Brei::N,粥,карщ
414,Brot::N,パン,чед
415,Scheibe::N,枚,мочӏу
416,Scheibe::N,切れ,мочӏу
417,Fett::N,脂肪,беэнлъи
418,Butter::N,バター,нах
419,Öl::N,油,нах
420,Salz::N,塩,цӏам
421,Suppe::N,スープ,чурпа
422,Honig::N,蜂蜜,гьоцӏо
423,Milch::N,牛乳,рахь
424,Tee::N,茶,чай
425,Tee::N,お茶,чай
426,Leder::N,革,тӏом
427,Wolle::N,毛糸,квас
428,Stoff::N,布,ххам
429,Nadel::N,針,рокӏкӏен
430,Faden::N,糸,кун
431,Knopf::N,ボタン,маргъал
432,Knoten::N,結び目,гарацӏ
433,Farbe::N,ペンキ,релъен
434,Kleidung::N,衣服,ретӏел
435,Hemd::N,シャツ,гурде
436,Kragen::N,襟,габур
437,Ärmel::N,袖,къвал
438,Hose::N,ズボン,тӏажу
439,Gürtel::N,帯,рачел
440,Gürtel::N,ベルト,рачел
441,Mütze::N,帽子,тӏагъур
442,Schuh::N,靴,
443,Stiefel::N,ブーツ,этек
444,Stiefel::N,ブーツ,чакма
445,Ring::N,輪,баргъич
446,Band::N,リボン,лента
447,Kamm::N,櫛,гьоркьо
448,Spiegel::N,鏡,матӏу
449,Riemen::N,緒,рижу
450,Schnur::N,紐,
451,Leine::N,綱,
452,Decke::N,掛け布団,одея́ло
453,Kissen::N,枕,къандалъо
454,Tuch::N,スカーフ,квархьи
455,Handtuch::N,タオル,беркӏалрацӏцӏ
456,Kraft::N,力,гуч
457,Kraft::N,力,къуват
458,Stärke::N,強さ,хӏалкӏвей
459,Gesundheit::N,健康,сахлъи́
460,Krankheit::N,病気,унти
461,Krankheit::N,病気,щокълъи
462,Schmerz::N,痛み,унти
463,Wunde::N,傷,ругъун
464,Fieber::N,熱,цӏа-кан
465,Arznei::N,薬,дару
466,Brücke::N,橋,кьо
467,Brunnen::N,井戸,гъуй
468,Weide::N,牧場,рицӏцӏ
469,Weide::N,牧場,лъичӏирма
470,Weide::N,牧場,гӏурдаллъи
471,Weide::N,牧場,ри́цӏигъветӏ
472,Weide::N,牧場,рицӏцӏигъветӏ
473,Pfad::N,小路,сухъмахъ
474,Weg::N,道,нух
475,Straße::N,街道,нух
476,Dorf::N,村,росу
477,Stadt::N,町,шагьар
478,Stadt::N,都市,шагьар
479,Brief::N,手紙,кагъат
480,Brief::N,手紙,рисалат
481,Buch::N,本,тӏехь
482,Buchstabe::N,文字,хӏарп
483,Zeitung::N,新聞,газет
484,Leben::N,生活,яшав
485,Tod::N,死,хвел
486,Grab::N,墓,хоб
487,Kirche::N,教会,килиса
488,Sünde::N,罪,хӏакъ
489,Sünde::N,罪,мунагь
490,Gott::N,神,бичас
491,Gott::N,神,аллагь
492,Arbeiter::N,労働者,хӏалтӏухъан
493,Chef::N,上司,хӏаким
494,Chef::N,上司,начальник
495,Meister::N,達人,устар
496,Meister::N,達人,мастер
497,Meister::N,達人,махщалилав
498,Meister::N,マイスター,устар
499,Meister::N,マイスター,мастер
500,Meister::N,マイスター,махщалилав
501,Arzt::N,医者,жайрахӏ
502,Lehrer::N,先生,мугӏалим
503,Geld::N,金,гӏарац
504,Geschäft::N,取り引き,
505,Laden::N,店,тукен
506,Preis::N,値段,багьа
507,Ware::N,商品,къайи
508,Nutzen::N,利益,мунпагӏат
509,Reichtum::N,豊かさ,бечелъи
510,Welt::N,世界,дуниял
511,Land::N,国,улка
512,Land::N,国,икълим
513,Staat::N,国家,пачалихъ
514,König::N,国王,пача
515,König::N,国王,малик
516,König::N,国王,къирал
517,König::N,国王,падишагь
518,Macht::N,権力,кверщел
519,Grenze::N,国境,гӏорхъи
520,Krieg::N,戦争,рагъ
521,Feind::N,敵,тушман
522,Gewalt::N,暴力,зулму
523,Kampf::N,戦い,къеркьей
524,Bogen[Waffe]::N,弓,газаргъо
525,Pfeil::N,矢,чӏор
526,Gewehr::N,銃,туманкӏ
527,Fehler::N,間違い,гъалатӏ
528,Lüge::N,嘘,гьереси
529,Schaden::N,損害,зиян
530,Schaden::N,損害,зарал
531,Unglück::N,不幸,балагь
532,Schuld::N,罪,гӏайиб
533,Alter::N,年,гӏумру
534,Alter::N,年齢,гӏумру
535,Schluss::N,終わり,ахир
536,Zeit::N,時,заман
537,Zeit::N,時間,заман
538,Tag::N,日,къо
539,Morgen::N,朝,радалмех
540,Mittag::N,昼,къадемех
541,Abend::N,晩,релъедамех
542,Abend::N,夕方,релъедамех
543,Nacht::N,夜,сордо
544,Woche::N,週,анкь
545,Monat::N,月,моцӏ
546,Jahr::N,年,сон
547,Jahr::N,年,лъагӏел
548,Frühling::N,春,их
549,Sommer::N,夏,рии
550,Herbst::N,秋,хасалихълъи
551,Winter::N,冬,кьин
552,Januar::N,一月,январь
553,Februar::N,二月,февра́ль
554,März::N,三月,март
555,April::N,四月,апрель
556,Mai::N,五月,май
557,Juni::N,六月,июнь
558,Juli::N,七月,июль
559,August::N,八月,август
560,September::N,九月,сентябрь
561,Oktober::N,十月,октябрь
562,November::N,十一月,ноябрь
563,Dezember::N,十二月,декабрь
564,Montag::N,月曜日,итни
565,Dienstag::N,火曜日,талат
566,Mittwoch::N,水曜日,арбагӏ
567,Donnerstag::N,木曜日,хамиз
568,Freitag::N,金曜日,рузман
569,Samstag::N,土曜日,щамат
570,Sonntag::N,日曜日,гьатӏан
571,groß::A,大きい,кӏудияб
572,klein::A,小さい,гьитӏинаб
573,lang::A,長い,халатаб
574,kurz::A,短い,къокъаб
575,breit::A,広い,гӏебаб
576,schmal::A,狭い,къваридаб
577,dicht::A,密な,ризаб
578,dick[Gegenstand]::A,厚い,бицатаб
579,dünn::A,薄い,тӏеренаб
580,fein::A,細い,тӏеренаб
581,fest::A,硬い,къвакӏараб
582,flach::A,平らな,чӏепараб
583,glatt::A,滑らかな,цӏвакараб
584,hart::A,堅い,кьварараб
585,weich::A,柔らかい,тамахаб
586,rund::A,丸い,гургинаб
587,spitz::A,尖った,бегӏераб
588,scharf::A,鋭い,рекӏараб
589,stumpf::A,鈍い,тӏехӏараб
590,stumpf::A,鈍い,рекӏинчӏеб
591,schwer::A,重い,бакӏаб
592,schön::A,綺麗な,берцинаб
593,heiß::A,熱い,лагьараб
594,warm::A,温かい,хинаб
595,kalt::A,寒い,квачараб
596,kalt::A,冷たい,квачараб
597,kühl::A,涼しい,квачараб
598,frisch::A,ひんやりした,цӏияб
599,feucht::A,湿った,рагьараб
600,nass::A,濡れた,би́ччараб
601,trocken::A,乾いた,бакъвараб
602,voll::A,いっぱいの,
603,leer::A,空の,чӏобогояб
604,offen::A,開いた,рагьараб
605,geschlossen::A,閉まった,рахараб-къараб
606,sauber::A,清潔な,бацӏцӏадаб
607,schmutzig::A,汚い,гъизараб
608,roh::A,生の,хамаб
609,roh::A,生の,гӏатӏгояб
610,reif::A,熟した,барщараб
611,lecker::A,美味しい,тӏагӏамаб
612,süß::A,甘い,гьуинаб
613,bitter::A,苦い,кьогӏаб
614,sauer::A,酸っぱい,цӏекӏаб
615,hell::A,明るい,канаб
616,dunkel::A,暗い,бецӏаб
617,schwarz::A,黒い,чӏегӏераб
618,weiß::A,白い,хъахӏаб
619,rot::A,赤い,багӏараб
620,gelb::A,黄色い,гӏобилаб
621,gelb::A,黄色い,тӏогьилаб
622,blau::A,青い,хъахӏилаб
623,grün::A,緑の,гӏурччинаб
624,grau::A,灰色の,накӏкӏуяб
625,bunt::A,色取り取りの,къвекӏаб
626,bunt::A,色取り取りの,чара-гъараб
627,billig::A,安い,учузаб
628,teuer::A,高い,хири́яб
629,wertvoll::A,貴重な,къиматаб
630,blind::A,盲目の,беццаб
631,taub::A,耳が聞こえない,гъугъаб
632,kräftig::A,強力な,гучаб
633,stark::A,強い,къуватаб
634,schwach::A,弱い,гӏажизаб
635,fett::A,太った,кьарияб
636,schlank::A,ほっそりした,чергесаб
637,hübsch::A,素敵な,гьайбатаб
638,böse::A,悪い,ракӏквешаб
639,dumm::A,馬鹿な,гьагаб
640,dumm::A,馬鹿な,гӏантаб
641,faul::A,怠惰な,кӏохӏалаб
642,faul::A,怠惰な,кӏухӏа́лаб
643,fleißig::A,勤勉な,хӏаракатаб
644,geizig::A,けちな,къарумаб
645,klug::A,賢い,лумияб
646,klug::A,頭のいい,лумияб
647,geschickt::A,器用な,махщел бугев
648,lieb::A,愛らしい,гӏазизаб
649,lustig::A,楽しい,кепаб
650,sanft::A,温和な,хӏалимаб
651,sanft::A,温和な,хӏере́наб
652,hungrig::A,空腹の,бакъараб
653,krank::A,病気の,щокъаб
654,krank::A,病気の,унтараб
655,nackt::A,裸の,гӏицӏаб
656,nackt::A,裸の,чӏанкӏараб
657,traurig::A,悲しい,пашманаб
658,lebendig::A,生きた,чӏагояб
659,gut::A,良い,лъикӏаб
660,schlecht::A,悪い,къадараб
661,schlecht::A,駄目な,къадараб
662,richtig::A,正しい,битӏараб
663,schlimm::A,ひどい,нажасаб
664,schlimm::A,ひどい,къабихӏаб
665,wahr::A,本当の,хӏакъаб
666,wahr::A,本当の,битӏараб
667,alt::A,古い,басрияб
668,neu::A,新しい,цӏияб
669,ehemalig::A,以前の,цебе́госеб
670,alt[Lebewesen]::A,年を取った,хераб
671,jung::A,若い,тӏинчӏаб
672,jung::A,若い,гӏолохъанаб
673,arm::A,貧乏な,пакъираб
674,reich::A,裕福な,бечедаб
675,bekannt::A,有名な,лъалеб
676,berühmt::A,有名な,машгьураб
677,fremd::A,見知らぬ,чияр
678,verschieden::A,色々な,батӏи-батӏияб
679,nah::A,近い,гӏагарда бугеб
680,fern::A,遠い,рикӏкӏадаб
681,linker::A,左の,квегӏаб
682,rechter::A,右の,кваранаб
683,anderer::A,別の,батӏияб
684,erster::A,一番目,тӏоцебесеб
685,zweiter::A,二番目,кӏиабилеб
686,dritter::A,三番目,лъабабилеб
687,letzter::A,最後の,ахирисеб
688,allein::ADV,一人で,ялгъузго
689,auf einmal::ADV,同時に,цихӏинтӏаго
690,zusammen::ADV,一緒に,цойида
691,lange::ADV,長い間,
692,plötzlich::ADV,急に,цойидасанго
693,sofort::ADV,すぐに,гьебсагӏат
694,später::ADV,後で,
695,jetzt::ADV,今,гьанже
696,heute::ADV,今日,жакъа
697,morgen::ADV,明日,метер
698,bald::ADV,間もなく,гьабсагӏаталъ
699,dann::ADV,それから,цинги
700,gestern::ADV,昨日,сон
701,einst::ADV,過去に,цин
702,damals::ADV,あの時,гьебмехалъ
703,damals::ADV,あの時,гьебмехалда
704,danach::ADV,その後で,цинги
705,danach::ADV,その後で,хадуса
706,vorher::ADV,以前に,цебе
707,zuerst::ADV,まず,тӏоцебе
708,zuerst::ADV,最初に,тӏоцебе
709,einmal::ADV,一回,цинцӏул
710,einmal::ADV,一回,цихӏин
711,einmal::ADV,一回,цоцӏул
712,manchmal::ADV,時々,олоцӏул
713,oft::ADV,よく,гӏемерго
714,immer::ADV,いつも,кидаго
715,niemals::ADV,一度も...ない,киданиги
716,hier::ADV,こちら,аниб
717,hierhin::ADV,ここへ,анибехун
718,hierhin::ADV,こちらへ,анибехун
719,von hier::ADV,ここから,гьаниса
720,dort::ADV,そちら,гьениб
721,dorthin::ADV,そこへ,гьадаба
722,dorthin::ADV,そちらへ,гьадаба
723,geradeaus::ADV,真っ直ぐに,битӏутӏа
724,vorwärts::ADV,前へ,цебехун
725,rückwärts::ADV,後ろへ,нахъ-нахъ
726,zurück::ADV,後ろへ,нахъе
727,unten::ADV,下に,ахакь
728,unten::ADV,下に,гъоркь
729,hinab::ADV,下へ,эхебе
730,oben::ADV,上に,тӏад
731,oben::ADV,上に,тӏадехун
732,hinauf::ADV,上へ,эхеде
733,überall::ADV,どこでも,кибго
734,nicht::ADV,ない,
735,ein wenig::ADV,少し,дагьабго
736,ein wenig::ADV,ちょっと,дагьабго
737,kaum::ADV,ほとんど～ない,хӏалалъ
738,sehr::ADV,とても,кутакалда
739,so::ADV,こう,гьедин
740,noch::ADV,まだ,жеги
741,nur::ADV,～だけ,гӏӣцӏго
742,schon::ADV,もう,
743,wieder::ADV,再び,на́хъеги
744,vergebens::ADV,無駄に,чӏалгӏаде
745,vor::PRP,前に,цебе
746,hinter::PRP,後ろに,хадуса
747,unter::PRP,下に,ахакь
748,unter::PRP,下に,гъоркь
749,durch::PRP,通して,
750,neben::PRP,横に,аскӏо
751,zwischen::PRP,間に,гьоркьоб
752,wegen::PRP,為に,гьелда
753,wegen::PRP,せいで,гьелда
754,dies::PRN,これ,гьаб
755,dies::PRN,これ,гьеб
756,das::PRN,それ,доб
757,alles::PRN,全部,
758,ich::PRN,私,дун
759,du::PRN,あなた,дуца
760,er::PRN,彼,доб
761,wir::PRN,私達,ниж
762,ihr::PRN,あなた達,нуж
763,sie::PRN,彼ら,дол
764,sie::PRN,彼ら,эл
765,was::FPRN,何,щиб
766,wer::FPRN,誰,щиб
767,wer::FPRN,どなた,щиб
768,wo::FADV,どこ,киб
769,wo::FADV,どこ,кибехун
770,wo::FADV,どこに,киб
771,wo::FADV,どこに,кибехун
772,wohin::FADV,どこへ,кибехун
773,wie::FADV,どう,кин
774,warum::FADV,何故,щай
775,warum::FADV,どうして,щай
776,wieviel::FNUM,どのくらい,кигӏан
777,eins::NUM,一,цо
778,zwei::NUM,二,кӏиго
779,zwei::NUM,二つ,кӏиго
780,drei::NUM,三,лъабго
781,drei::NUM,三つ,лъабго
782,vier::NUM,四,ункъо
783,vier::NUM,四つ,ункъо
784,fünf::NUM,五,щуго
785,fünf::NUM,五つ,щуго
786,sechs::NUM,六,анлъго
787,sechs::NUM,六つ,анлъго
788,sieben::NUM,七,анкьго
789,sieben::NUM,七つ,анкьго
790,acht::NUM,八,микьго
791,acht::NUM,八つ,микьго
792,neun::NUM,九,ичӏго
793,neun::NUM,九つ,ичӏго
794,zehn::NUM,十,анцӏго
795,elf::NUM,十一,анцӏила цо
796,zwölf::NUM,十二,кӏиго-анцӏила
797,zwanzig::NUM,二十,къого
798,dreißig::NUM,三十,лъеберго
799,vierzig::NUM,四十,кӏикъого
800,fünfzig::NUM,五十,кӏикъо́ялда анцӏго
801,sechzig::NUM,六十,лъабкъого
802,siebzig::NUM,七十,лъабкъо́ялда анцӏго
803,achtzig::NUM,八十,ункъого
804,neunzig::NUM,九十,ункъоялда а́нцӏила
805,hundert::NUM,百,нусго
806,tausend::NUM,千,азарго
807,und::CNJ,-と,ва
808,und::CNJ,-と,-ги
809,und::CNJ,そして,ва
810,und::CNJ,そして,-ги
811,oder::CNJ,或いは,ялъуни
812,stehen::V,立っている,бахъунчӏезе
813,sitzen::V,座っている,гӏодов чӏезе
814,liegen::V,横になっている,бегизе
815,hängen::V,掛かっている,базе
816,werden::V,なる,бахъине
817,passieren::V,起こる,лъугьине
818,passieren::V,起こる,лъугьа-бахъине
819,beginnen::V,始まる,байбихьизе
820,enden::V,終わる,лъугӏизе
821,wechseln::V,変わる,хиса-басизе
822,wechseln::V,変わる,хисизе
823,aufgehen[Sonne]::V,出る,баккизе
824,untergehen[Sonne]::V,沈む,щинкӏизе
825,scheinen[Sonne]::V,輝く,къалъ-къалъизе
826,donnern::V,雷が鳴る,гъугъазе
827,wehen::V,吹く,пуйзе
828,strömen::V,流れる,чвахизе
829,fließen::V,流れる,чвахизе
830,sich drehen::V,回転する,сверизе
831,schwanken::V,揺れる,хьвагӏезе
832,schwanken::V,揺れる,багъа-бачаризе
833,schwingen::V,振動する,щвартӏезе
834,fallen::V,落ちる,бортизе
835,brennen::V,燃える,рекӏине
836,rauchen::V,煙を出す,кӏкӏуй буризе
837,regnen::V,雨が降る,базе
838,gefrieren::V,凍る,гӏу́низе
839,tauen::V,溶ける,биаризе
840,schmelzen::V,溶ける,биине
841,trocknen::V,乾く,бакъвазе
842,sieden::V,沸く,гьалдезе
843,faulen::V,腐る,махӏцине
844,verfaulen::V,朽ちる,туризе
845,reißen::V,切れる,бихъизе
846,versinken::V,沈む,гъанкъизе
847,vergehen::V,経つ,базе
848,vergehen::V,経つ,бахъизе
849,vergehen::V,経つ,ине
850,erscheinen::V,現れる,баккизе
851,verschwinden::V,消える,къине
852,verschwinden::V,消える,билизе
853,sinken::V,下がる,гӏодо́бе ккезе
854,abnehmen::V,減る,тӏаса камизе
855,zunehmen::V,増える,гӏемерлъизе
856,steigen::V,上がる,бахине
857,wachsen::V,伸びる,кӏодолъизе
858,glänzen::V,輝く,цӏвакизе
859,funkeln::V,ぴかぴか光る,паркъезе
860,lärmen::V,騒ぐ,хъудизе
861,lärmen::V,騒ぐ,чӏиргъдизе
862,läuten::V,鳴る,кьабизе
863,klingeln::V,鳴る,кьабизе
864,klirren::V,がらんがらんと鳴る,зваргъизе
865,brausen::V,逆巻く,гьалаглъизе
866,rauschen::V,戦ぐ,шуршудизе
867,klingen::V,鳴る,бахъине
868,bellen::V,吠える,гъанчдезе
869,heulen::V,きゃんきゃん鳴く,рурудизе
870,blasen::V,吹く,гьохьизе
871,pfeifen::V,口笛を吹く,гьещтӏезе
872,schreien::V,叫ぶ,ахӏизе
873,schreien::V,叫ぶ,ахӏдезе
874,stöhnen::V,うめく,зигардизе
875,zittern::V,震える,дарран
876,zittern::V,震える,гьаргьадизе
877,leben::V,生きている,бетӏербахъизе
878,geboren werden::V,生まれる,лъугьине
879,atmen::V,呼吸する,хӏухьел биччазе
880,trinken::V,飲む,гьекъезе
881,essen::V,食べる,квине
882,essen::V,食べる,кваназе
883,schlucken::V,飲み込む,кӏкӏвине
884,schlucken::V,飲み込む,къулчӏизе
885,müde werden::V,眠くなる,сваказе
886,einschlafen::V,寝付く,кьижизе
887,einschlafen::V,寝付く,гъапуллъизе
888,schlafen::V,眠る,кьижизе
889,aufwachen::V,目が覚める,бигьине
890,aufstehen::V,起きる,бахъине
891,aufstehen::V,起きる,тӏадебахъине
892,sich erholen::V,休養する,хьи бахъизе
893,sich erholen::V,休養する,хӏалхьи гьабизе
894,krank werden::V,病気になる,унтизе
895,krank sein::V,病気である,унтизе
896,schmerzen::V,痛む,унтизе
897,husten::V,咳をする,хъегӏизе
898,genesen::V,元気になる,лъилъизе
899,sterben::V,死ぬ,хвезе
900,sterben::V,亡くなる,хвезе
901,umkommen::V,死亡する,гьалаглъизе
902,sich bewegen::V,移動する,багъаризе
903,sich bewegen::V,移動する,багъаргъизе
904,sich rühren::V,動く,багъаризе
905,sich erheben::V,立ち上がる,тӏадебахъине
906,sich erheben::V,立ち上がる,бахъине
907,sich setzen::V,座る,гӏодов чӏезе
908,hinfallen::V,転ぶ,щапизе
909,laufen::V,歩く,хьвадизе
910,schreiten::V,跨ぐ,чӏезе
911,spazierengehen::V,散歩する,тира-сверизе
912,eilen::V,急ぐ,ракӏхӏалакине
913,eilen::V,急ぐ,дуризе
914,sich beeilen::V,焦る,дуризе
915,sich beeilen::V,焦る,гӏедегӏизе
916,sausen::V,疾駆する,тӏуризе
917,rennen::V,走る,бекеризе
918,springen::V,跳ぶ,кӏанцӏизе
919,klettern::V,よじ登る,хархадизе
920,schaukeln::V,ぶらんこに乗る,гьерщезе
921,kriechen::V,這う,хъурщизе
922,schwimmen::V,泳ぐ,лъедезе
923,tauchen::V,潜る,букъардизе
924,rudern::V,漕ぐ,хазе
925,fahren::V,行く,ине
926,fahren::V,乗車する,ине
927,fliegen::V,飛ぶ,боржине
928,gehen::V,行く,ине
929,weggehen::V,立ち去る,ине
930,abfahren::V,出発する,къокъине
931,anhalten::V,止まる,чӏезе
932,anhalten::V,止まる,тархъизе
933,anhalten::V,止まる,лъалхъизе
934,hineingehen::V,入る,тӏаделъугьине
935,eintreten::V,中に入る,лъугьине
936,kommen::V,来る,бачӏине
937,ankommen::V,着く,щвезе
938,ankommen::V,着く,тӏадебачӏине
939,ankommen::V,到着する,щвезе
940,ankommen::V,到着する,тӏадебачӏине
941,zurückkommen::V,帰る,тадбуссине
942,zurückkommen::V,帰る,тӏадбуссине
943,bleiben::V,留まる,чӏезе
944,bleiben::V,留まる,хутӏизе
945,warten::V,待つ,чӏезе
946,erwarten::V,期待する,балагьизе
947,suchen::V,探る,балагьизе
948,finden::V,見つける,батизе
949,versuchen::V,試す,хӏалбихьизе
950,vorbereiten::V,準備する,хӏадурлъизабизе
951,lieben::V,愛する,балай бегьизе
952,mögen::V,好きである,бокьизе
953,lachen::V,笑う,белъизе
954,rühren::V,感情を動かす,
955,weinen::V,泣く,гӏодизе
956,schimpfen::V,叱る,гъанчдезе
957,sich ärgern::V,怒る,вагъизе
958,sich ärgern::V,怒る,ццида́хине
959,sich ärgern::V,腹を立てる,вагъизе
960,sich ärgern::V,腹を立てる,ццида́хине
961,sich fürchten::V,怖がる,хӏинкъизе
962,fürchten::V,恐れる,беркъазе
963,fürchten::V,恐れる,хӏинкъа-къазе
964,fliehen::V,逃げる,лъутизе
965,flüchten::V,逃亡する,лъутизе
966,sehen::V,見る,бихьизе
967,anschauen::V,眺める,бертӏамизе
968,anschauen::V,眺める,балагьизе
969,ansehen::V,見る,бала-гъалагьизе
970,hören::V,聞く,рагӏизе
971,zuhören::V,聴く,гӏенеккизе
972,probieren::V,食べてみる,кӏалдиб хъва́зе
973,probieren::V,食べてみる,чӏамизе
974,riechen::V,気取る,су́нтӏизе
975,fühlen::V,感じる,чӏвазе
976,scheinen::V,ように見える,
977,zu sehen sein::V,見える,бихьизе
978,vernehmen::V,承る,рагӏизе
979,frieren::V,寒気がする,цӏорозе
980,tun::V,する,гьабизе
981,können::V,出来る,кӏвезе
982,können::V,出来る,лъазе
983,wollen::V,-たい,бокьизе
984,anfangen::V,始める,байбихьизе
985,beenden::V,終える,тӏубазабизе
986,beenden::V,終える,лъугӏизабизе
987,aufhören::V,止める,бахъизе
988,gelingen::V,成功する,бахъизе
989,geraten::V,当たる,бахъизе
990,öffnen::V,開く,рагьизе
991,öffnen::V,開ける,рагьизе
992,schließen::V,閉める,къазе
993,stellen::V,置く,чӏвазе
994,stellen::V,据える,чӏвазе
995,setzen::V,座らせる,рекӏинабизе
996,setzen::V,座らせる,гӏодор чӏезаризе
997,legen::V,置く,лъезе
998,berühren::V,触る,хъвазе
999,berühren::V,触れる,хъвазе
1000,verbinden::V,結びつける,хьухьине
1001,verbinden::V,結びつける,бухьине
1002,bedecken::V,覆う,кквезе
1003,aufhängen::V,掛ける,базе
1004,anzünden::V,燃やす,бакизе
1005,anzünden::V,燃やす,рекӏинабизе
1006,anzünden::V,火をつける,бакизе
1007,anzünden::V,火をつける,рекӏинабизе
1008,aufheben::V,拾う,
1009,zurücklassen::V,残す,тезе
1010,verlieren::V,無くす,билизабизе
1011,fallen lassen::V,落とす,бортизабизе
1012,machen::V,作る,гьабизе
1013,herstellen::V,製造する,гьабизе
1014,herstellen::V,製造する,хӏадурлъизабизе
1015,bauen::V,建設する,базе
1016,bauen::V,建設する,гьабизе
1017,reparieren::V,直す,къачӏазе
1018,reparieren::V,修理する,къачӏазе
1019,verbessern::V,改良する,лъикӏлъизабизе
1020,ändern::V,変える,хисизабизе
1021,graben::V,掘る,бухъизе
1022,beugen::V,折る,хьетӏизабизе
1023,biegen::V,曲げる,гьетӏизабизе
1024,drehen::V,回す,тиризабизе
1025,drehen::V,回す,свердизабизе
1026,wenden::V,裏返す,бегизе
1027,umdrehen::V,裏返す,бегизе
1028,umdrehen::V,裏返す,бега-битӏизе
1029,heben::V,挙げる,борхизе
1030,hochheben::V,持ち上げる,борхалъизабизе
1031,hochheben::V,持ち上げる,борхизе
1032,ergreifen::V,取り上げる,кквезе
1033,halten::V,持つ,кквезе
1034,drücken::V,押す,къазе
1035,drücken::V,押す,къанцӏу́зе
1036,drücken::V,押す,къвал ба́зе
1037,schieben::V,ずらす,хъилдизе
1038,kratzen::V,引っ掻く,хачазе
1039,lecken::V,なめる,чӏикӏизе
1040,beißen::V,噛む,хӏанчӏизе
1041,beißen::V,噛む,хӏанчӏизабизе
1042,abreißen::V,剝ぎ取る,тӏезе
1043,abreißen::V,剝ぎ取る,тӏезабизе
1044,abschneiden::V,切り取る,къотӏизе
1045,binden::V,縛る,бухьине
1046,stecken::V,差し込む,къазабизе
1047,brechen::V,破る,бекизе
1048,klopfen::V,とんとん叩く,дванкезе
1049,hauen::V,叩く,базе
1050,kleben::V,貼る,бацӏцӏине
1051,kleben::V,くっ付ける,бацӏцӏине
1052,reiben::V,擦る,хачазе
1053,streichen::V,塗る,бахине
1054,streichen::V,塗る,жужазе
1055,schleifen::V,研ぐ,лъухьизе
1056,schneiden::V,切る,къотӏизе
1057,rütteln::V,揺さぶる,багъа-бачаризабизе
1058,schütteln::V,振る,кӏобокӏизе
1059,schütteln::V,揺さぶる,кӏобокӏизе
1060,schwenken::V,振る,гьесадизе
1061,schwenken::V,振る,хьвагӏезабизе
1062,schütten::V,注ぐ,тӏезе
1063,füllen::V,いっぱいにする,цӏезабизе
1064,einwickeln::V,包む,жемизе
1065,tragen::V,運ぶ,баччизе
1066,schleppen::V,引きずる,бехъерхъизе
1067,ziehen::V,引く,цӏазе
1068,aufbewahren::V,預かる,цӏунизе
1069,werfen::V,投げる,рехизе
1070,fangen::V,受ける,кквезе
1071,packen::V,掴む,кквезе
1072,verstecken::V,隠す,бахчизе
1073,teilen::V,分ける,бикьизе
1074,schicken::V,送る,битӏизе
1075,bringen::V,持って行く,баччизе
1076,hinzufügen::V,加える,жубазе
1077,bekommen::V,得る,щвезе
1078,erhalten::V,受ける,щвезе
1079,erhalten::V,受ける,босизе
1080,nehmen::V,取る,босизе
1081,wählen::V,選ぶ,бищизе
1082,auswählen::V,選ぶ,тӏасабищизе
1083,bewahren::V,保存する,цӏунизе
1084,behindern::V,妨害する,квекӏен гьабизе
1085,verderben::V,台無しにする,хвезабизе
1086,beschädigen::V,損傷する,галгъазабизе
1087,zerbrechen::V,割る,щущазабизе
1088,zerreißen::V,引き裂く,бихъизе
1089,zerstören::V,破壊する,биххизабизе
1090,verbrennen::V,焼く,бухӏизе
1091,geben::V,上げる,кьезе
1092,reichen::V,渡す,кьезе
1093,schenken::V,贈る,кьезе
1094,versprechen::V,約束する,назру гьабизе
1095,wünschen::V,望む,бокьизе
1096,loben::V,褒める,беццизе
1097,loben::V,褒める,бецца-бекъизе
1098,küssen::V,キスする,баизе
1099,wiegen::V,揺する,чӏучӏадизабизе
1100,zudecken::V,覆う,тӏадбигъине
1101,wecken::V,起こす,бигьинабизе
1102,zeigen::V,見せる,бихьизабизе
1103,führen::V,案内する,бачине
1104,lehren::V,教える,малъизе
1105,lehren::V,教える,цӏализабизе
1106,unterrichten::V,通知する,цӏализабизе
1107,aufziehen::V,育てる,гӏезабизе
1108,leiten::V,導く,нухмалъи гьабизе
1109,antreiben::V,励ます,гӏедегӏизабизе
1110,lassen::V,～させる,
1111,einladen::V,誘う,ахӏизе
1112,einladen::V,誘う,тӏадеахӏизе
1113,einladen::V,招待する,ахӏизе
1114,einladen::V,招待する,тӏадеахӏизе
1115,vereinigen::V,一つにする,цолъизабизе
1116,besuchen::V,訪ねる,баккизе
1117,besuchen::V,訪ねる,хьвадизе
1118,treffen::V,出会う,дандчӏвазе
1119,sich versammeln::V,集まる,данделъизе
1120,sich versammeln::V,集まる,бакӏаризе
1121,spielen::V,遊ぶ,басандизе
1122,singen::V,歌う,ахӏизе
1123,tanzen::V,踊る,кьурдизе
1124,sich trennen::V,別れる,батӏалъизе
1125,verlassen::V,別れる,тезе
1126,verlassen::V,別れる,рехунтезе
1127,retten::V,救う,хвасар гьабизе
1128,retten::V,救う,хвасарлъизабизе
1129,retten::V,助ける,хвасар гьабизе
1130,retten::V,助ける,хвасарлъизабизе
1131,bewachen::V,見張る,цӏунизе
1132,bewachen::V,軽微する,цӏунизе
1133,schützen::V,保護する,цӏунизе
1134,verteidigen::V,守る,цӏунизе
1135,sich schlagen::V,殴る,багъизе
1136,schießen::V,撃つ,речӏчӏизе
1137,siegen::V,勝つ,бергьине
1138,ärgern::V,怒らせる,вагъизавизе
1139,schlagen::V,殴る,кьабизе
1140,treten::V,蹴る,мал тункизе
1141,stechen::V,突く,къазабизе
1142,stoßen::V,突く,тункизе
1143,stoßen::V,突く,хъилдизе
1144,stehlen::V,盗る,щинкӏизабизе
1145,stören::V,構う,квекӏен гьабизе
1146,stören::V,構う,татубахъи гьабизе
1147,belästigen::V,邪魔する,рахӏатхвезабизе
1148,verbergen::V,隠す,бахчизе
1149,verbergen::V,隠す,балъго тезе
1150,täuschen::V,だます,божуда рекӏкӏ гьабизе
1151,täuschen::V,だます,гуккизе
1152,betrügen::V,だます,хӏилла гьабизе
1153,betrügen::V,だます,сандирахълъи гьабизе
1154,töten::V,殺す,чӏвазе
1155,wohnen::V,住む,яшав гьабизе
1156,arbeiten::V,働く,хӏалтӏизе
1157,sammeln::V,集める,бакӏаризе
1158,sammeln::V,収集する,бакӏаризе
1159,pflücken::V,摘む,бетӏизе
1160,jagen::V,狩りをする,чан гьабизе
1161,fischen::V,釣る,ччугӏа кквезе
1162,fassen::V,捕る,кквезе
1163,hüten::V,放牧する,кваназабизе
1164,treiben::V,追う,гъезе
1165,anbinden::V,繋ぐ,бухьине
1166,füttern::V,餌をやる,кваназабизе
1167,melken::V,搾乳する,бечӏчӏизе
1168,hacken::V,刻む,чӏвазе
1169,gießen::V,水をやる,лъалъазе
1170,reifen::V,熟す,барщизе
1171,zubereiten::V,調理する,бежа-белъине
1172,kochen::V,煮る,белъине
1173,backen::V,焼く,базе
1174,braten::V,焼く,бежизе
1175,braten::V,炒める,бежизе
1176,umrühren::V,混ぜる,багъаризе
1177,stricken::V,編む,хьухьине
1178,nähen::V,縫う,букъизе
1179,färben::V,染める,кьер гьабизе
1180,reinigen::V,掃除する,бацӏцӏине
1181,waschen::V,洗う,чуризе
1182,waschen::V,洗濯する,чуризе
1183,abwischen::V,拭く,бацӏцӏине
1184,spülen::V,洗う,хулизе
1185,spülen::V,すすぐ,хулизе
1186,fegen::V,掃除する,лъухьизе
1187,kehren::V,掃く,лъухьизе
1188,baden::V,入浴する,чордезе
1189,sich waschen::V,洗う,
1190,ausziehen::V,脱ぐ,бахъизе
1191,anziehen::V,着る,ретӏине
1192,sich anziehen::V,着る,ретӏине
1193,kämmen::V,梳く,хазе
1194,schmücken::V,飾る,чӏухӏизабизе
1195,sagen::V,言う,бицине
1196,sprechen::V,話す,бицине
1197,reden::V,話す,гаргадизе
1198,sich unterhalten::V,話をする,гаргадизе
1199,fragen::V,聞く,цӏехезе
1200,fragen::V,聞く,гьикъизе
1201,bitten::V,頼む,гьаризе
1202,bitten::V,お願いする,гьаризе
1203,erzählen::V,物語る,бицине
1204,mitteilen::V,伝える,лъазабизе
1205,nennen::V,名づける,цӏар лъезе
1206,rufen::V,呼ぶ,ахӏизе
1207,prahlen::V,自慢する,беццаризе
1208,übersetzen::V,訳す,буссинабизе
1209,denken::V,考える,ургъизе
1210,glauben::V,信じる,божизе
1211,bemerken::V,気が付く,берречӏчӏизе
1212,erkennen::V,認識する,лъазе
1213,erkennen::V,認識する,батӏаго бахъизе
1214,begreifen::V,分かる,бичӏчӏизе
1215,verstehen::V,聞き取る,
1216,lernen::V,学ぶ,цӏализе
1217,lernen::V,勉強する,цӏализе
1218,wissen::V,知っている,лъазе
1219,sich erinnern an::V,思い出す,ракӏалде щвезе
1220,vergessen::V,忘れる,кӏочене
1221,messen::V,計る,борцине
1222,messen::V,測定する,борцине
1223,zählen::V,数える,рикӏкӏине
1224,rechnen::V,計算する,рикӏкӏине
1225,lesen::V,読む,цӏализе
1226,malen::V,描く,бахъизе
1227,zeichnen::V,写生する,бахъизе
1228,schreiben::V,書く,хъвазе
1229,besitzen::V,所持する,щвезе
1230,besitzen::V,所持する,бу́кӏине
1231,kaufen::V,買う,босизе
1232,verkaufen::V,売る,бичизе
1233,bezahlen::V,払う,кьезе
1234,zahlen::V,支払う,кьезе
1235,beherrschen::V,支配する,
1236,ertragen::V,耐える,баччизе
