,Concept_ID,kk,myv
0,Auge::N,көз,сельме
1,Ohr::N,құлақ,пиле
2,Nase::N,мұрын,судо
3,Mund::N,ауыз,курго
4,Zahn::N,тіс,пей
5,Zunge::N,тіл,кель
6,Lippe::N,ерін,турва
7,Wange::N,ұрт,чамабока
8,Wange::N,ұрт,чамаумарь
9,Gesicht::N,бет-аузы,чама
10,Stirn::N,маңдай,коня
11,Haar::N,қыл,черь
12,Schnurrbart::N,мұрт,ус
13,Schnurrbart::N,мұрт,муюк
14,Bart::N,сақал,сакал
15,Kinn::N,иек,уло
16,Kiefer[Anatomie]::N,жақ,пейпакар
17,Kiefer[Anatomie]::N,жақ,пейловажа
18,Kehle::N,алқым,кирьгапарь
19,Hals::N,мойын,кирьга
20,Genick::N,желке,човонь
21,Kopf::N,кәллә,пря
22,Rücken::N,арқа,копорь
23,Bauch::N,қарын,пеке
24,Nabel::N,кіндік,почо
25,Busen::N,омырау,поте
26,Brust::N,кеуде,меште
27,Schulter::N,иық,лавтов
28,Arm::N,қол,кедь
29,Ellenbogen::N,шынтақ,кенерепакарь
30,Hand::N,қол,кедь
31,Handfläche::N,алақан,кедькуншка
32,Handfläche::N,алақан,кедьлапушка
33,Finger::N,саусақ,сур
34,Fingernagel::N,тырнақ,кенже
35,Nagel[Anatomie]::N,тырнақ,кенже
36,Zeh::N,тырнақ,пильге сур
37,Zeh::N,тұяқ,пильге сур
38,Fuß::N,аяқ-басы,пильге
39,Ferse::N,өкше,кочкаря
40,Ferse::N,өкшелік,кочкаря
41,Knie::N,тізе,эле
42,Knie::N,тізе,эзне
43,Knie::N,тізе,кумажа
44,Oberschenkel::N,жамбас,качо
45,Bein::N,аяқ,пильге
46,Körper::N,дене,рунго
47,Haut::N,тері,киське
48,Blut::N,қан,верь
49,Ader::N,көктамыр,сан
50,Ader::N,күретамыр,сан
51,Sehne::N,сіңір,коське сан
52,Knochen::N,жілік,пакарь
53,Gehirn::N,ми,удем
54,Herz::N,жүрек,седей
55,Magen::N,асқазан,пеке
56,Leber::N,бауыр,максо
57,Atem::N,леп,лексема
58,Atem::N,леп,оймень таргсема
59,Hunger::N,ашаршылық,вачочи
60,Träne::N,жас,селведь
61,Geschmack::N,дәм,тансть
62,Geschmack::N,татым,тансть
63,Geschmack::N,талғам,тансть
64,Geruch::N,иіс,чине
65,Schlaf::N,ұйқы,удома
66,Schlaf::N,ұйықтау,удома
67,Traum::N,түс,он
68,Himmel::N,аспан,менель
69,Himmel::N,көқ,менель
70,Himmel::N,таңдай,менель
71,Sonne::N,күн,чи
72,Mond::N,ай,ков
73,Stern::N,жұлдыз,теште
74,Luft::N,әуе,кошт
75,Wind::N,жел,варма
76,Welle::N,толқын,толкун
77,Wasser::N,су,ведь
78,Stein::N,тас,кев
79,Boden::N,қыртыс,мода
80,Erde::N,топырақ,мастор
81,Staub::N,шаң,пуль
82,Rauch::N,түтін,качамо
83,Funke::N,ұшқын,сятко
84,Feuer::N,алау,тол
85,Licht::N,шұғыла,валдо
86,Schatten::N,көлеңке,сулей
87,Schatten::N,көлеңке,сулейкс
88,Wetter::N,ауа райы,ушо
89,Nebel::N,тұман,сув
90,Wolke::N,бұлт,пель
91,Regen::N,жаңбыр,пиземс
92,Schnee::N,қар,лов
93,Eis::N,мұз,эй
94,Frost::N,суық,кельме
95,Kälte::N,ызғар,якшамо
96,Kälte::N,суықтық,якшамо
97,Hitze::N,аптап,пси
98,Raureif::N,қырау,лекш
99,Regenbogen::N,кемпірқосақ,пурьгинечирьке
100,Regenbogen::N,кемпірқосақ,пурьгинеёнкс
101,Donner::N,күн күркіреу,пурьгине
102,Strömung::N,ағын,чудема
103,Strömung::N,ағын,чудевкс
104,Tropfen::N,тамшы,петнявкс
105,Schaum::N,көбік,чов
106,Schmutz::N,кір,рудаз
107,See::N,көл,эрьке
108,Sumpf::N,саз,чей
109,Moor::N,саз,чей
110,Wiese::N,шалғын,луга
111,Wald::N,орман,вирь
112,Hügel::N,төбе,губорь
113,Hügel::N,төбе,пандыне
114,Hügel::N,белес,губорь
115,Hügel::N,белес,пандыне
116,Hügel::N,белес-белес,губорь
117,Hügel::N,белес-белес,пандыне
118,Anhöhe::N,дөң,губорь
119,Anhöhe::N,дөң,пандыне
120,Anhöhe::N,адыр,губорь
121,Anhöhe::N,адыр,пандыне
122,Anhöhe::N,қырат,губорь
123,Anhöhe::N,қырат,пандыне
124,Berg::N,тау,пандо
125,Gipfel::N,төбе,пря
126,Höhle::N,үңгір,пещера
127,Abhang::N,бауыр,пандочама
128,Quelle::N,қайнар,ушодкс
129,Bach::N,жылға,чудикерькс
130,Fluss::N,өзен,лей
131,Ufer::N,жиек,чире
132,Küste::N,жиегі,лейчире
133,Küste::N,жағалау,лейчире
134,Festland::N,құрылық,мода
135,Meer::N,теңіз,моря
136,Bucht::N,шығанақ,усия
137,Insel::N,арал,усия
138,Blume::N,гүл,цеця
139,Gras::N,от,тикше
140,Wurzel::N,түбір,юр
141,Wurzel::N,түбір,ундокс
142,Baum::N,ағаш,чувто
143,Baum::N,дарақ,чувто
144,Stamm::N,сояу,рунго
145,Stamm::N,оқпан,рунго
146,Rinde::N,қабық,суд
147,Rinde::N,қабық,керь
148,Ast::N,бұтақ,морго
149,Zweig::N,шыбық,тарад
150,Blatt::N,жапырақ,лопа
151,Birke::N,қайың,килей
152,Kiefer[Baum]::N,қарағай,пиче
153,Weide[Baum]::N,тал,каль
154,Tanne::N,шырша,куз
155,Horn::N,мүйіз,сюро
156,Feder::N,қаламұш,толга
157,Fell::N,тері,пона
158,Flügel::N,қанат,сёлмо
159,Klaue::N,тырнақ,кенже
160,Kralle::N,аяқ,кенже
161,Schwanz::N,құйрық,пуло
162,Ei::N,жұмыртқа,ал
163,Nest::N,ұя,пизэ
164,Bau::N,жатақ,варя
165,Bau::N,жатақ,пизе
166,Tier::N,айуан,ракша
167,Tier::N,жануар,ракша
168,Herde::N,пада,стада
169,Kuh::N,сиыр,скал
170,Bulle::N,өгіз,бука
171,Pferd::N,жылқы,лишме
172,Schaf::N,қой,реве
173,Schwein::N,шошқа,туво
174,Hund::N,ит,пине
175,Hund::N,ит,киска
176,Katze::N,мысық,псака
177,Bär::N,аю,овто
178,Eichhörnchen::N,тиін,ур
179,Elch::N,бұғы,сярдо
180,Fuchs::N,түлкі,ривезь
181,Hase::N,қоян,нумоло
182,Maus::N,қаптесер,чеерь
183,Wolf::N,бөрі,верьгиз
184,Wolf::N,қасқыр,верьгиз
185,Vogel::N,құс,нармунь
186,Schwarm::N,топ,полк
187,Schwarm::N,топ,стада
188,Schwarm::N,үйір,полк
189,Schwarm::N,үйір,стада
190,Huhn::N,тауық,сараз
191,Huhn::N,мекиен,сараз
192,Hahn::N,әтеш,атякш
193,Hahn::N,қораз,атякш
194,Gans::N,қаз,гала
195,Gans::N,қаз,мацей
196,Adler::N,бүркіт,куцькан
197,Adler::N,бүркіт,тумоатякш
198,Ente::N,үйрек,яксярго
199,Eule::N,жапалақ,корж
200,Kranich::N,тырна,карго
201,Krähe::N,қарға,варака
202,Kuckuck::N,көкек,куко
203,Schwan::N,аққу,локсей
204,Fisch::N,балық,кал
205,Barsch::N,алабұға,окунь
206,Hecht::N,шортан,щука
207,Schlange[Tier]::N,жылан,гуй
208,Wurm::N,шұбалшаң,сукс
209,Spinne::N,өрмекші,шанжав
210,Ameise::N,қүмырска,коткудав
211,Laus::N,бит,сий
212,Mücke::N,маса,сеське
213,Fliege::N,шыбын,карво
214,Schmetterling::N,көбелек,нимиляв
215,Beere::N,жидек,умарь
216,Apfel::N,алма,умарь
217,Pilz::N,қозықұйрық,панго
218,Pilz::N,саңыраукулақ,панго
219,Zwiebel::N,жуа,чурька
220,Saat::N,тұқым,видьметь
221,Korn::N,дән,сюро
222,Heu::N,шөп,тикше
223,Schale::N,қабық,кедь
224,Schale::N,қабық,ваткавкс
225,Schale::N,қабығы,кедь
226,Schale::N,қабығы,ваткавкс
227,Grube::N,ор,латко
228,Falle::N,дұзақ,тувор
229,Falle::N,дұзақ,кундамка
230,Falle::N,қақпан,тувор
231,Falle::N,қақпан,кундамка
232,Schlinge::N,ілмек,килькш
233,Spur::N,із,челькс
234,Spur::N,із,пильгеки
235,Asche::N,күл,кулов
236,Dreck::N,былғаныш,рудаз
237,Eisen::N,темір,кшни
238,Gold::N,алтын,сырне
239,Silber::N,күміс,сия
240,Kohle::N,көмір,сэдь
241,Kohle::N,көмір,уголия
242,Glas::N,шыны,сулика
243,Lehm::N,балшық,сёвонь
244,Sand::N,құм,човар
245,Mensch::N,адам,ломань
246,Mann::N,еркек,аля
247,Mann::N,еркек,цёраломань
248,Mann::N,ер адам,аля
249,Mann::N,ер адам,цёраломань
250,Frau::N,бике,ава
251,Frau::N,қатын,ава
252,Kind::N,бала,эйкакш
253,Kind::N,перзент,эйкакш
254,Junge::N,бала,цёрыне
255,Junge::N,ер бала,цёрыне
256,Mädchen::N,қыз,тейтерне
257,Familie::N,жанұя,семия
258,Großvater::N,ата,покштя
259,Großmutter::N,әже,баба
260,Großmutter::N,әжей,баба
261,Eltern::N,ата-аналар,тетят-ават
262,Vater::N,әке,тетя
263,Mutter::N,ана,ава
264,Sohn::N,ұл,цёра
265,Tochter::N,қызым,тейтерь
266,Bruder::N,бауырым,леля
267,Bruder::N,бауырым,ялакс
268,Schwester::N,әпке,сазор
269,Onkel::N,көке,леля
270,Tante::N,тәте,патя
271,Ehemann::N,ер,мирде
272,Ehefrau::N,зайып,ни
273,Freude::N,қуаныш,кеняркс
274,Freude::N,сүйініш,кеняркс
275,Freude::N,шат-думан,кеняркс
276,Freude::N,қуаныштылық,кеняркс
277,Gelächter::N,күлу,ракамо
278,Gelächter::N,күлу,пейдема
279,Glück::N,бақыт,уцяска
280,Glück::N,бақыттылық,уцяска
281,Kummer::N,аза,рискс
282,Kummer::N,аза,мелявкс
283,Kummer::N,қайғы,рискс
284,Kummer::N,қайғы,мелявкс
285,Kummer::N,қасырет,рискс
286,Kummer::N,қасырет,мелявкс
287,Wunsch::N,мүдде,мель
288,Wunsch::N,мүдде,бажамо
289,Lust::N,тәбет,бажамо
290,Lust::N,ынтызар,бажамо
291,Lust::N,құштарлық,бажамо
292,Geist::N,рух,ойме
293,Gedanke::N,ой,мель
294,Gedächtnis::N,ес,мель
295,Gedächtnis::N,жады,мель
296,Gedächtnis::N,ақыл-ес,мель
297,Verstand::N,ақыл,прев
298,Verstand::N,парасат,прев
299,Sinn::N,мән,толк
300,Sinn::N,мән,смысла
301,Sinn::N,маныз,толк
302,Sinn::N,маныз,смысла
303,Sinn::N,мағына,толк
304,Sinn::N,мағына,смысла
305,Sinn::N,мән-мағына,толк
306,Sinn::N,мән-мағына,смысла
307,Grund::N,себеп,тувтал
308,Wahrheit::N,рас,видечи
309,Gespräch::N,әңгіме,кортнема
310,Märchen::N,ертеп,ёвкс
311,Märchen::N,ертек,ёвкс
312,Erzählung::N,әңгіме,ёвтнема
313,Nachricht::N,хабар,куля
314,Neuigkeit::N,жаңалық,куля
315,Name::N,ат,лем
316,Name::N,атау,лем
317,Rätsel::N,жұмбақ,содамоёвкс
318,Rede::N,сөз,кортамо
319,Sprache::N,тіл,кель
320,Stimme::N,үн,ваигель
321,Stimme::N,әуен,ваигель
322,Stimme::N,дауыс,ваигель
323,Wort::N,сөз,вал
324,Zeichen::N,ишара,теште
325,Ruf::N,айғай,тердема
326,Lärm::N,айғай-шу,шалнома
327,Lärm::N,айғай-ұйғай,шалнома
328,Laut::N,дыбыс,вайгель
329,Laut::N,дауыс,вайгель
330,Ton::N,әуен,гайнема
331,Lied::N,ән,моро
332,Lied::N,жыр,моро
333,Lied::N,ән-жыр,моро
334,Ruhe::N,тыныштық,оймамо
335,Leute::N,кісілер,ломанть
336,Volk::N,халық,народ
337,Arbeit::N,еңбек,тев
338,Gast::N,қонақ,инже
339,Gast::N,мейман,инже
340,Geschenk::N,қадия,казне
341,Spiel::N,ойын,налксема
342,Gesellschaft::N,қауым,община
343,Gesellschaft::N,жұртшылық,община
344,Hilfe::N,жэрдем,лездамо
345,Freund::N,дос,оя
346,Freund::N,дос,ялга
347,Kamerad::N,дос-жар,оя
348,Kamerad::N,дос-жар,ялга
349,Angelegenheit::N,жұмыс,тев
350,Anzahl::N,сан,ламоксчи
351,Anzahl::N,саны,ламоксчи
352,Art::N,түр,вид
353,Stück::N,тілім,пакш
354,Stück::N,тілім,пелькс
355,Teil::N,үлес,часть
356,Teil::N,үлес,пелькс
357,Teil::N,бөлшек,часть
358,Teil::N,бөлшек,пелькс
359,Hälfte::N,жарты,пель
360,Hälfte::N,жарты,пелькс
361,Kreis::N,шеңбер,кирькс
362,Kreuz::N,крест,крёст
363,Linie::N,сызық,кикс
364,Strich::N,сызық,межа
365,Abstand::N,ара,ютко
366,Abstand::N,аралық,ютко
367,Entfernung::N,аралық,ютко
368,Gegend::N,өңір,тарка
369,Gegend::N,өңір,пертьпелькс
370,Platz::N,орны,васолкс
371,Ort::N,орын,тарка
372,Seite::N,жақ,ён
373,Seite::N,жақ,чире
374,Seite::N,бүйір,ён
375,Seite::N,бүйір,чире
376,Mitte::N,ортасы,куншка
377,Gegenstand::N,зат,предмет
378,Gegenstand::N,нәрсе,предмет
379,Sache::N,бұйым,тев
380,Sache::N,бұйым,веща
381,Rand::N,шет,пе
382,Rand::N,шет,чире
383,Rand::N,шеті,пе
384,Rand::N,шеті,чире
385,Kante::N,қыр,ирдез
386,Kante::N,қыры,ирдез
387,Ecke::N,қыры,ужо
388,Ecke::N,бұрыш,ужо
389,Spitze::N,ұшы,пряне
390,Spitze::N,ұшы,пе
391,Ende::N,аяқ,пе
392,Ende::N,соңы,пе
393,Loch::N,тесік,варя
394,Winkel::N,мүйіс,ужо
395,Muster::N,мәнер,сёрма
396,Größe::N,ауқым,сэрь
397,Größe::N,ауқым,покшолма
398,Größe::N,көлемдік,сэрь
399,Größe::N,көлемдік,покшолма
400,Länge::N,бой,кувалмо
401,Länge::N,ұзындық,кувалмо
402,Höhe::N,жоғарылық,сэрь
403,Höhe::N,жоғарылық,пандо
404,Höhe::N,биіктік,сэрь
405,Höhe::N,биіктік,пандо
406,Gewicht::N,салмақ,сталмо
407,Menge::N,мөлшер,лововкс
408,Haufen::N,үйме,мар
409,Haufen::N,үйме,валявкс
410,Haufen::N,үйінді,мар
411,Haufen::N,үйінді,валявкс
412,Reihe::N,сап,ряд
413,Boot::N,қайық,венч
414,Ruder::N,ескек,милё
415,Schlitten::N,шана,нурдт
416,Ski::N,шаңғы,сокс
417,Lagerfeuer::N,алау,толбандя
418,Last::N,ауырлық,сталмо
419,Last::N,ауырлық,кандома
420,Last::N,ауыр зат,сталмо
421,Last::N,ауыр зат,кандома
422,Gang::N,жүріс,молема
423,Gang::N,жүріс,якамо
424,Schritt::N,адым,эскелькс
425,Norden::N,солтүстік,якшамо ёнкс
426,Norden::N,терістік,якшамо ёнкс
427,Süden::N,оңтүстік,лембе ёнкс
428,Westen::N,батыс,чивалгома
429,Osten::N,күншығыс,чилисема
430,Holz::N,ағаш,чувто
431,Holz::N,сүрек,чувто
432,Brett::N,тақта,лаз
433,Platte::N,тақта,плита
434,Stütze::N,тіреу,неже
435,Stange::N,қада,олга
436,Stock::N,сойыл,мандо
437,Stab::N,сырық,олога
438,Rohr::N,құбыр,турба
439,Haus::N,үй,кудо
440,Heim::N,үйлі,кудо
441,Heim::N,шаңырақ,кудо
442,Ofen::N,ошақ,каштомо
443,Ofen::N,пеш,каштомо
444,Fußboden::N,еден,киякс
445,Tisch::N,үстел,столь
446,Stuhl::N,орындық,стул
447,Wiege::N,бесік,лавсь
448,Wiege::N,бесік,нурямот
449,Bett::N,кереует,ацамо
450,Regal::N,сөре,лався
451,Regal::N,сөре,лавсяланго
452,Kiste::N,жәшік,горобия
453,Kiste::N,жәшік,сундук
454,Fenster::N,терезе,вальма
455,Tür::N,есік,кенкш
456,Tor::N,дарбаза,ортат
457,Zaun::N,дуал,пирявт
458,Zaun::N,дуал,пирвякс
459,Dach::N,шатыр,кудопря
460,Leiter::N,саты,кузтема
461,Leiter::N,басқыш,кузтема
462,Besen::N,сыпырғыш,тенсть
463,Spaten::N,күрек,койме
464,Schaufel::N,қалақ,кече
465,Schaufel::N,қалақ,келей койме
466,Gabel::N,аша,сянгине
467,Gabel::N,шанышқы,сянгине
468,Löffel::N,қасық,пенч
469,Messer::N,пышақ,пеель
470,Nagel::N,мық,эске
471,Nagel::N,шеге,эске
472,Netz::N,керегекөз,алтыма
473,Haken::N,ілмек,кечказ
474,Griff::N,сап,кедне
475,Griff::N,тұтқа,кедне
476,Schloss::N,құлып,замок
477,Schloss::N,құлып,панжома
478,Schloss::N,бекіткіш,замок
479,Schloss::N,бекіткіш,панжома
480,Bild::N,сурет,картина
481,Figur::N,тұлға,рунго
482,Puppe::N,қуыршақ,няка
483,Beutel::N,қапшық,кескав
484,Bündel::N,байлам,керькс
485,Tasche::N,дорба,юдма
486,Eimer::N,шелек,ведра
487,Deckel::N,жапқыш,велькс
488,Geschirr::N,ыдыс,кедьге
489,Sack::N,қап,кескав
490,Tasse::N,шыныаяқ,чакш
491,Topf::N,кәстрөл,кастрюля
492,Kessel::N,қазан,котёл
493,Essen::N,ас,ярсамо
494,Nahrung::N,ас,ярсамопель
495,Nahrung::N,тамақ,ярсамопель
496,Speise::N,тағам,ярсамопель
497,Fleisch::N,ет,сывель
498,Getreide::N,дәнді,сюро
499,Brei::N,ботқа,каша
500,Brot::N,күлше,кши
501,Scheibe::N,тілім,кочом
502,Scheibe::N,тілім,сускомо
503,Fett::N,май,куя
504,Butter::N,май,ой
505,Öl::N,май,ой
506,Salz::N,тұз,сал
507,Suppe::N,көже,ям
508,Honig::N,бал,медь
509,Milch::N,сүт,ловсо
510,Tee::N,шай,чай
511,Leder::N,көн,киське
512,Wolle::N,жүн,пона
513,Stoff::N,мата,коцт
514,Stoff::N,кездеме,коцт
515,Nadel::N,ине,салмукс
516,Faden::N,жіп,суре
517,Knopf::N,түйме,пов
518,Knoten::N,түйін,сюлмо
519,Farbe::N,рең,артомапель
520,Kleidung::N,киім,оршамот
521,Hemd::N,жейде,панар
522,Kragen::N,жаға,сиве
523,Ärmel::N,жең,ожа
524,Hose::N,шалбар,понкст
525,Gürtel::N,белбеу,каркс
526,Mütze::N,қалпақ,чапка
527,Schuh::N,кебіс,туфля
528,Stiefel::N,етік,кем
529,Ring::N,жүзік,суркс
530,Band::N,таспа,лента
531,Kamm::N,тарақ,сурсеме
532,Spiegel::N,айна,чавачамо
533,Riemen::N,қайыс,кшнань каркс
534,Schnur::N,жіп,пикс
535,Leine::N,тізгін,ведьме
536,Decke::N,көрпе,вельтямо
537,Kissen::N,жастық,тодов
538,Tuch::N,орамал,паця
539,Handtuch::N,сүлгі,нардамо
540,Kraft::N,қуат,вий
541,Kraft::N,қарқын,вий
542,Kraft::N,әл-шама,вий
543,Kraft::N,әл-дәрмен,вий
544,Stärke::N,әл,виевчи
545,Stärke::N,күш,виевчи
546,Gesundheit::N,денсаулык,шумбрачи
547,Krankheit::N,ауру,орма
548,Krankheit::N,ауру,сэредема
549,Schmerz::N,ауру,сэредькс
550,Wunde::N,зақым,керявкс
551,Wunde::N,жарақат,керявкс
552,Fieber::N,безгек,маштыкс
553,Fieber::N,қалтырау,маштыкс
554,Fieber::N,қызу көтерілуі,маштыкс
555,Arznei::N,дәрі,ормаменькс
556,Arznei::N,дәрі-дәрмек,ормаменькс
557,Brücke::N,көпір,сэдь
558,Brücke::N,көпір,мадамо
559,Brunnen::N,құдық,лисьма
560,Weide::N,өріс,ракшань ванома тарка
561,Weide::N,жайылым,ракшань ванома тарка
562,Pfad::N,жол,ян
563,Weg::N,жол,ки
564,Straße::N,жол,ки
565,Dorf::N,ауыл,веле
566,Stadt::N,қала,ош
567,Stadt::N,шаһар,ош
568,Brief::N,хат,сёрма
569,Brief::N,жазу,сёрма
570,Buch::N,кітап,книга
571,Buchstabe::N,әріп,буква
572,Buchstabe::N,қаріп,буква
573,Zeitung::N,газет,газета
574,Leben::N,өмір,эрямо
575,Leben::N,тіршілік,эрямо
576,Tod::N,опат,кулома
577,Grab::N,мола,калмо
578,Grab::N,мазар,калмо
579,Kirche::N,шіркеу,церькова
580,Sünde::N,күнә,чумочи
581,Gott::N,алла,паз
582,Gott::N,құдай,паз
583,Gott::N,тәңірі,паз
584,Gott::N,пәруардігер,паз
585,Gott::N,жаратқан тәңірі,паз
586,Arbeiter::N,жүмысшы,робочей
587,Chef::N,басшы,прявт
588,Chef::N,жұмыс басқарушысы,прявт
589,Meister::N,шебер,кол тевень тенця
590,Meister::N,өнерпаз,кол тевень тенця
591,Arzt::N,дәрігер,врач
592,Lehrer::N,мұғалім,учитель
593,Lehrer::N,мұғалім,тонавтыця
594,Geld::N,пұл,ярмак
595,Geschäft::N,бизнес,ладязь тев
596,Laden::N,дүкен,лавка
597,Preis::N,ақы,питне
598,Preis::N,құны,питне
599,Preis::N,нарық,питне
600,Ware::N,тауар,миевкс
601,Ware::N,тауар,рамавкс
602,Nutzen::N,пайда,паро
603,Nutzen::N,пайда,лезэ
604,Reichtum::N,бақ-дәулет,сюпавчи
605,Welt::N,әлем,мир
606,Welt::N,әлем,мастор ланго
607,Welt::N,жиһан,мир
608,Welt::N,жиһан,мастор ланго
609,Land::N,аймақ,мастор
610,Staat::N,мемлекет,государства
611,König::N,патша,король
612,Macht::N,өкімет,азорксчи
613,Macht::N,қожалық,азорксчи
614,Grenze::N,шек,буен тешкс
615,Krieg::N,соғыс,война
616,Feind::N,жау,душман
617,Feind::N,дұшпан,душман
618,Gewalt::N,зорлык,нарьгамо
619,Gewalt::N,зорлық-зомбылык,нарьгамо
620,Kampf::N,күрес,тюрема
621,Kampf::N,алыспақ,тюрема
622,Bogen[Waffe]::N,саржа,нал
623,Pfeil::N,жебе,нал
624,Gewehr::N,қару,ружия
625,Gewehr::N,қару,винтовка
626,Fehler::N,әбес,ильведькс
627,Fehler::N,әбес,ильведевкс
628,Fehler::N,қаталық,ильведькс
629,Fehler::N,қаталық,ильведевкс
630,Lüge::N,өтірік,манчема
631,Lüge::N,өтірік,кенгелема
632,Schaden::N,зиян,зыян
633,Schaden::N,зарар,зыян
634,Unglück::N,пәле,зыян
635,Unglück::N,қасырет,зыян
636,Unglück::N,ауыртпалық,зыян
637,Schuld::N,айыптылық,чумочи
638,Alter::N,жас,шка
639,Alter::N,жас шамасы,шка
640,Schluss::N,ада,пе
641,Schluss::N,бітуі,пе
642,Zeit::N,уақыт,шка
643,Zeit::N,уақыт,пинге
644,Tag::N,күн,чи
645,Morgen::N,таң,валске
646,Morgen::N,таңертең,валске
647,Mittag::N,талтүс,чикуншка
648,Abend::N,кеш,чокшнэ
649,Nacht::N,түн,ве
650,Woche::N,апта,недля
651,Monat::N,ай,ков
652,Jahr::N,жыл,ие
653,Frühling::N,көктем,тундо
654,Sommer::N,жаз,кизэ
655,Herbst::N,күз,сёксь
656,Winter::N,қыс,теле
657,Januar::N,каңтар,якшамков
658,Februar::N,ақпан,февраль
659,März::N,наурыз,март
660,April::N,сәуір,апрель
661,Mai::N,мамыр,май
662,Juni::N,маусым,июнь
663,Juli::N,шілде,июль
664,August::N,сүмбіле,август
665,August::N,тамыз,август
666,September::N,қыркүйек,сентября
667,Oktober::N,ақырап,октября
668,November::N,қараша,ноября
669,Dezember::N,желтоқсан,декабря
670,Montag::N,дүйсенбі,пондельник
671,Dienstag::N,сейсенбі,овторник
672,Mittwoch::N,сәрсенбі,серёда
673,Donnerstag::N,бейсенбі,цетьверьг
674,Freitag::N,жұма,пеця
675,Samstag::N,сенбі,субута
676,Samstag::N,сенбі,шлямочи
677,Sonntag::N,жексембі,недлячи
678,groß::A,алпамсадай,ине
679,groß::A,алпамсадай,покш
680,klein::A,кішкене,вишка
681,klein::A,қарғадай,вишка
682,lang::A,сопақ,кувака
683,lang::A,сорайған,кувака
684,kurz::A,кеспелтек,нурькине
685,breit::A,айдынды,келей
686,schmal::A,қысық,теине
687,dicht::A,жиі,тусто
688,dick[Gegenstand]::A,шомбал,эчке
689,dünn::A,жұқа,човине
690,dünn::A,жіңішке,човине
691,fein::A,қаңылтақ,човине
692,fest::A,берік,кеме
693,fest::A,мызғымас,кеме
694,flach::A,жалпак,лапужа
695,glatt::A,типыл,валаня
696,hart::A,қатты,калгодо
697,weich::A,жұмсақ,чевте
698,rund::A,домалақ,кеверь
699,spitz::A,үшкір,пшти
700,scharf::A,сүйрік,пшти
701,stumpf::A,доғал,ношка
702,stumpf::A,өтпейтін,ношка
703,schwer::A,салмақты,стака
704,schön::A,сұлу,мазый
705,heiß::A,ыссы,пси
706,warm::A,жылы,лембе
707,kalt::A,аязды,якшамо
708,kühl::A,салқын,экше
709,frisch::A,таза,свежа
710,frisch::A,жаңа,свежа
711,feucht::A,нам,летьке
712,feucht::A,дымқылды,летьке
713,nass::A,сулы,начко
714,trocken::A,құрғақ,коське
715,voll::A,толы,пешксе
716,leer::A,бос,чаво
717,offen::A,ашып қойылған,панжадо
718,offen::A,ашып қойылған,виде
719,geschlossen::A,жабулы,пекстазь
720,geschlossen::A,жабулы,сёлгозь
721,sauber::A,дақсыз,ванькс
722,sauber::A,мұнтаздай,ванькс
723,schmutzig::A,айғыз,ливезев
724,schmutzig::A,сатпақ,ливезев
725,schmutzig::A,сатал-сатал,ливезев
726,roh::A,шикі,верек
727,reif::A,піскен,кенерезь
728,lecker::A,дәмді,тантей
729,süß::A,тәтті,ламбамо
730,bitter::A,ащы,сэпей
731,sauer::A,қышқыл,чапамо
732,hell::A,жарық,валдо
733,hell::A,жарқын,валдо
734,dunkel::A,қараңғы,чопода
735,schwarz::A,қара,раужо
736,weiß::A,ақ,ашо
737,rot::A,қызыл,якстере
738,gelb::A,сары,ожо
739,blau::A,көк,сэнь
740,grün::A,жасыл,пиже
741,grau::A,бозамық,шержев
742,bunt::A,алабажак,сёрмав
743,billig::A,арзан,аволь питней
744,teuer::A,бағалы,питней
745,wertvoll::A,құнды,питней
746,wertvoll::A,қымбат,питней
747,blind::A,көзсіз,сокор
748,blind::A,көр,сокор
749,blind::A,көр_соқыр,сокор
750,taub::A,керең,амариця
751,taub::A,саңырау,амариця
752,kräftig::A,қуатты,пек виев
753,kräftig::A,қарымды,пек виев
754,stark::A,білекті,виев
755,schwach::A,әлсіз,лавшо
756,schwach::A,күшсіз,лавшо
757,schwach::A,қайратсыз,лавшо
758,fett::A,семіз,куя
759,schlank::A,ашаң,виде ронга
760,hübsch::A,ажарлы,мазый
761,hübsch::A,шырайлы,мазый
762,böse::A,өш,кежей
763,böse::A,сұм,кежей
764,böse::A,жауыз,кежей
765,dumm::A,көкми,чавола
766,dumm::A,көкми,превтеме
767,dumm::A,ақымақ,чавола
768,dumm::A,ақымақ,превтеме
769,dumm::A,миы жоқ,чавола
770,dumm::A,миы жоқ,превтеме
771,faul::A,жалқау,нузякс
772,faul::A,еріншек,нузякс
773,fleißig::A,ұқыпты,мелень путыця
774,geizig::A,сараң,скупой
775,klug::A,жетік,превей
776,klug::A,ақылды,превей
777,geschickt::A,шебер,маштозь теезь
778,lieb::A,абзал,вадря
779,lieb::A,айналайын,вадря
780,lustig::A,көңілді,весёла
781,sanft::A,жуас,сэтьме
782,hungrig::A,аш,вачо
783,krank::A,кеселді,сэредиця
784,nackt::A,жалаңаш,штапо
785,traurig::A,қапа,нусманя
786,lebendig::A,тірі,эриця
787,lebendig::A,жанды,эриця
788,gut::A,жақсы,паро
789,schlecht::A,жаман,берянь
790,richtig::A,дұрыс,виде
791,schlimm::A,жаман,берянь
792,wahr::A,нағыз,алкуксонь
793,alt::A,ескі,ташто
794,neu::A,жаңа,од
795,ehemalig::A,өткен,икелень
796,ehemalig::A,бұрынғы,икелень
797,alt[Lebewesen]::A,кексе,сыре
798,jung::A,науша,од
799,arm::A,кедей,кажов
800,arm::A,дәулетсіз,кажов
801,reich::A,малды,сюпав
802,bekannt::A,таныс,содавикс
803,bekannt::A,көзтаныс,содавикс
804,berühmt::A,атақты,содавикс
805,fremd::A,бөтен,лия
806,fremd::A,бөтен,асодавикс
807,verschieden::A,түрлі,эрьва
808,nah::A,жуық,а васолонь
809,nah::A,етене,а васолонь
810,fern::A,алыс,умонь
811,fern::A,алыс,кезэрень
812,fern::A,алыстағы,умонь
813,fern::A,алыстағы,кезэрень
814,linker::A,сол,керш
815,linker::A,солшыл,керш
816,rechter::A,оң,вить
817,anderer::A,өзге,лия
818,anderer::A,былайғы,лия
819,erster::A,алғашқы,васень
820,erster::A,алғашқы,васенце
821,zweiter::A,екінші,омбоце
822,dritter::A,үшінші,колмоце
823,letzter::A,артқы,меельце
824,letzter::A,кейінгі,меельце
825,allein::ADV,серіксіз,башка
826,allein::ADV,серіксіз,ськамонзо
827,auf einmal::ADV,бірден,вейсэ
828,zusammen::ADV,бірлесіп,вейс
829,zusammen::ADV,бірлесіп,вейсэ
830,lange::ADV,ұзақ,кувать
831,plötzlich::ADV,кенет,апак учо
832,sofort::ADV,әне-міне дегенше,курок
833,sofort::ADV,әне-міне дегенше,нейке
834,später::ADV,артынан,мейле
835,jetzt::ADV,енді,ней
836,jetzt::ADV,қазір,ней
837,heute::ADV,бүгін,течи
838,morgen::ADV,ертең,ванды
839,bald::ADV,тез,курок
840,dann::ADV,онан соң,мейле
841,dann::ADV,онан соң,седе мейле
842,dann::ADV,сонан соң,мейле
843,dann::ADV,сонан соң,седе мейле
844,gestern::ADV,кеше,исяк
845,einst::ADV,бірде,весть
846,einst::ADV,бірде,зярдо-бути
847,einst::ADV,бір кезде,весть
848,einst::ADV,бір кезде,зярдо-бути
849,damals::ADV,анада,сестэ
850,danach::ADV,онан соң,мейле
851,danach::ADV,онан соң,седе мейле
852,danach::ADV,сонан соң,мейле
853,danach::ADV,сонан соң,седе мейле
854,vorher::ADV,бұрын,васняяк
855,zuerst::ADV,әуелі,васня
856,zuerst::ADV,алдымен,васня
857,einmal::ADV,бір жолы,весть
858,manchmal::ADV,кейде,лиясто
859,oft::ADV,ылғи,сеетьстэ
860,immer::ADV,өнебойы,свал
861,niemals::ADV,ешуақытта,а зярдояк
862,hier::ADV,бұнда,тесэ
863,hier::ADV,осында,тесэ
864,hierhin::ADV,бермен,тей
865,von hier::ADV,бер жақтан,тестэ
866,dort::ADV,анда,тосо
867,dorthin::ADV,әрі,тов
868,geradeaus::ADV,тура,витьстэ
869,vorwärts::ADV,ілгері,икелев
870,rückwärts::ADV,артқа,мекев
871,zurück::ADV,кейін қарай,мекев
872,unten::ADV,төменде,ало
873,hinab::ADV,астына,алов
874,hinab::ADV,төмен,алов
875,oben::ADV,жоғарыда,вере
876,hinauf::ADV,өрге,верев
877,überall::ADV,әрқайда,эрьва косо
878,nicht::ADV,емес,а
879,ein wenig::ADV,азырақ,аламошка
880,ein wenig::ADV,аздаған,аламошка
881,ein wenig::ADV,азғантай,аламошка
882,kaum::ADV,зорға,ансяк
883,sehr::ADV,орасан,пек
884,sehr::ADV,орасан,вельть
885,so::ADV,бұлай,истя
886,so::ADV,былайша,истя
887,noch::ADV,әлі,таго
888,nur::ADV,ғана,ансяк
889,schon::ADV,түге,уш
890,wieder::ADV,жаңа,таго
891,wieder::ADV,қайта,таго
892,wieder::ADV,жаңадан,таго
893,vergebens::ADV,бекер,стяко
894,vor::PRP,алды,икеле
895,hinter::PRP,артынан,вельде
896,unter::PRP,түп,ало
897,unter::PRP,маңында,ало
898,durch::PRP,арқылы,пачк
899,neben::PRP,іргеде,вакссо
900,neben::PRP,жанында,вакссо
901,zwischen::PRP,арада,ютксо
902,wegen::PRP,үшін,кис
903,wegen::PRP,үшін,коряс
904,wegen::PRP,үшін,кувалт
905,dies::PRN,бұ,те
906,dies::PRN,осы,те
907,das::PRN,сол,те
908,das::PRN,сол,тона
909,alles::PRN,дүйім,весе
910,alles::PRN,дүйім,весемесь
911,alles::PRN,күллі,весе
912,alles::PRN,күллі,весемесь
913,ich::PRN,мен,мон
914,du::PRN,сен,тон
915,er::PRN,ол,сон
916,wir::PRN,біз,минь
917,ihr::PRN,сіз,тынь
918,sie::PRN,олар,сынь
919,was::FPRN,не,мезе
920,wer::FPRN,кім,ки
921,wo::FADV,кәні,косо
922,wo::FADV,қайда,косо
923,wohin::FADV,қайда,ков
924,wohin::FADV,қайда,козо
925,wie::FADV,калай,кода
926,warum::FADV,неғып,мекс
927,wieviel::FNUM,неше,зяро
928,wieviel::FNUM,қанша,зяро
929,eins::NUM,бір,вейке
930,zwei::NUM,екі,кавто
931,drei::NUM,үш,колмо
932,vier::NUM,төрт,ниле
933,fünf::NUM,бес,вете
934,sechs::NUM,алты,кото
935,sieben::NUM,жеті,сисем
936,acht::NUM,сегіз,кавксо
937,neun::NUM,тоғыз,вейксэ
938,zehn::NUM,он,кемень
939,elf::NUM,он бір,кевейкее
940,zwölf::NUM,он екі,кемгавтово
941,zwanzig::NUM,жиырма,комсь
942,dreißig::NUM,отыз,колоньгемень
943,vierzig::NUM,қырық,ниленьгемень
944,fünfzig::NUM,елу,ведьгемень
945,sechzig::NUM,алпыс,кодгемень
946,siebzig::NUM,жетпіс,сизьгемень
947,achtzig::NUM,сексен,кавксоньгемень
948,neunzig::NUM,тоқсан,вейксэньгемень
949,hundert::NUM,жүз,сядо
950,tausend::NUM,мың,тыща
951,und::CNJ,та,ды
952,oder::CNJ,әлде,или
953,oder::CNJ,немесе,или
954,stehen::V,тұру,аштемс стядо
955,sitzen::V,отыру,аштемс озадо
956,liegen::V,жату,мадезь аштемс
957,hängen::V,ілу,нурьгемс
958,werden::V,болу,арамс
959,werden::V,түрегелу,арамс
960,passieren::V,болу,лисэмс
961,beginnen::V,басталу,ушодомс
962,enden::V,ада болу,лоткамс
963,wechseln::V,құбылу,полавтнемс
964,wechseln::V,өзгеру,полавтнемс
965,aufgehen[Sonne]::V,шығу,лисемс
966,aufgehen[Sonne]::V,шығу,стямс
967,untergehen[Sonne]::V,батыру,валгомс
968,scheinen[Sonne]::V,жылтырау,валдомтомс
969,donnern::V,күркіреу,цярномс
970,donnern::V,күркіреу,галдордомс
971,wehen::V,огып тур,пувамс
972,strömen::V,сорғалау,чудемс
973,fließen::V,ағу,чудемс
974,sich drehen::V,айналу,велямс
975,schwanken::V,толықсу,лыкамс
976,schwanken::V,толықсу,якамс
977,schwingen::V,тербелу,нурсемс
978,schwingen::V,тербелу,лыкамс
979,fallen::V,құлау,прамс
980,fallen::V,құлау,сяворемс
981,fallen::V,жығылу,прамс
982,fallen::V,жығылу,сяворемс
983,fallen::V,төмендеу,прамс
984,fallen::V,төмендеу,сяворемс
985,brennen::V,жану,паломс
986,rauchen::V,түтету,качадомс
987,regnen::V,жауу,пиземс
988,gefrieren::V,мұздай қату,кельмемс
989,gefrieren::V,мұз боп қату,кельмемс
990,tauen::V,жібу,соламс
991,schmelzen::V,еру,соламс
992,trocknen::V,курау,коськемс
993,sieden::V,қайнау,лакамс
994,sieden::V,қайнау,пиксемс
995,faulen::V,иістену,наксадомс
996,verfaulen::V,шіру,наксадомс
997,reißen::V,жыртылу,сезневемс
998,versinken::V,малтығу,ваямс
999,vergehen::V,өту,ютамс
1000,erscheinen::V,көріну,лисемс
1001,erscheinen::V,көрініп қалу,лисемс
1002,verschwinden::V,ғайып_болу,ёмамс
1003,sinken::V,ылдилау,явамс
1004,sinken::V,төмендеу,явамс
1005,abnehmen::V,кемітілу,киремемс
1006,zunehmen::V,көбею,ламолгадомс
1007,zunehmen::V,көбею,раштамс
1008,steigen::V,қобу,куземс
1009,steigen::V,қобу,кепсевемс
1010,steigen::V,көтерілу,куземс
1011,steigen::V,көтерілу,кепсевемс
1012,steigen::V,жоғарылау,куземс
1013,steigen::V,жоғарылау,кепсевемс
1014,wachsen::V,өсу,касомс
1015,glänzen::V,жалтырау,цитнемс
1016,funkeln::V,жарқырау,пиндолдомс
1017,funkeln::V,жарқырау,цивтёрдомс
1018,funkeln::V,нұрлану,пиндолдомс
1019,funkeln::V,нұрлану,цивтёрдомс
1020,funkeln::V,жылтылдау,пиндолдомс
1021,funkeln::V,жылтылдау,цивтёрдомс
1022,lärmen::V,шулау,шалномс
1023,lärmen::V,шуылдау,шалномс
1024,läuten::V,қоңыраулату,гайгезевемс
1025,klingeln::V,дыңғырлау,чавомс баягас
1026,klirren::V,дыңылдату,калдордомс
1027,klirren::V,дыңылдату,кальцяемс
1028,brausen::V,тасу,лакамс
1029,rauschen::V,сусылдау,лажномс
1030,rauschen::V,сыбдырлау,лажномс
1031,klingen::V,дыбыс шығару,гайгемс
1032,bellen::V,үру,онгомс
1033,heulen::V,ұлу,урномс
1034,blasen::V,үру,пувамс
1035,pfeifen::V,ысқыру,вешкемс
1036,schreien::V,шыңғыру,пижнемс
1037,schreien::V,айғайлау,пижнемс
1038,schreien::V,байбайлау,пижнемс
1039,schreien::V,бажалақтау,пижнемс
1040,stöhnen::V,ыңырсу,кувсемс
1041,stöhnen::V,ыңкылдау,кувсемс
1042,zittern::V,қалш,тарномс
1043,zittern::V,қалшылдату,тарномс
1044,leben::V,жасау,эрямс
1045,leben::V,күнелту,эрямс
1046,leben::V,күн көру,эрямс
1047,leben::V,тіршілік ету,эрямс
1048,geboren werden::V,туу,чачомс
1049,atmen::V,дем алу,лексемс
1050,atmen::V,ауа жұту,лексемс
1051,trinken::V,ішу,симемс
1052,trinken::V,ұрттау,симемс
1053,essen::V,жеу,ярсамс
1054,essen::V,тамақтану,ярсамс
1055,schlucken::V,жұту,нилемс
1056,schlucken::V,жұту,порнемс
1057,müde werden::V,болдыру,сиземс
1058,einschlafen::V,үйыктап калу,матедевемс
1059,schlafen::V,ұйықтау,удомс
1060,aufwachen::V,ояну,сыргоземс
1061,aufstehen::V,ояну,стямс
1062,sich erholen::V,тынығу,оймсемс
1063,krank werden::V,кеселдену,сэредезевемс
1064,krank werden::V,сырқаттану,сэредезевемс
1065,krank werden::V,ауырып қалу,сэредезевемс
1066,krank werden::V,ауыра бастау,сэредезевемс
1067,krank werden::V,кеселге ұшырау,сэредезевемс
1068,krank werden::V,сырқаттанып қалу,сэредезевемс
1069,krank sein::V,ауыру,сэредемс
1070,krank sein::V,сырқаттану,сэредемс
1071,schmerzen::V,ауырады,сэредемс
1072,husten::V,жөтелу,козомс
1073,genesen::V,айығу,пичкамс
1074,sterben::V,өлу,куломс
1075,sterben::V,қайтыс,куломс
1076,sterben::V,жантапсыру,куломс
1077,umkommen::V,өлу,чавовомс
1078,umkommen::V,өлу,ёмамс
1079,umkommen::V,қаза табу,чавовомс
1080,umkommen::V,қаза табу,ёмамс
1081,sich bewegen::V,жылжу,шаштомс
1082,sich rühren::V,қыбырлау,сыргамс
1083,sich erheben::V,тұру,куземс
1084,sich setzen::V,отыру,озамс
1085,hinfallen::V,жығылу,прамс
1086,hinfallen::V,жығылу,сяворемс
1087,laufen::V,жояу жүру,якамс
1088,schreiten::V,кадамдау,эскелямс
1089,schreiten::V,кадамдау,молемс
1090,spazierengehen::V,қыдыру,якамс
1091,eilen::V,асығу,эрзкалемс
1092,eilen::V,асығу,капшамс
1093,eilen::V,жеделдену,эрзкалемс
1094,eilen::V,жеделдену,капшамс
1095,eilen::V,жедепдеу,эрзкалемс
1096,eilen::V,жедепдеу,капшамс
1097,sich beeilen::V,асығу,капшамс
1098,sich beeilen::V,жеделдену,капшамс
1099,sausen::V,заулау,ливтямс
1100,rennen::V,жүгіру,чийнемс
1101,rennen::V,жүгіру,ардтнемс
1102,springen::V,секіру,кирнявтнемс
1103,klettern::V,өрмелеп шығу,куземс
1104,schaukeln::V,тербелу,нурямс
1105,kriechen::V,еңбектеу,ёзмолдомс
1106,schwimmen::V,жүзу,уемс
1107,schwimmen::V,малту,уемс
1108,schwimmen::V,қалықтау,уемс
1109,tauchen::V,сүңгу,чопавтомс
1110,tauchen::V,сүңгу,чопавтнемс
1111,rudern::V,есу,миледемс
1112,fahren::V,бару,ардомс
1113,fliegen::V,ұшу,ливтямс
1114,gehen::V,бару,туемс
1115,gehen::V,бару,молемс
1116,weggehen::V,кету,туемс
1117,abfahren::V,жөнелу,туемс
1118,anhalten::V,тоқтау,лоткамс
1119,hineingehen::V,кіру,совамс
1120,eintreten::V,ену,совамс
1121,eintreten::V,ену,эскельдямс
1122,kommen::V,жету,самс
1123,ankommen::V,келу,самс
1124,ankommen::V,келу,пачкодемс
1125,zurückkommen::V,қайту,велявтомс
1126,bleiben::V,қалу,кадовомс
1127,warten::V,тосу,учомс
1128,erwarten::V,күту,учомс
1129,suchen::V,іздеу,вешнемс
1130,finden::V,табу,муемс
1131,versuchen::V,талпыну,варштамс
1132,vorbereiten::V,әзірлеу,анокстамс
1133,lieben::V,сүю,вечкемс
1134,mögen::V,жарату,вечкемс
1135,mögen::V,жақсы_көру,вечкемс
1136,lachen::V,күлу,пейдемс
1137,lachen::V,күлісу,пейдемс
1138,rühren::V,көңілін бұзу,токамс седейс
1139,weinen::V,жылау,авардемс
1140,schimpfen::V,ақырып-бақыру,сёвномс
1141,sich ärgern::V,ашулану,кежиявтнемс
1142,sich fürchten::V,сескену,пелемс
1143,fürchten::V,қауіптену,пелемс
1144,fürchten::V,сақсыну,пелемс
1145,fliehen::V,қашу,оргодемс
1146,fliehen::V,қашып кету,оргодемс
1147,flüchten::V,қашу,ворьгодемс
1148,flüchten::V,қашу,чадомс
1149,flüchten::V,қашып кету,ворьгодемс
1150,flüchten::V,қашып кету,чадомс
1151,sehen::V,көру,неемс
1152,anschauen::V,назар салу,ваномс
1153,ansehen::V,тамашалау,ваномс
1154,hören::V,есту,марямс
1155,zuhören::V,тыңдау,кунсоломс
1156,zuhören::V,құлақ қою,кунсоломс
1157,probieren::V,тату,варшамс
1158,probieren::V,дәм тату,варшамс
1159,riechen::V,иіскеу,никсемс
1160,fühlen::V,сезу,марямс
1161,fühlen::V,сезіну,марямс
1162,scheinen::V,болып көріну,марявомс
1163,zu sehen sein::V,көріну,неявомс
1164,vernehmen::V,есту,марямс
1165,vernehmen::V,есітіп қалу,марямс
1166,frieren::V,тоңу,кельмемс
1167,frieren::V,жаурау,кельмемс
1168,tun::V,ету,теемс
1169,tun::V,істеу,теемс
1170,können::V,білу,маштомс
1171,wollen::V,қалау,бажамс
1172,anfangen::V,бастау,кармамс
1173,beenden::V,бітіру,прядомс
1174,beenden::V,адақтау,прядомс
1175,beenden::V,тамамдау,прядомс
1176,beenden::V,аяқтап шығу,прядомс
1177,aufhören::V,доғару,лоткамс
1178,gelingen::V,жолы түсу,удаламс
1179,geraten::V,калу,лисемс
1180,öffnen::V,ашу,панжомс
1181,öffnen::V,ашып қою,панжомс
1182,schließen::V,жабу,пекстамс
1183,schließen::V,жабу,сёлгомс
1184,schließen::V,жабу,конямс
1185,stellen::V,қою,аравтомс
1186,stellen::V,қойдыру,аравтомс
1187,setzen::V,отырғызу,ойсевтемс
1188,setzen::V,отырғызу,озавтнемс
1189,legen::V,салу,путомс
1190,legen::V,калау,путомс
1191,berühren::V,тию,токамс
1192,verbinden::V,байлап алу,содомс
1193,verbinden::V,сабақтастыру,содомс
1194,bedecken::V,бүркеу,вельтямс
1195,aufhängen::V,ілу,понгавтомс
1196,aufhängen::V,асып қою,понгавтомс
1197,anzünden::V,тұтату,кирвастемс
1198,aufheben::V,көтеру,кепедемс
1199,zurücklassen::V,қалдыру,кадомс
1200,verlieren::V,жоғалту,ёмавтомс
1201,fallen lassen::V,құлатып алу,правтомс
1202,fallen lassen::V,қолдан түсіріп алу,правтомс
1203,machen::V,ету,теемс
1204,machen::V,жасау,теемс
1205,machen::V,жасап шығару,теемс
1206,herstellen::V,жасап шығару,анокстамс
1207,bauen::V,тұрғызу,путомс
1208,reparieren::V,оңдау,витемс
1209,verbessern::V,дұрыстау,паролгавтомс
1210,verbessern::V,дұрыстау,вадрялгавтомс
1211,ändern::V,өзгерту,полавтомс
1212,graben::V,үңгу,чувомс
1213,graben::V,үңгу,таргамс
1214,beugen::V,буғу,мендемс
1215,biegen::V,ию,комавтомс
1216,biegen::V,майыстыру,комавтомс
1217,drehen::V,айналдыру,чаравтомс
1218,drehen::V,айналдыру,велявтнемс
1219,wenden::V,екінші жағын айналдыру,велявтомс
1220,umdrehen::V,бұру,велявтомс
1221,heben::V,көтеру,кепедемс
1222,hochheben::V,жоғарылату,кепедемс
1223,hochheben::V,көтеру,кепедемс
1224,ergreifen::V,бас_салу,кундамс
1225,ergreifen::V,шап_беріп_ұстап_алу,кундамс
1226,ergreifen::V,шап_беру,кундамс
1227,ergreifen::V,шап_ете_түсу,кундамс
1228,halten::V,тұту,кирдемс
1229,halten::V,ұстау,кирдемс
1230,drücken::V,басу,нуемс
1231,schieben::V,итеру,шаштомс
1232,kratzen::V,қыру,ангордамс
1233,lecken::V,жалау,нолсемс
1234,beißen::V,қабу,сускомс
1235,beißen::V,тістеу,сускомс
1236,beißen::V,қауып алу,сускомс
1237,abreißen::V,үзу,сеземс
1238,abschneiden::V,қырқу,печкемс
1239,binden::V,байланыстыру,кодамс
1240,binden::V,байланыстыру,сюлмамс
1241,binden::V,байлап_алу,кодамс
1242,binden::V,байлап_алу,сюлмамс
1243,binden::V,байластыру,кодамс
1244,binden::V,байластыру,сюлмамс
1245,binden::V,байлау,кодамс
1246,binden::V,байлау,сюлмамс
1247,binden::V,буу,кодамс
1248,binden::V,буу,сюлмамс
1249,binden::V,матау,кодамс
1250,binden::V,матау,сюлмамс
1251,binden::V,сабақтастыру,кодамс
1252,binden::V,сабақтастыру,сюлмамс
1253,binden::V,ұштастыру,кодамс
1254,binden::V,ұштастыру,сюлмамс
1255,stecken::V,сұғу,сялгомс
1256,brechen::V,сындыру,синдемс
1257,brechen::V,сындыру,калавтомс
1258,klopfen::V,қағу,калтаямс
1259,hauen::V,соғу,чавомс
1260,kleben::V,желімдеу,педявтнемс
1261,reiben::V,үйкеу,ёзамс
1262,streichen::V,сүйкеу,вадемс
1263,schleifen::V,егеу,човамс
1264,schleifen::V,қайрау,човамс
1265,schleifen::V,егеулеу,човамс
1266,schneiden::V,кесу,керямс
1267,rütteln::V,қозғау,чукамс
1268,rütteln::V,қозғау,лыкавтомс
1269,rütteln::V,жұлмалау,чукамс
1270,rütteln::V,жұлмалау,лыкавтомс
1271,schütteln::V,дірілдету,чукамс
1272,schütteln::V,селкілдету,чукамс
1273,schwenken::V,бұлғау,яхолемс
1274,schwenken::V,сермеу,яхолемс
1275,schütten::V,құю,каямс
1276,füllen::V,толтыру,пештямс
1277,einwickeln::V,орау,тапарямс
1278,tragen::V,алып жүру,кандомс
1279,schleppen::V,тарту,ускомс
1280,ziehen::V,тарту,ускомс
1281,aufbewahren::V,сақтау,ванстомс
1282,werfen::V,лақтыру,ёртомс
1283,fangen::V,қармау,кундамс
1284,fangen::V,қағып алу,кундамс
1285,packen::V,шап беру,кундамс
1286,packen::V,шап ете түсу,кундамс
1287,packen::V,шап беріп ұстап алу,кундамс
1288,verstecken::V,тығу,кекшемс
1289,verstecken::V,жасыру,кекшемс
1290,teilen::V,бөлу,явомс
1291,schicken::V,жіберу,кучомс
1292,bringen::V,әкелу,кандомс
1293,bringen::V,алып келу,кандомс
1294,hinzufügen::V,қосу,путомс
1295,hinzufügen::V,қосу,максомс
1296,hinzufügen::V,үстеу,путомс
1297,hinzufügen::V,үстеу,максомс
1298,bekommen::V,алу,саемс
1299,erhalten::V,алмақ,саемс
1300,nehmen::V,алу,саемс
1301,nehmen::V,алмақ,саемс
1302,wählen::V,таңдау,кочкамс
1303,auswählen::V,екшеу,кочкамс
1304,auswählen::V,саралау,кочкамс
1305,auswählen::V,сұрыптау,кочкамс
1306,auswählen::V,сайлап алу,кочкамс
1307,bewahren::V,сақтау,ванстомс
1308,behindern::V,оралғы болу,кирдемс
1309,verderben::V,бүлдіру,коламс
1310,beschädigen::V,бұзу,теемс зыян
1311,zerbrechen::V,уату,коламс
1312,zerreißen::V,жырту,сеземс
1313,zerstören::V,қирату,калавтомс
1314,zerstören::V,талқандау,калавтомс
1315,verbrennen::V,өртеу,пултамс
1316,verbrennen::V,жандыру,пултамс
1317,verbrennen::V,өртеп жіберу,пултамс
1318,verbrennen::V,жандырып жіберу,пултамс
1319,geben::V,беру,максомс
1320,reichen::V,беру,максомс
1321,schenken::V,тарту,каземс
1322,versprechen::V,уәде беру,алтамс
1323,wünschen::V,тілеу,арсемс
1324,loben::V,мақтау,шнамс
1325,loben::V,дәріптеу,шнамс
1326,küssen::V,сүю,палсемс
1327,wiegen::V,тербеу,нурсемс
1328,zudecken::V,бүркеу,тавадомс
1329,zudecken::V,бүркеу,вельтямс
1330,wecken::V,ояту,стявтомс
1331,zeigen::V,көрсету,невтемс
1332,führen::V,ерту,ветямс
1333,führen::V,жетектеу,ветямс
1334,lehren::V,оқыту,тонавтомс
1335,unterrichten::V,оқыту,тонавтомс
1336,aufziehen::V,бағу,трямс
1337,aufziehen::V,бағу,кастомс
1338,leiten::V,басқару,ветямс
1339,leiten::V,басқару,азоркстамс
1340,leiten::V,жетекшілік ету,ветямс
1341,leiten::V,жетекшілік ету,азоркстамс
1342,antreiben::V,асықтыру,ветямс
1343,lassen::V,-ткізу,кармавтомс
1344,lassen::V,мәжбүр ету,кармавтомс
1345,einladen::V,шақыру,тердемс
1346,vereinigen::V,біріктіру,вейсэндямс
1347,vereinigen::V,біріктіру,вейс путомс
1348,vereinigen::V,біріктіру,вейс пурнамс
1349,vereinigen::V,біріктіріп қою,вейсэндямс
1350,vereinigen::V,біріктіріп қою,вейс путомс
1351,vereinigen::V,біріктіріп қою,вейс пурнамс
1352,besuchen::V,кіріп шығу,варштамс
1353,besuchen::V,барып шығу,варштамс
1354,treffen::V,кездесу,вастомс
1355,sich versammeln::V,топталу,промокшномс
1356,spielen::V,ойнау,налксемс
1357,singen::V,сайрау,морамс
1358,tanzen::V,билеу,киштемс
1359,sich trennen::V,айрылысу,явомс
1360,verlassen::V,тастау,кадомс
1361,retten::V,құтқару,идемс
1362,bewachen::V,күзету,ванстомс
1363,schützen::V,жақтау,аштемс
1364,schützen::V,жақтасу,аштемс
1365,verteidigen::V,қорғау,ваномс
1366,sich schlagen::V,алысу,тюремс
1367,schießen::V,ату,ледемс
1368,siegen::V,жеңу,изнямс
1369,ärgern::V,ашуландыру,кежейгавтомс
1370,schlagen::V,ұру,токамс
1371,treten::V,тебу,тапамс
1372,stechen::V,шаншу,пупамс
1373,stoßen::V,түрту,тулкадемс
1374,stehlen::V,ұрлау,саламс
1375,stören::V,кесірлен,пирямс ки
1376,belästigen::V,мазасын алу,а максомс
1377,belästigen::V,мазасын алу,а кадомс оймамо
1378,verbergen::V,сездірмеу,сёпомс
1379,verbergen::V,сездірмеу,кекшемс
1380,täuschen::V,жалған айту,манямс
1381,betrügen::V,алдау,манчемс
1382,betrügen::V,алдап кету,манчемс
1383,betrügen::V,ақымақ қылу,манчемс
1384,töten::V,құрту,чавномс
1385,töten::V,құрту,маштнемс
1386,töten::V,өлтіру,чавномс
1387,töten::V,өлтіру,маштнемс
1388,wohnen::V,мекендеу,эрямс
1389,wohnen::V,өмір сүру,эрямс
1390,arbeiten::V,істеу,важодемс
1391,arbeiten::V,еңбектену,важодемс
1392,sammeln::V,жыю,пурнамс
1393,pflücken::V,жұлу,ноцковтнемс
1394,jagen::V,аулау,кундамс
1395,fischen::V,балык_аулау,калонь кундамс
1396,fassen::V,ұстау,кундамс
1397,hüten::V,жаю,ваномс
1398,hüten::V,бағу,ваномс
1399,treiben::V,айдау,панемс
1400,anbinden::V,байлау,сюлмамс
1401,füttern::V,ас ішкізу,андомс
1402,füttern::V,азықтандыру,андомс
1403,füttern::V,қоректендіру,андомс
1404,melken::V,сауу,потявтомс
1405,hacken::V,турау,лазномс
1406,gießen::V,суару,валомс
1407,reifen::V,жетілу,кенеремс
1408,zubereiten::V,даяр ету,анокстамс
1409,kochen::V,асу,пидемс
1410,backen::V,пісіру,пидемс
1411,braten::V,қуыру,пуштамс
1412,umrühren::V,былғалау,човорямс
1413,umrühren::V,сапырылыстыру,човорямс
1414,stricken::V,торлау,кодамс
1415,stricken::V,тоқу,кодамс
1416,nähen::V,тігу,стамс
1417,färben::V,бояу,артомс
1418,färben::V,сырлау,артомс
1419,reinigen::V,аршу,урядамс
1420,reinigen::V,тазалау,урядамс
1421,waschen::V,жуу,муськемс
1422,abwischen::V,сүрту,нардамс
1423,spülen::V,шаю,ёрвалдомс
1424,fegen::V,сыпыру,тенсемс
1425,kehren::V,сыпыру,тенсемс
1426,baden::V,шомылу,экшелямс
1427,sich waschen::V,жуыну,шлямс
1428,ausziehen::V,шешу,кайсевтемс
1429,anziehen::V,кигізу,оршамс
1430,sich anziehen::V,киіну,оршамс
1431,kämmen::V,тарау,судрямс
1432,schmücken::V,әсемдеу,мазылгавтомс
1433,schmücken::V,әсемдеу,наряжамс
1434,schmücken::V,мәнерлеу,мазылгавтомс
1435,schmücken::V,мәнерлеу,наряжамс
1436,schmücken::V,көріктендіру,мазылгавтомс
1437,schmücken::V,көріктендіру,наряжамс
1438,sagen::V,деу,меремс
1439,sagen::V,айту,меремс
1440,sprechen::V,деу,кортамс
1441,sprechen::V,айту,кортамс
1442,reden::V,сөйлеу,кортамс
1443,reden::V,сөйлесу,кортамс
1444,reden::V,тіл қатысу,кортамс
1445,sich unterhalten::V,сұхбаттасу,кортнемс
1446,fragen::V,сұрау,кевкстемс
1447,bitten::V,өтіну,вешемс
1448,bitten::V,жалыну,вешемс
1449,erzählen::V,айту,ёвтнемс
1450,mitteilen::V,білдіру,ёвтамс
1451,nennen::V,атау,лемдемс
1452,nennen::V,атау,путомс лем
1453,rufen::V,шақыру,тердемс
1454,rufen::V,шақыру,серьгедемс
1455,prahlen::V,бөсу,шнамс пря
1456,übersetzen::V,аудару,ютавтомс
1457,denken::V,ойлау,арсемс
1458,glauben::V,нану,кемемс
1459,glauben::V,илану,кемемс
1460,bemerken::V,аңғару,неемс
1461,erkennen::V,тану,содамс
1462,begreifen::V,ұғу,пачкодемс
1463,begreifen::V,аңғарып алу,пачкодемс
1464,verstehen::V,пайым,чарькодемс
1465,verstehen::V,түсіну,чарькодемс
1466,lernen::V,оқу,тонавтнемс
1467,wissen::V,хабардар болу,содамс
1468,sich erinnern an::V,еске түсіру,ледстямс
1469,vergessen::V,ұмыту,стувтомс
1470,messen::V,өлшеу,онкстнемс
1471,zählen::V,санау,ловомс
1472,rechnen::V,санап шығару,ловомс
1473,rechnen::V,санап шығу,ловомс
1474,rechnen::V,санау,ловомс
1475,lesen::V,оқу,ловномс
1476,malen::V,сурет салу,рисовамс
1477,zeichnen::V,сурет салу,рисовамс
1478,schreiben::V,жазу,сёрмадомс
1479,besitzen::V,болу,улемс
1480,besitzen::V,болу,улемс азорокс
1481,kaufen::V,алу,рамамс
1482,kaufen::V,әперу,рамамс
1483,verkaufen::V,сату,миемс
1484,bezahlen::V,төлеу,пандомс
1485,bezahlen::V,ақы беру,пандомс
1486,bezahlen::V,ақы төлеу,пандомс
1487,zahlen::V,төлеу,пандомс
1488,beherrschen::V,билеу,азоркстамс
1489,ertragen::V,төзу,кирдемс
1490,ertragen::V,шыдау,кирдемс
