,Concept_ID,kl,uz
0,Auge::N,isi,ko'z
1,Ohr::N,siut,quloq
2,Mund::N,paaq,og'iz
3,Mund::N,qaneq,og'iz
4,Zahn::N,kigut,tish
5,Zunge::N,oqaq,til
6,Lippe::N,qarloq,dudoq
7,Wange::N,ersaq,bet
8,Gesicht::N,kiinaq,yuz
9,Stirn::N,qaaq,manglay
10,Haar::N,meqqoq,soch
11,Bart::N,umik,soqol
12,Kinn::N,talloq,ängak
13,Kiefer[Anatomie]::N,alleroq,iyak
14,Kehle::N,malaq,bo'g'iz
15,Hals::N,qungaseq,bo'yin
16,Genick::N,pukusuk,gardan
17,Kopf::N,niaqoq,bosh
18,Rücken::N,qimerlut,orqa
19,Bauch::N,naaq,qorin
20,Nabel::N,qalaseq,kindik
21,Busen::N,iviangeq,ämchak
22,Brust::N,iviangeq,ko'krak
23,Schulter::N,ersik,elka
24,Schulter::N,assaqqoq,elka
25,Arm::N,taleq,bilak
26,Ellenbogen::N,ikusik,tirsak
27,Hand::N,assak,qo'l
28,Handfläche::N,itumak,kaft
29,Finger::N,inuak,barmoq
30,Fingernagel::N,kikiak,tirnoq
31,Nagel[Anatomie]::N,kukik,tirnoq
32,Zeh::N,isigak,oyoq barmog'i
33,Ferse::N,kimmik,tovon
34,Knie::N,seeqqoq,tiz
35,Oberschenkel::N,uppat,son
36,Oberschenkel::N,quttoraq,son
37,Bein::N,isigak,oyoq
38,Körper::N,timi,badna
39,Haut::N,mattak,teri
40,Blut::N,aak,qon
41,Ader::N,taqaq,qon tomir
42,Sehne::N,ujalu,tomir
43,Sehne::N,ujaloq,tomir
44,Knochen::N,saanikut,suyak
45,Gehirn::N,qarasaq,miya
46,Herz::N,uummat,qalb
47,Magen::N,aqajaroq,oshqozon
48,Leber::N,tinguk,bag'ir
49,Atem::N,anerneq,dam
50,Hunger::N,kaanneq,ochlik
51,Träne::N,qia,yosh
52,Träne::N,qiak,yosh
53,Geschmack::N,qilanaartuut,tam
54,Geruch::N,tipi,jid
55,Geruch::N,tipik,jid
56,Traum::N,sinnattoq,tush
57,Traum::N,sinnattugaq,tush
58,Himmel::N,qilak,osmon
59,Sonne::N,seqineq,quyosh
60,Mond::N,qaammat,oy
61,Stern::N,ulloriaq,yulduz
62,Luft::N,silaannaq,havo
63,Wind::N,anori,el
64,Wind::N,anorsarik,el
65,Welle::N,aalappaa,to'lqin
66,Wasser::N,imeq,suv
67,Stein::N,ujarak,tosh
68,Boden::N,nateq,tuproq
69,Erde::N,issoq,er
70,Staub::N,pujualanerit,chang
71,Staub::N,pujoralanerit,chang
72,Rauch::N,iseq,tutun
73,Rauch::N,pujoq,tutun
74,Funke::N,illoorneq,yalt
75,Feuer::N,inneq,o't
76,Licht::N,qaamaneq,yorug'
77,Schatten::N,tarraq,soya
78,Wetter::N,sila,havo
79,Nebel::N,pujoq,tuman
80,Wolke::N,nuia,bulut
81,Regen::N,sialuk,yomg'ir
82,Schnee::N,aput,qor
83,Eis::N,siku,muz
84,Frost::N,issi,ajoz
85,Frost::N,issik,ajoz
86,Kälte::N,issi,ajoz
87,Hitze::N,kianneq,issiq
88,Hitze::N,kiassuseq,issiq
89,Raureif::N,kaneq,qirov
90,Regenbogen::N,neriusaaq,kamalak
91,Donner::N,kalleq,guldur
92,Tropfen::N,kuseriarneq,tomchi
93,Schaum::N,qapuk,ko'pik
94,Schmutz::N,minguk,gard
95,See::N,taseq,ko'l
96,Sumpf::N,maqulluk,botqoq
97,Wiese::N,masarsuk,o'tzor
98,Hügel::N,qattuneq,tepa
99,Hügel::N,majuariaq,tepa
100,Hügel::N,majorajaaq,tepa
101,Hügel::N,qaqqannguaq,tepa
102,Berg::N,qaqqaq,tog'
103,Höhle::N,qaarusuk,kavak
104,Abhang::N,ippik,to'sh
105,Abhang::N,sivinganeq,to'sh
106,Abhang::N,sivingajaaq,to'sh
107,Abhang::N,kussangajaaq,to'sh
108,Bach::N,kuunnguaq,o'zan
109,Fluss::N,kuuk,daryo
110,Ufer::N,sissap sinaa,sohil
111,Küste::N,sineriak,qirg'oq
112,Meer::N,imaq,dengiz
113,Bucht::N,ikeq,qo'ltiq
114,Bucht::N,kangerluk,qo'ltiq
115,Bucht::N,kangerliumaneq,qo'ltiq
116,Insel::N,qeqertaq,orol
117,Blume::N,naasoq,gul
118,Gras::N,ivigaq,sabza
119,Wurzel::N,niulutaq,tub
120,Wurzel::N,niulutaq,tomir
121,Baum::N,orpik,daraxt
122,Stamm::N,kanaartaq,o'simta
123,Rinde::N,ameraq,qobiq
124,Ast::N,avalequt,shox
125,Zweig::N,avalequt,butoq
126,Blatt::N,pilutaq,barg
127,Birke::N,patitsit,qayin
128,Weide[Baum]::N,palleq,shum
129,Tanne::N,orsuerneq,archa
130,Horn::N,nassuk,mugiz
131,Feder::N,suluk,par
132,Fell::N,ameq,mo'yna
133,Flügel::N,suluk,qanot
134,Flügel::N,isaroq,qanot
135,Klaue::N,kukik,tirnoq
136,Kralle::N,kukik,tirnoq
137,Schwanz::N,pamioq,quyruq
138,Schwanz::N,paperuusaq,quyruq
139,Ei::N,mannik,tuxum
140,Nest::N,ullut,oshyon
141,Bau::N,ini,o'pqon
142,Tier::N,uumasoq,hayvon
143,Herde::N,unguukkat,gala
144,Kuh::N,ussik,inak
145,Bulle::N,angukulak,ho'kiz
146,Bulle::N,anguteralak,ho'kiz
147,Bulle::N,angutikulooq,ho'kiz
148,Schaf::N,sava,qo'y
149,Schwein::N,puuluki,cho'chqa
150,Hund::N,qimmeq,it
151,Katze::N,puisaaq,mushuk
152,Bär::N,allaq,ayiq
153,Eichhörnchen::N,sissinnguaq,tiyin
154,Fuchs::N,terianniaq,tulki
155,Hase::N,ukaleq,kuyon
156,Maus::N,teriannguaq,sichqon
157,Wolf::N,amaroq,bo'ri
158,Vogel::N,timmiaq,qush
159,Huhn::N,kukkukooq,tovuq
160,Huhn::N,marloraaqaaq,tovuq
161,Hahn::N,kiasiusaq,xo'roz
162,Gans::N,nerleq,g'oz
163,Adler::N,nattoralik,burgut
164,Eule::N,uppik,boyo'g'li
165,Kranich::N,qorlorfik,turna
166,Krähe::N,tuluatsiaq,qarg'a
167,Kuckuck::N,kukkooq,kakku
168,Schwan::N,qussuk,oqkush
169,Fisch::N,aalisagaq,baliq
170,Schlange[Tier]::N,pulateriarsuk,ilon
171,Schlange[Tier]::N,pulateriaarsuk,ilon
172,Spinne::N,aasiaq,o'rgimchak
173,Spinne::N,nissavaarsuk,o'rgimchak
174,Ameise::N,uniaaluk,chumoli
175,Laus::N,kumak,bit
176,Mücke::N,ippernaq,chivin
177,Fliege::N,ippernaq,pashsha
178,Schmetterling::N,paluaq,kapalak
179,Schmetterling::N,pakkaluaq,kapalak
180,Schmetterling::N,utsuppaluaq,kapalak
181,Schmetterling::N,taqaleqisaaq,kapalak
182,Beere::N,paarmaq,meva
183,Beere::N,paarngaq,meva
184,Apfel::N,iipili,olma
185,Pilz::N,anngiusaq,qo'ziqorin
186,Zwiebel::N,uanitsoq,piyoz
187,Saat::N,naatsiiassaq,äkin
188,Korn::N,maannineq,zarra
189,Schale::N,niutsivik,po'choq
190,Schale::N,ilulissaq qaartussaq,po'choq
191,Grube::N,itersaq,co'ra
192,Falle::N,pualavoq,qopqon
193,Schlinge::N,orseq,sirtmoq
194,Schlinge::N,norloq,sirtmoq
195,Spur::N,tumaa,iz
196,Asche::N,arsat,kul
197,Dreck::N,minguk,kir
198,Eisen::N,savimineq,temir
199,Eisen::N,saffiugassaq,temir
200,Gold::N,kuulti,tilla
201,Silber::N,siilviuvoq,kumush
202,Kohle::N,aamarsuit aamaruutissat,ko'mir
203,Glas::N,igalaaq,oyna
204,Glas::N,imertarfik,oyna
205,Glas::N,igalaamineq,oyna
206,Lehm::N,marraq,loy
207,Sand::N,sioqqat,qum
208,Mensch::N,inuk,odam
209,Mensch::N,silamiu,odam
210,Mann::N,angut,ärkak
211,Frau::N,arnaq,ayol
212,Kind::N,meeraq,bola
213,Kind::N,meeraq,kichkintoy
214,Junge::N,nukappiaraq,bola
215,Mädchen::N,arnannguaq,qiz
216,Familie::N,ilaqutakka,oila
217,Familie::N,ilaqutariit,oila
218,Großvater::N,aatak,buva
219,Großvater::N,aatak,katta ota
220,Großmutter::N,aanaq,buvi
221,Großmutter::N,aanaq,katta oyi
222,Eltern::N,angajoqqaat,ota-ona
223,Vater::N,ataata,ota
224,Vater::N,ataataq,ota
225,Mutter::N,anaana,ona
226,Sohn::N,erneq,o'g'il
227,Tochter::N,panik,qiz
228,Bruder::N,ani,og'a
229,Bruder::N,ani,uka
230,Bruder::N,aqqaluk,og'a
231,Bruder::N,aqqaluk,uka
232,Bruder::N,qatanngut,og'a
233,Bruder::N,qatanngut,uka
234,Schwester::N,naja,opa
235,Schwester::N,naja,singil
236,Schwester::N,aleqa,opa
237,Schwester::N,aleqa,singil
238,Schwester::N,qatanngut,opa
239,Schwester::N,qatanngut,singil
240,Onkel::N,akkak,amaki
241,Tante::N,aja,amma
242,Tante::N,aja,xola
243,Tante::N,ajak,amma
244,Tante::N,ajak,xola
245,Tante::N,atsak,amma
246,Tante::N,atsak,xola
247,Ehemann::N,ui,är
248,Ehefrau::N,nuliaq,rafiqa
249,Freude::N,tipaatsussuseq,ayish
250,Gelächter::N,illaq,kulgi
251,Glück::N,usornaat,saodat
252,Glück::N,usornarsuseq,saodat
253,Wunsch::N,kissaat,orzu
254,Lust::N,illigussuseq,rag'bat
255,Lust::N,piummaseq,rag'bat
256,Geist::N,anerneq,ruh
257,Geist::N,toornaq,ruh
258,Gedanke::N,isumassaq,fikr
259,Gedächtnis::N,eqqaamannissuseq,äs
260,Verstand::N,isuma,aql
261,Verstand::N,sianissut,aql
262,Verstand::N,misigissut,aql
263,Verstand::N,sianissuseq,aql
264,Verstand::N,silaqassuseq,aql
265,Sinn::N,isuma,ma'ni
266,Grund::N,patsit,sabab
267,Wahrheit::N,sallusuissut,haq
268,Märchen::N,oqalualaarut,ärtak
269,Märchen::N,oqaluasaaq,ärtak
270,Erzählung::N,oqaluttuaq,rivoyat
271,Nachricht::N,oqaassut,xabar
272,Nachricht::N,oqqersuut,xabar
273,Neuigkeit::N,tusarnartaq,yangilik
274,Name::N,ateq,ot
275,Rätsel::N,nalorsitsaarut,topishmoq
276,Rede::N,oqaluuseq,nutq
277,Sprache::N,oqaatsit,til
278,Stimme::N,erinaq,ovoz
279,Stimme::N,qarluuseq,ovoz
280,Wort::N,oqaasii,so'z
281,Zeichen::N,nalunaaqqut,alomat
282,Ruf::N,qaaqqussut,chaqiriq
283,Lärm::N,perpaluk,taraq
284,Laut::N,torsukattak,tovush
285,Ton::N,erinaq,un
286,Lied::N,taalliaq,ashula
287,Lied::N,erinarsuut,ashula
288,Ruhe::N,qatsunganeq,tinchlik
289,Leute::N,inuiak,xaloyiq
290,Leute::N,inuiaqatigiit,xaloyiq
291,Volk::N,inuiaat,xalq
292,Arbeit::N,suliaq,ish
293,Gast::N,qaaqqusaq,mehmon
294,Geschenk::N,pajugut,hadya
295,Hilfe::N,annertoqqut,yordam
296,Freund::N,tiliaq,do'st
297,Freund::N,ikinngut,do'st
298,Kamerad::N,tiliaq,yo'ldosh
299,Kamerad::N,ikinngut,yo'ldosh
300,Art::N,ileqquuseq,tur
301,Stück::N,nakkaalaniku,parcha
302,Teil::N,tassiaasat,bo'lak
303,Hälfte::N,affaq,yarim
304,Kreis::N,kaajaluinneq or kaajaluitsoq,aylana
305,Kreuz::N,sanningasulik,xoch
306,Linie::N,tittaq,liniya
307,Linie::N,titarneq,liniya
308,Abstand::N,aku,oralik
309,Abstand::N,ikiaq,oralik
310,Entfernung::N,asi,uzoqlik
311,Gegend::N,nuna,yer
312,Platz::N,ini,oralig
313,Platz::N,inissaq,oralig
314,Ort::N,sumiiffik,joy
315,Seite::N,saneraq,yon
316,Mitte::N,qiteq,o'rta
317,Sache::N,pigisaq,buyum
318,Rand::N,sini,chek
319,Rand::N,akerfineq,chek
320,Kante::N,akerfineq,tig'
321,Ecke::N,teqeqqoq,burchak
322,Ecke::N,tikeqqoq,burchak
323,Spitze::N,inngik,uch
324,Ende::N,isu,oxir
325,Loch::N,putu,teshik
326,Winkel::N,teqeqqorissaat,go'sha
327,Muster::N,ilisserut,nusha
328,Größe::N,angissuseq,kattalik
329,Länge::N,takissuseq,uzunlik
330,Gewicht::N,oqimaalutaq,solmoq
331,Menge::N,amerlassuseq,miqdor
332,Haufen::N,eqimattat,uyum
333,Reihe::N,allunaasaq,saf
334,Boot::N,qajaq,qayiq
335,Boot::N,angallat,qayiq
336,Boot::N,umiatsiaq,qayiq
337,Ruder::N,iput,äshkak
338,Schlitten::N,qamutit,chana
339,Schlitten::N,qimusseq,chana
340,Ski::N,ataarut,chang'i
341,Last::N,nammagaq,yuk
342,Schritt::N,allorneq,qadam
343,Norden::N,avannaq,shimol
344,Süden::N,qava,janub
345,Süden::N,kujat,janub
346,Süden::N,kujataa,janub
347,Westen::N,kitaa,g'arb
348,Osten::N,kangi,sharq
349,Holz::N,qisuk,yog'och
350,Brett::N,salliligaq,taxta
351,Platte::N,qaateq,tabaqa
352,Stütze::N,ajagutaq,tayanchi
353,Stütze::N,ajaagutaq,tayanchi
354,Stange::N,kaaviffik,qo'noq
355,Stock::N,ajaappissat,tayoq
356,Stab::N,ajaappissat,gavron
357,Rohr::N,sullulik,tarnov
358,Haus::N,illu,uy
359,Ofen::N,kissarsuut,pechka
360,Fußboden::N,nateq,pol
361,Tisch::N,allattarfik,mosa
362,Stuhl::N,issiavik,o'rindiq
363,Stuhl::N,issiaffik,o'rindiq
364,Wiege::N,uaasoq,beshik
365,Bett::N,nallavik,yotoq
366,Regal::N,ilisivik,tokcha
367,Kiste::N,sakissat,sandiq
368,Kiste::N,illerfiusaq,sandiq
369,Fenster::N,aki,deraza
370,Fenster::N,igalaaq,deraza
371,Tür::N,matu,äshik
372,Tor::N,isaaffik,darvoza
373,Zaun::N,saputit,panjara
374,Dach::N,qaliaq,tom
375,Leiter::N,tummeqqat,narvon
376,Leiter::N,majuartarfiit,narvon
377,Besen::N,saligutit,supurgi
378,Spaten::N,nivaataq,bel
379,Schaufel::N,nivaataq,kurak
380,Gabel::N,qilluaq,bilka
381,Gabel::N,ajassaatit,bilka
382,Löffel::N,alussaat,qoshiq
383,Messer::N,savik,pichoq
384,Nagel::N,kukik,mix
385,Netz::N,anguffaseq,to'r
386,Haken::N,nissik,ilgak
387,Haken::N,qarsorsaq,ilgak
388,Haken::N,qarsorsartoq,ilgak
389,Griff::N,ipi,sop
390,Griff::N,ipi,tutqich
391,Schloss::N,illussaarsuaq,qulf
392,Bild::N,assiliaq,rasm
393,Figur::N,kisitsit,shakl
394,Puppe::N,inuusaq,ko'g'irchoq
395,Bündel::N,qilertaq,bog'lam
396,Tasche::N,pooqattaq,kissa
397,Deckel::N,matu,qopqoq
398,Geschirr::N,anut,idish
399,Tasse::N,tiitorfik,piyola
400,Tasse::N,tiitorfiup ilorlia,piyola
401,Topf::N,qoqqoq,tuvak
402,Kessel::N,uunnaavik,qozon
403,Essen::N,igaaq,tomoq
404,Nahrung::N,neqissaq,emak
405,Speise::N,nerisassat,taom
406,Fleisch::N,neqi,go'sht
407,Getreide::N,maannineq,g'alla
408,Brot::N,iffit,non
409,Brot::N,iffiaq,non
410,Scheibe::N,igalaassiaq,disk
411,Fett::N,tarnutissaq,moy
412,Fett::N,tarnutissiaq,moy
413,Butter::N,punneq,yog'
414,Öl::N,uulia,moy
415,Salz::N,taratsut,tuz
416,Suppe::N,qajoq,sho'rva
417,Honig::N,tungusunnitsuut,asal
418,Milch::N,immuk,sut
419,Tee::N,tii,choy
420,Tee::N,teeq,choy
421,Wolle::N,nuersagassiaq,jun
422,Stoff::N,milliaq,mato
423,Stoff::N,qarlissiaq,mato
424,Nadel::N,meqqut,igna
425,Faden::N,ujalussiaq,ip
426,Knopf::N,attat,tugma
427,Knoten::N,akeroq,tugun
428,Knoten::N,qilerneq,tugun
429,Farbe::N,qalipaat,bo'yok
430,Kleidung::N,atisat,kiyim
431,Kleidung::N,annoraaq,kiyim
432,Hemd::N,ilupaaq,ko'ylak
433,Kragen::N,qungasiinnaq,yoqa
434,Ärmel::N,aaq,yeng
435,Hose::N,qarliit,shim
436,Gürtel::N,qiterut,tasma
437,Gürtel::N,unngersaq,tasma
438,Mütze::N,nasaq,shapka
439,Schuh::N,skuu,but
440,Schuh::N,ikernuk,but
441,Schuh::N,ateraasaq,but
442,Stiefel::N,kamik,botinka
443,Ring::N,assammiu,yuzuk
444,Band::N,qilerutissiaq,rishta
445,Kamm::N,illaagutit,taroq
446,Kamm::N,illaajaatit pl.,taroq
447,Spiegel::N,tarrarsuut,ko'zgu
448,Riemen::N,allunaaq,qayish
449,Schnur::N,kujaaq,bog'ich
450,Schnur::N,allunaasaq,bog'ich
451,Leine::N,aleq,etak
452,Decke::N,qipik,odyol
453,Kissen::N,akit,yostiq
454,Tuch::N,qarlissiaq,gazlama
455,Handtuch::N,allarut,sochiq
456,Handtuch::N,allarterut,sochiq
457,Kraft::N,pissak,kuch
458,Stärke::N,qerattarsaat,quvvat
459,Gesundheit::N,peqqisusseq,sog'lik
460,Krankheit::N,nappaat,kasallik
461,Schmerz::N,anniaat,og'riq
462,Wunde::N,iki,yara
463,Fieber::N,nappaat qanimanartoq,bezgak
464,Arznei::N,imigassaq,dori
465,Brücke::N,ikaartarfik,ko'prik
466,Brunnen::N,tissaluttuliaq,buloq
467,Weide::N,masarsuk,yaylov
468,Pfad::N,aqqut,dorojka
469,Weg::N,aggerfik,yo'l
470,Straße::N,aqqusineq,ko'cha
471,Dorf::N,nunaqarfik,ovul
472,Stadt::N,illorpaat,shahar
473,Stadt::N,illorpalik,shahar
474,Brief::N,allagarsiaq,maktub
475,Buch::N,atuakkat,kitob
476,Buch::N,mappersagaq,kitob
477,Buchstabe::N,naqinneq,harf
478,Zeitung::N,aviisi,gazet
479,Leben::N,inuussuseq,hayot
480,Tod::N,toqu,o'lim
481,Tod::N,toquneq,o'lim
482,Grab::N,iliveq,go'r
483,Grab::N,illissat,go'r
484,Kirche::N,oqaluffik,cherkov
485,Sünde::N,ajorti,gunoh
486,Arbeiter::N,sulisoq,ishchi
487,Chef::N,ittoqut,rais
488,Meister::N,naalagaq,usta
489,Arzt::N,katsorsaasoq,hakim
490,Lehrer::N,ilinniartitsisoq,muallim
491,Geld::N,aningaasat,pul
492,Geschäft::N,niuertarfik,savdo
493,Laden::N,niuertarfik,do'kon
494,Preis::N,aki,baho
495,Ware::N,qaliata pii,mol
496,Ware::N,nioqqutissaq,mol
497,Nutzen::N,iluaqut,foyda
498,Welt::N,nunarsuaq,olam
499,Land::N,nuna,o'lka
500,König::N,kunngi,qirol
501,Macht::N,pissaassuseq,iqtidor
502,Grenze::N,killik,chegara
503,Krieg::N,sorsunneq,harb
504,Feind::N,akeraq,dushman
505,Feind::N,akerartorti,dushman
506,Feind::N,qinngarsuisoq,dushman
507,Kampf::N,sorsunneq,kurash
508,Pfeil::N,qalugiusaq,o'q
509,Gewehr::N,aallaat,vintovka
510,Fehler::N,kukkuneq,xato
511,Fehler::N,paarlaappaa,xato
512,Unglück::N,perluut,balo
513,Schuld::N,akiitsugaq,ayb
514,Schuld::N,akiligassaq,ayb
515,Alter::N,utoqqaq,yosh
516,Schluss::N,isu,tamom
517,Zeit::N,ulloq,vaqt
518,Zeit::N,akuttoqatigiinneq,vaqt
519,Tag::N,ulloq,kun
520,Morgen::N,ullaaq,saboh
521,Mittag::N,ulloqeqqa,kun tushlik
522,Abend::N,unnuk,oqshom
523,Nacht::N,unnuaq,tun
524,Woche::N,sapaatip akunnera,hafta
525,Monat::N,qaammat,oy
526,Jahr::N,ukioq,yil
527,Frühling::N,upernaaq,bahor
528,Sommer::N,aasaq,yoz
529,Herbst::N,ukiaq,kuz
530,Herbst::N,ukiaq,xazon
531,Winter::N,ukioq,qish
532,Januar::N,siulleeq,yanvar'
533,Januar::N,qaammaliaq,yanvar'
534,Februar::N,aarlaat,fevral'
535,März::N,marsi,mart
536,März::N,martsi,mart
537,Mai::N,maaji,may
538,Juni::N,juuni,iyun'
539,Juli::N,juuli,iyul'
540,August::N,aggusti,avgust
541,September::N,septembari,sentyabr'
542,Oktober::N,oktobari,oktyabr'
543,November::N,novembari,noyabr'
544,Dezember::N,detsembari,dekabr'
545,Montag::N,ataasinngortoq,dushanba
546,Dienstag::N,marlunngorneq,seshanba
547,Mittwoch::N,pingasunngorneq,chorshanba
548,Donnerstag::N,sisamanngorneq,payshanba
549,Freitag::N,tallimanngorneq,juma
550,Samstag::N,arfininngorneq,shanba
551,Sonntag::N,sapaat,yakshanba
552,Sonntag::N,sapaati,yakshanba
553,groß::A,angivoq,buyuk
554,klein::A,mikivoq,kichik
555,lang::A,takisooq,uzun
556,kurz::A,naatsoq,qisqa
557,breit::A,silippoq,keng
558,schmal::A,amitsoq,änsiz
559,dicht::A,torsusooq,quyuq
560,dick[Gegenstand]::A,issuvoq,qalin
561,dick[Gegenstand]::A,issusooq,qalin
562,dünn::A,amitsoq,ingichka
563,fein::A,mamarpoq,mayin
564,fest::A,tangeqarpoq,qattiq
565,flach::A,nalimmappoq,yalpoq
566,glatt::A,quasak,tekis
567,hart::A,mattusooq,qattiq
568,hart::A,manngerpoq,qattiq
569,hart::A,titeqquluppoq,qattiq
570,weich::A,nerumaarpoq,yumshoq
571,rund::A,ammallorippoq,yumaloq
572,spitz::A,qummukujooq,uchli
573,scharf::A,ipippoq,keskir
574,stumpf::A,anngerpoq,to'mtoq
575,schwer::A,oqimaappoq,salmoqli
576,schön::A,kusanarpoq,go'zal
577,heiß::A,kiappoq,qiziq
578,warm::A,oqorpoq,issiq
579,kalt::A,issippoq,sovuq
580,kühl::A,pueqqortippoq,salqin
581,feucht::A,isugutavoq,namli
582,feucht::A,qaasernarpoq,namli
583,nass::A,imerorpoq,nam
584,trocken::A,panerpoq,quruq
585,voll::A,ulikkaarpoq,to'la
586,leer::A,imaattuarpoq,puch
587,offen::A,ammavoq,ochiq
588,geschlossen::A,matuvoq,berk
589,sauber::A,eqqippoq,ozoda
590,sauber::A,sukuluippoq,ozoda
591,sauber::A,ipeqanngilaq,ozoda
592,schmutzig::A,tapappoq,kir
593,schmutzig::A,minguppoq,kir
594,roh::A,aapavoq,xom
595,reif::A,qaarulerpoq,pishiq
596,süß::A,tungusunnippoq,shirin
597,bitter::A,qasilippoq,achchiq
598,hell::A,qaamavoq,yorug'
599,dunkel::A,qernerpoq,qorong'i
600,schwarz::A,qernerpoq,qora
601,weiß::A,qaqorpoq,oq
602,rot::A,aappaluppoq,qizil
603,gelb::A,sungaarpoq,sariq
604,blau::A,tungujorpoq,zangori
605,grün::A,qorsooqqippoq,yashil
606,grau::A,qaserpoq,bo'z
607,billig::A,akikippoq,arzon
608,wertvoll::A,erlinnarpoq,qimmat
609,blind::A,tappiippoq,ko'r
610,blind::A,isigisaqanngilaq,ko'r
611,taub::A,tusilarpoq,garang
612,kräftig::A,pissaq,kuchli
613,kräftig::A,pissarsuaq,kuchli
614,stark::A,sanngivoq,quvvatli
615,schwach::A,nakuippoq,kuchsiz
616,fett::A,pualavoq,semiz
617,schlank::A,tuappoq,ingichka
618,hübsch::A,aatsialaq,ko'rkam
619,böse::A,ajorpoq,yovuz
620,dumm::A,taqajak,aqlsiz
621,dumm::A,sikkilluppoq,aqlsiz
622,dumm::A,qaatusimasaqanngilaq,aqlsiz
623,faul::A,eqiasuppoq,ärinchak
624,faul::A,eqiattortuvoq,ärinchak
625,fleißig::A,eqiasuippoq,ishchan
626,geizig::A,iasilaarpoq,qurumsoq
627,geizig::A,tukkuippoq,qurumsoq
628,klug::A,mallak,oqil
629,klug::A,ittanneq,oqil
630,klug::A,kutaappoq,oqil
631,klug::A,kuttaappoq,oqil
632,klug::A,qarasagippoq,oqil
633,lieb::A,akisooq,aziz
634,lustig::A,piikulavoq,chaqchaq
635,sanft::A,isumagippoq,asta
636,hungrig::A,kaappoq,och
637,hungrig::A,perlilerpoq,och
638,krank::A,napparsimavoq,kasal
639,traurig::A,aliasuppoq,xafa
640,lebendig::A,uumavoq,hayotiy
641,gut::A,ajunngilaq,soz
642,schlecht::A,sualuppoq,yomon
643,richtig::A,iluarpoq,rost
644,schlimm::A,amiilaarnarpoq,yovuz
645,wahr::A,ilumoorpoq,haqiqiy
646,alt::A,pisoqaq,äski
647,neu::A,nutaavoq,yangi
648,alt[Lebewesen]::A,utoqqaq,qari
649,jung::A,inuusuppoq,navqiron
650,jung::A,kingulliarsuk,navqiron
651,arm::A,piillasoq,abgor
652,arm::A,piitsuuvoq,abgor
653,reich::A,pisuuvoq,boy
654,berühmt::A,tusaamasaq,mashhur
655,fremd::A,ajasoornarpoq,yot
656,verschieden::A,allatut,turli
657,verschieden::A,tamalaat,turli
658,nah::A,qanippoq,yaqindagi
659,fern::A,ungasippoq,uzoq
660,linker::A,saamerleq,so'l
661,rechter::A,innarluissut,o'ng
662,erster::A,siulleq,birinchi
663,zweiter::A,qataatsup tullia,ikkinchi
664,dritter::A,pingajorarterut,uchinchi
665,letzter::A,kingulleq,oxirgi
666,allein::ADV,kisimiippoq,o'zicha
667,auf einmal::ADV,tassanngaannaq,varakay
668,zusammen::ADV,attaasa,barobar
669,zusammen::ADV,attarmik,barobar
670,lange::ADV,akuni,uzoq
671,plötzlich::ADV,tassanngaannaq,qo'qqisdan
672,sofort::ADV,erniinnaq,darrov
673,später::ADV,kingorna,so'ngra
674,jetzt::ADV,maanna,hozirgina
675,jetzt::ADV,massakkut,hozirgina
676,heute::ADV,ullumi,bugun
677,morgen::ADV,aqagu,ärta
678,bald::ADV,erniinnaq,toz
679,dann::ADV,taava,keyin
680,gestern::ADV,ippassaq,kecha
681,einst::ADV,ataatsimik,avvallari
682,einst::ADV,ilaanni,avvallari
683,damals::ADV,taamani,ugal
684,damals::ADV,taamanikkut,ugal
685,damals::ADV,taassumuunakkut,ugal
686,danach::ADV,taava,so'ngra
687,vorher::ADV,siornagut,avval
688,einmal::ADV,ilaanni,bir marta
689,einmal::ADV,ataatsimik,bir marta
690,manchmal::ADV,qaqutigu,onda-sonda
691,manchmal::ADV,qaqutigut,onda-sonda
692,oft::ADV,akulikitsumik,tez-tez
693,immer::ADV,tamatigut,har vaqt
694,hier::ADV,maani,shu erda
695,hierhin::ADV,maani,beri
696,dorthin::ADV,ikuuna,u yerga
697,geradeaus::ADV,narlumut,to'g'ri
698,vorwärts::ADV,pilangavoc,ilgari
699,rückwärts::ADV,kingumut,qoloq
700,rückwärts::ADV,tunumut or tunummut,qoloq
701,zurück::ADV,kingumut,orqada
702,zurück::ADV,tunumut or tunummut,orqada
703,unten::ADV,kana,pastda
704,hinab::ADV,qiviu,tubanga
705,überall::ADV,tamaginni,har erda
706,überall::ADV,tamani tamaani,har erda
707,kaum::ADV,qaqutigorsuaq,arang
708,sehr::ADV,assut,ancha
709,noch::ADV,qeratavoq,hali
710,schon::ADV,taava-una,endi
711,wieder::ADV,kingumut,yana
712,vergebens::ADV,angiluk,bekorga
713,dies::PRN,manna,o'sha
714,dies::PRN,matuma,o'sha
715,das::PRN,ua,narigi
716,ich::PRN,uanga,men
717,du::PRN,illit,sen
718,er::PRN,una,u
719,wir::PRN,uagut,biz
720,ihr::PRN,ilissi,siz
721,sie::PRN,uku,ular
722,was::FPRN,aat?,nima
723,wer::FPRN,kikkut,kim
724,wo::FADV,sumi,qaerda
725,wohin::FADV,sumut,qayerga
726,wie::FADV,qanoq,qanday
727,warum::FADV,sooq,nega
728,wieviel::FNUM,qassit,qancha
729,wieviel::FNUM,qanoq atsigisumik?,qancha
730,eins::NUM,ataaseq,bir
731,zwei::NUM,marluk,ikki
732,drei::NUM,pingasut,uch
733,vier::NUM,sisamat,to'rt
734,vier::NUM,qajuusat,to'rt
735,fünf::NUM,tallimat,besh
736,sechs::NUM,arfineq,olti
737,sechs::NUM,arfinillit,olti
738,sieben::NUM,arfineq-marluk,etti
739,acht::NUM,arfineq pingasut,sakkiz
740,neun::NUM,qulingiluat,to'qqiz
741,neun::NUM,arfineq sisamat,to'qqiz
742,zehn::NUM,qulit,o'n
743,elf::NUM,aqqaneq,o'n bir
744,zwölf::NUM,aqqaneq-marluk,o'n ikki
745,zwanzig::NUM,tyve,yigirma
746,dreißig::NUM,tredive,o'ttiz
747,dreißig::NUM,pingasunik qulillit,o'ttiz
748,vierzig::NUM,fyrre,qirq
749,fünfzig::NUM,halvtreds,ällik
750,fünfzig::NUM,tallimanik qulillit,ällik
751,sechzig::NUM,tres,oltmish
752,siebzig::NUM,halvfjerds,etmish
753,achtzig::NUM,firs,sakson
754,neunzig::NUM,halvfems,to'qson
755,hundert::NUM,et hundrede,yuz
756,tausend::NUM,et tusinde,ming
757,und::CNJ,aamma,va
758,oder::CNJ,imalluunnit,yo
759,stehen::V,sikingavoq,turmoq
760,sitzen::V,ingippoq,o'tirmoq
761,liegen::V,nalavoq,yotmoq
762,liegen::V,aqupivoq,yotmoq
763,hängen::V,nivinngarpaa,osilmoq
764,werden::V,pinngorpoq,bo'lmoq
765,passieren::V,pivoq,bo'lib o'tmoq
766,beginnen::V,aallarnerpaa,boshlanmoq
767,enden::V,naggaserpaa,bitmoq
768,wechseln::V,immikkut ilivoq,o'zgarmoq
769,untergehen[Sonne]::V,ilioqqaasoq,botmoq
770,scheinen[Sonne]::V,qinnorpoq,yaraqlamoq
771,scheinen[Sonne]::V,qinngorpoq,yaraqlamoq
772,donnern::V,kalleq,gulduramoq
773,wehen::V,timmivoq,elpimoq
774,sich drehen::V,ipippaa,aylanmoq
775,schwanken::V,aalavoq,qoqilmoq
776,schwingen::V,issakajaat or issakatsiaarut,lopillamoq
777,fallen::V,quasivaa,tushmoq
778,brennen::V,seerpoq,yonmoq
779,brennen::V,uuppaa,yonmoq
780,rauchen::V,pujoorpoq,tutamoq
781,regnen::V,siallerpoq,yomg'ir yog'moq
782,gefrieren::V,qiulerpoq,muzlamoq
783,tauen::V,aappoq,ärimoq
784,schmelzen::V,aappoq,ärimoq
785,schmelzen::V,aatsippaa,ärimoq
786,trocknen::V,panerserpaa,qurimoq
787,sieden::V,qalappoq,qaynamoq
788,reißen::V,qulli,qayt qilmoq
789,reißen::V,alittorpaa,qayt qilmoq
790,reißen::V,kimillanneq,qayt qilmoq
791,versinken::V,kivivaa,g'arq bo'lmoq
792,versinken::V,apparpoq,g'arq bo'lmoq
793,vergehen::V,qaangerpaa,o'tmoq
794,vergehen::V,sarsuppoq,o'tmoq
795,erscheinen::V,takutippoq,zuhur ätmoq
796,sinken::V,kivivaa,pasaymoq
797,sinken::V,apparpoq,pasaymoq
798,abnehmen::V,ikillipput,kamaymoq
799,zunehmen::V,allisippaa,urchimoq
800,steigen::V,allisippaa,oshmoq
801,wachsen::V,allivoq,o'smoq
802,glänzen::V,qinngorpoq,porlamoq
803,glänzen::V,qinnorpoq,porlamoq
804,funkeln::V,uisorilavoq,yalt ätmoq
805,läuten::V,avilualaarpoq,jiringlamoq
806,klingeln::V,aviluarpoq,jiringlamoq
807,klingeln::V,aviluarpaluppoq,jiringlamoq
808,brausen::V,ittuk,vag'illamoq
809,brausen::V,ittuppoq,vag'illamoq
810,brausen::V,ittuppaluppoq,vag'illamoq
811,bellen::V,qiluppoq,hurmoq
812,heulen::V,maarpoq,uvlamoq
813,heulen::V,maalavoq,uvlamoq
814,heulen::V,miaggoorpoq,uvlamoq
815,blasen::V,aporneq,puflamoq
816,pfeifen::V,siggartartitsivoq,xushtak chalmoq 
817,pfeifen::V,siorsulavoq,xushtak chalmoq 
818,schreien::V,suaarpoq,qiyqirmoq
819,stöhnen::V,nipiliorpoq,nola qilmoq
820,stöhnen::V,nipilliorpoq,nola qilmoq
821,zittern::V,qarsulivik,titramoq
822,leben::V,inuuvoq,yashamoq
823,geboren werden::V,inuuvoq,tug'ilmoq
824,geboren werden::V,inunngorpoq,tug'ilmoq
825,atmen::V,anersaarpoq,nafas chiqarmoq
826,trinken::V,imerpoq,ichmoq
827,essen::V,tamorpoq,emoq
828,schlucken::V,tuluarnaq,yutmoq
829,einschlafen::V,sinippoq,uxlab qolmoq
830,schlafen::V,sinik,uxlamoq
831,aufwachen::V,iterpoq,uyg'onmoq
832,aufwachen::V,eqqumavoq,uyg'onmoq
833,aufstehen::V,makippoq,qo'pmoq
834,sich erholen::V,qasuerserpoq,dam olmoq
835,schmerzen::V,anneraa,og'rimoq
836,schmerzen::V,annernarpoq,og'rimoq
837,husten::V,quersorpoq,yo'talmoq
838,genesen::V,ajunngissivoq,tuzalmoq
839,genesen::V,ilisimmarpoq,tuzalmoq
840,genesen::V,ilorrippoq,tuzalmoq
841,sterben::V,toquvoq,o'lmoq
842,sich bewegen::V,ingerlavoq,harakat qilmoq
843,sich setzen::V,ingippoq,o'tirmoq
844,laufen::V,arpappoq,yurmoq
845,schreiten::V,ingerlavoq,yurmoq
846,spazierengehen::V,utertakajaarpoq,sayr ätmoq
847,spazierengehen::V,utertakattajaarpoq,sayr ätmoq
848,eilen::V,qaa qaa,tezlamoq
849,eilen::V,qiilasaarpoq,tezlamoq
850,eilen::V,ingerlasaarpaa,tezlamoq
851,sich beeilen::V,tuaviorpoq,shoshmoq
852,sausen::V,uiguut,chopqillamoq
853,rennen::V,igivoq,yugurmoq
854,springen::V,upernassaq,sakramoq
855,klettern::V,pilaakkeerpoq,yuqorilamoq
856,schaukeln::V,aalavoq,irg'amoq
857,schwimmen::V,naluppoq,suzmoq
858,tauchen::V,allorpoq,chu'mmoq
859,rudern::V,ipuppaa,eshkak eshmoq
860,fahren::V,qimusserpoq,haydamoq
861,fliegen::V,timmivoq,uchmoq
862,weggehen::V,piiarpoq,ketoq
863,anhalten::V,unitsippaa,to'xtamoq
864,hineingehen::V,timaappaa,kirmoq
865,eintreten::V,allattorpaa,kirmoq
866,kommen::V,qaa-,kelmoq
867,kommen::V,pivaa,kelmoq
868,ankommen::V,tikippoq,etib kelmoq
869,zurückkommen::V,angerlarpoq,qaytib kelmoq
870,bleiben::V,uninngavoq,qolmoq
871,warten::V,paavoq,poylamoq
872,warten::V,utaqqivoq,poylamoq
873,suchen::V,nivivaa,izlamoq
874,finden::V,nanivaa,topmoq
875,versuchen::V,uuppaa,chalishmoq
876,versuchen::V,ussersarpaa,chalishmoq
877,vorbereiten::V,piareersarpaa,hozirlamoq
878,lieben::V,asavaa,sevmoq
879,mögen::V,akaaraa,ardoqlamoq
880,rühren::V,qeerlerpaa,ta'sirlantirmoq
881,weinen::V,qiavoq,yig'lamoq
882,schimpfen::V,qatimaarpoq,koyinmoq
883,sich ärgern::V,ugguutigaa,g'azab qilmoq
884,sich fürchten::V,eqqanaarpoq,hurkmoq
885,fürchten::V,ersigaa,qo'rqmoq
886,fliehen::V,qimaavoq,qochmoq
887,flüchten::V,allikarfigaa,qochmoq
888,sehen::V,isigaa,ko'rmoq
889,ansehen::V,alaatsinaappaa,razm qilmoq
890,hören::V,tusarpaa,äshitmoq
891,zuhören::V,naalappoq,tinglamoq
892,riechen::V,tipippoq,iskamoq
893,fühlen::V,misigaa,sezmoq
894,scheinen::V,takutippoq,tuyilmoq
895,frieren::V,qiiavoq,sovuq qotmoq
896,tun::V,iliorpoq,ätmoq
897,wollen::V,piumavaa,istamoq
898,anfangen::V,pilerpoq,boshlamoq
899,beenden::V,naggaserpaa,bitirmoq
900,aufhören::V,naammatsippaa,tinmoq
901,öffnen::V,ammarpaa,ochmoq
902,schließen::V,matuaa,yopmoq
903,stellen::V,ilivaa,qo'ymoq
904,stellen::V,iliorarpai,qo'ymoq
905,stellen::V,ilioqqarpai,qo'ymoq
906,setzen::V,iliorarpai,o'tqazmoq
907,setzen::V,ilioqqarpai,o'tqazmoq
908,legen::V,ilivaa,yotqizmoq
909,berühren::V,attorpaa,tegmoq
910,verbinden::V,taperserpaa,ulamoq
911,bedecken::V,iikkerpaa,bekitmoq
912,bedecken::V,iikkersorpaa,bekitmoq
913,aufhängen::V,inivaa,ildirmoq
914,aufhängen::V,iniorarpai,ildirmoq
915,anzünden::V,saggaavoq,yondirmoq
916,aufheben::V,allisippaa,ko'tarmoq
917,zurücklassen::V,aallarpoq,ayrilmoq
918,verlieren::V,annaavaa,yo'qotmoq
919,fallen lassen::V,nakkaavaa,tushirmoq
920,machen::V,iliorpoq,qilmoq
921,herstellen::V,anillatsippaa,chiqarmoq
922,bauen::V,marrarterpaa,solmoq
923,reparieren::V,iluarsaappaa,tuzatmoq
924,verbessern::V,naqqippaa,isloh qilmoq
925,graben::V,assappaa,qazimoq
926,beugen::V,qappappoq,bukmoq
927,biegen::V,qappappoq,bukmoq
928,wenden::V,assappaa,burmoq
929,wenden::V,assakarpoq,burmoq
930,umdrehen::V,assakartippaa,ag'darmoq
931,heben::V,kivippaa,yuksaltirmoq
932,hochheben::V,kissumiarpaa,ko'tarmoq
933,ergreifen::V,isaappaa,tutamlamoq
934,ergreifen::V,isaguppaa,tutamlamoq
935,halten::V,minarpaa,tutmoq
936,drücken::V,naqittaat,bosmoq
937,kratzen::V,qitsuppaa,qashimoq
938,lecken::V,aluppaa,mijimoq
939,beißen::V,kiivaa,tishlamoq
940,abreißen::V,aqqarpaa,emirmoq
941,abreißen::V,isaterpaa,emirmoq
942,abschneiden::V,kipivaa,cho'rt kesmoq
943,binden::V,kakkersarpaa,bog'lamoq
944,stecken::V,kussunneq,suqmoq
945,brechen::V,nallorpaa,sindirmoq
946,klopfen::V,pattappaa,dukurlamoq
947,hauen::V,aqivaa,urmoq
948,kleben::V,qaappoq,yopishtirmoq
949,reiben::V,tagiarpaa,surkamoq
950,reiben::V,tangiarpaa,surkamoq
951,streichen::V,erlerpoq,surkamoq
952,schleifen::V,sequppaa,qayramoq
953,schneiden::V,uullivoq,kesmoq
954,schütteln::V,aalavoq,chayqamoq
955,schwenken::V,issarpoq,chayqatmoq
956,füllen::V,immerpaa,to'ldirmoq
957,einwickeln::V,immoqquserpaa,chulg'amoq
958,tragen::V,maqippaa,tashimoq
959,tragen::V,assartorpoq,tashimoq
960,schleppen::V,assartorpoq,sudramoq
961,ziehen::V,kalippaa,tortmoq
962,ziehen::V,kalissarpoq,tortmoq
963,aufbewahren::V,toqqorpaa,tutmoq
964,werfen::V,kuivaa,tashlamoq
965,fangen::V,anguaa,tutmoq
966,verstecken::V,anngigaa,yashirmoq
967,teilen::V,agguut,bo'lmoq
968,teilen::V,agguusersorpaa,bo'lmoq
969,schicken::V,nassiuppaa,yubormoq
970,bringen::V,aggiuppaa,keltirmoq
971,bringen::V,nassataraa,keltirmoq
972,bekommen::V,tiguaa,olmoq
973,erhalten::V,tiguaa,olmoq
974,nehmen::V,pivoq,olmoq
975,nehmen::V,tiguaa,olmoq
976,bewahren::V,sukkunik simerserpaa,saqlamoq
977,verderben::V,asiutippaa,xazon qilmoq
978,verderben::V,piuneerunnerit,xazon qilmoq
979,zerbrechen::V,ukuvoq,sindirmoq
980,zerreißen::V,tisavaa,yirtmoq
981,zerreißen::V,alittorpaa,yirtmoq
982,zerstören::V,aserorpaa,vayron qilmoq
983,verbrennen::V,seerpoq,kuydirmoq
984,geben::V,pivoq,bermoq
985,versprechen::V,neriorsorpaa,va'da bermoq
986,wünschen::V,kissaat,orziqmoq
987,loben::V,nersorpaa,maqtamoq
988,loben::V,nersornaat,maqtamoq
989,küssen::V,kunippaa,o'pmoq
990,küssen::V,kunissorpaa,o'pmoq
991,zudecken::V,majorpaa,yopmoq
992,wecken::V,itersarpaa,uyg'otmoq
993,zeigen::V,tikkuuppaa,ko'rsatmoq
994,führen::V,tasissiuppaa,boshlik bo'lmoq
995,führen::V,ilitsersorpaa,boshlik bo'lmoq
996,führen::V,tasissersuuppaa,boshlik bo'lmoq
997,lehren::V,ilinniartippaa,o'rgatmoq
998,unterrichten::V,ajoqerpaa,dars bermoq
999,unterrichten::V,ajoqersorpaa,dars bermoq
1000,unterrichten::V,ilinniartitsivoq,dars bermoq
1001,aufziehen::V,inororsarpaa,o'stirmoq
1002,leiten::V,iluatsippaa,boshqarmoq
1003,antreiben::V,ikusimmippaa,shoshiltirmoq
1004,einladen::V,qaaqquaa,taklif kilmoq
1005,einladen::V,qaasarpaa,taklif kilmoq
1006,vereinigen::V,taperserpaa,qo'shmoq
1007,besuchen::V,tikeraarpaa,mehmonga bormoq
1008,treffen::V,aporappaa,duchor bo'lmoq
1009,sich versammeln::V,majorpoq,to'planmoq
1010,spielen::V,pinnguarpoq,o'ynamoq
1011,singen::V,erinarsorpoq,yalla qilmoq
1012,tanzen::V,qitippoq,raqs qilmoq
1013,sich trennen::V,immikkoortippaa,yakkalanmoq
1014,retten::V,annaappaa,qutqazmoq
1015,schützen::V,eriagaa,yoniga olmoq
1016,schützen::V,pineqartaalivaa,yoniga olmoq
1017,schießen::V,aallaavaa,otmoq
1018,schießen::V,piseriuppaa,otmoq
1019,ärgern::V,ninngassarpaa,jahl chiqarmoq
1020,ärgern::V,ninngassaarpaa,jahl chiqarmoq
1021,schlagen::V,unatarpaa,urmoq
1022,treten::V,tukerpoq,tepmoq
1023,stechen::V,iguppaa,qadamoq
1024,stechen::V,qasilippoq,qadamoq
1025,stoßen::V,ikuserpaa,turtmoq
1026,stoßen::V,ikusimmippaa,turtmoq
1027,stehlen::V,tillippaa,o'g'rilamoq
1028,stören::V,akornuserpaa,tebratmoq
1029,verbergen::V,anngigaa,berkitmoq
1030,betrügen::V,peqquserluttuliorfigaa,tirriq qilmoq
1031,töten::V,maappaa,o'ldirmoq
1032,töten::V,toquppaa,o'ldirmoq
1033,wohnen::V,najugaqarpoq,istiqomat qilmoq
1034,arbeiten::V,sulivoq,ishlamoq
1035,sammeln::V,katersorpai,yig'moq
1036,jagen::V,piniarpoq,ov qilmoq
1037,fischen::V,aalisarpoq,baliq ovlamoq
1038,anbinden::V,qilerut,bog'lamoq
1039,anbinden::V,qilersorpaa,bog'lamoq
1040,anbinden::V,ungerlatserpaa,bog'lamoq
1041,füttern::V,nerlerpaa,edirmoq
1042,gießen::V,imerterpaa,oqizmoq
1043,kochen::V,igavoq,qaynatmoq
1044,braten::V,siappaa,qovurmoq
1045,umrühren::V,qeerlerpaa,atalamoq
1046,färben::V,misuppaa,bo'yoqlamoq
1047,reinigen::V,sanniarpaa,tozalamoq
1048,waschen::V,asappaa,yuvmoq
1049,abwischen::V,saligarpaa,surkamoq
1050,abwischen::V,saligartorpaa,surkamoq
1051,fegen::V,sanngiarpaa,cho'tkalamoq
1052,baden::V,uffarpoq,cho'milmoq
1053,sich waschen::V,uffarpoq,yuvinmoq
1054,ausziehen::V,annoraajarpaa,echintirmoq
1055,anziehen::V,ativaa,kiymoq
1056,anziehen::V,atitippaa,kiymoq
1057,sich anziehen::V,atisalersorpoq,kiyinmoq
1058,sagen::V,oqarpoq,aytmoq
1059,sprechen::V,oqaluttarpoq,so'zlamoq
1060,reden::V,oqaluppoq,gapirmoq
1061,fragen::V,aperaa,so'ramoq
1062,bitten::V,aperaa,iltimos qilmoq
1063,bitten::V,qinnuigaa,iltimos qilmoq
1064,erzählen::V,oqaluttuaraa,aytib bermoq
1065,mitteilen::V,oqalualaarpoq,bildirmoq
1066,rufen::V,qaaqquaa,chaqirmoq
1067,prahlen::V,oqqartuvoq,gerdaymoq
1068,prahlen::V,oqallortuvoq,gerdaymoq
1069,übersetzen::V,ikaarpoq,tarjima qilmoq
1070,übersetzen::V,nutserpaa,tarjima qilmoq
1071,denken::V,isumaqarpoq,o'ylamoq
1072,glauben::V,upperaa,ishonmoq
1073,glauben::V,isumaqarpoq,ishonmoq
1074,erkennen::V,ilisaraa,tanimoq
1075,verstehen::V,paasivaa,anglamoq
1076,lernen::V,ilinniarpoq,o'qimoq
1077,wissen::V,nalunngilaa,bilmoq
1078,sich erinnern an::V,eqqaavaa,äsni tanimoq
1079,vergessen::V,puiorpaa,unutmoq
1080,messen::V,ussersarpaa,o'lchamoq
1081,zählen::V,kisitsivoq,raqamlamoq
1082,rechnen::V,kisitsivoq,cho'tlamoq
1083,lesen::V,atuarpoq,o'qimoq
1084,malen::V,qalipappaa,rasm solmoq
1085,schreiben::V,allappoq,yozmoq
1086,kaufen::V,pisiaraa,olmoq
1087,verkaufen::V,akigaa,sotmoq
1088,bezahlen::V,akilerpaa,to'lamoq
1089,beherrschen::V,inappaa,ägalamoq
1090,ertragen::V,ernertaaraa,chidamoq
1091,Nase::N,,burun
1092,Schnurrbart::N,,mo'ylov
1093,Fuß::N,,oyoq
1094,Schlaf::N,,uyqu
1095,Strömung::N,,oqim
1096,Moor::N,,qir-adir
1097,Wald::N,,o'rmon
1098,Anhöhe::N,,adir
1099,Gipfel::N,,cho'qqi
1100,Quelle::N,,buloq
1101,Festland::N,,materik
1102,Kiefer[Baum]::N,,qarag'ay
1103,Pferd::N,,ot
1104,Elch::N,,los
1105,Schwarm::N,,to'da
1106,Ente::N,,o'rdak
1107,Barsch::N,,olabug'a
1108,Hecht::N,,cho'rtan
1109,Wurm::N,,qurt
1110,Heu::N,,xashak
1111,Kummer::N,,g'am
1112,Gespräch::N,,gap
1113,Spiel::N,,o'yin
1114,Gesellschaft::N,,jamiyat
1115,Angelegenheit::N,,daxl
1116,Anzahl::N,,son
1117,Strich::N,,chiziq
1118,Gegenstand::N,,ashyo
1119,Höhe::N,,yuksaklik
1120,Lagerfeuer::N,,gulxan
1121,Gang::N,,yurish
1122,Heim::N,,makon
1123,Beutel::N,,to'rva
1124,Eimer::N,,chelak
1125,Sack::N,,qop
1126,Brei::N,,bo'tqa
1127,Leder::N,,charm
1128,Gott::N,,olloh
1129,Reichtum::N,,boylik
1130,Staat::N,,davlat
1131,Gewalt::N,,zo'rlik
1132,Bogen[Waffe]::N,,yoy
1133,Lüge::N,,yolg'on
1134,Schaden::N,,ziyon
1135,April::N,,aprel'
1136,frisch::A,,toza
1137,lecker::A,,shirin
1138,sauer::A,,achchiq
1139,bunt::A,,ola
1140,teuer::A,,qimmat
1141,geschickt::A,,äpchil
1142,nackt::A,,yalang
1143,ehemalig::A,,sobiq
1144,bekannt::A,,ma'lum
1145,anderer::A,,boshqa
1146,zuerst::ADV,,avval
1147,niemals::ADV,,hargiz
1148,von hier::ADV,,shu erdan
1149,dort::ADV,,ana
1150,oben::ADV,,ustida
1151,hinauf::ADV,,yuqorida
1152,nicht::ADV,,ämas
1153,ein wenig::ADV,,biroz
1154,so::ADV,,shunday
1155,nur::ADV,,yolg'iz
1156,vor::PRP,,burun
1157,hinter::PRP,,ketida
1158,unter::PRP,,ostida
1159,durch::PRP,,bo'ylab
1160,neben::PRP,,yonida
1161,zwischen::PRP,,orada
1162,wegen::PRP,,sababli
1163,alles::PRN,,har nima
1164,aufgehen[Sonne]::V,,chiqmoq
1165,strömen::V,,oqmoq
1166,fließen::V,,oqmoq
1167,faulen::V,,chirimoq
1168,verfaulen::V,,chirimoq
1169,verschwinden::V,,yo'qolmoq
1170,lärmen::V,,taraq ätmoq
1171,klirren::V,,sharaqlamoq
1172,rauschen::V,,shitirlamoq
1173,klingen::V,,yangramoq
1174,müde werden::V,,horimoq
1175,krank werden::V,,kasallanmoq
1176,krank sein::V,,betob yotmoq
1177,umkommen::V,,halok bo'lmoq
1178,sich rühren::V,,qimirlamoq
1179,sich erheben::V,,qo'pmoq
1180,hinfallen::V,,yiqilmoq
1181,kriechen::V,,ämaklamoq
1182,gehen::V,,bormoq
1183,abfahren::V,,jo'namoq
1184,erwarten::V,,kutmoq
1185,lachen::V,,kulmoq
1186,anschauen::V,,razm solmoq
1187,probieren::V,,tatib ko'rmoq
1188,zu sehen sein::V,,ko'rinmoq
1189,vernehmen::V,,äshitmoq
1190,können::V,,-a olmoq
1191,können::V,,-y olmoq
1192,gelingen::V,,muvaffaqiyat qozonmoq
1193,geraten::V,,bo'lmoq
1194,ändern::V,,o'zgartirmoq
1195,drehen::V,,aylantirmoq
1196,schieben::V,,surmoq
1197,rütteln::V,,chayqamoq
1198,schütten::V,,quymoq
1199,packen::V,,opqochmoq
1200,hinzufügen::V,,tirkamoq
1201,wählen::V,,saylamoq
1202,auswählen::V,,saylamoq
1203,behindern::V,,xalal bermoq
1204,beschädigen::V,,buzmoq
1205,reichen::V,,bermoq
1206,schenken::V,,sovg'a qilmoq
1207,wiegen::V,,tebratmoq
1208,lassen::V,,ruxsat bermoq
1209,verlassen::V,,qoldirmoq
1210,bewachen::V,,qo'rimoq
1211,verteidigen::V,,yoqlamoq
1212,sich schlagen::V,,yoqalashmoq
1213,siegen::V,,engmoq
1214,belästigen::V,,g'ashini keltirmoq
1215,täuschen::V,,aldamoq
1216,pflücken::V,,termoq
1217,fassen::V,,ilinmoq
1218,hüten::V,,boqtirmoq
1219,treiben::V,,haydamoq
1220,melken::V,,sog'moq
1221,hacken::V,,chopmoq
1222,reifen::V,,qizarmoq
1223,zubereiten::V,,pishirmoq
1224,backen::V,,yopmoq
1225,stricken::V,,to'qimoq
1226,nähen::V,,tikmoq
1227,spülen::V,,chaymoq
1228,kehren::V,,supurmoq
1229,kämmen::V,,taramoq
1230,schmücken::V,,yasatmoq
1231,sich unterhalten::V,,suhbatlashmoq
1232,nennen::V,,atamoq
1233,bemerken::V,,payqamoq
1234,begreifen::V,,tushunmoq
1235,zeichnen::V,,chizmoq
1236,besitzen::V,,ägalamoq
1237,zahlen::V,,to'lamoq
