,Concept_ID,kv,os
0,Auge::N,син,цӕст
1,Ohr::N,пель,хъус
2,Nase::N,ныр,фындз
3,Mund::N,ӧм,дзых
4,Zahn::N,пинь,дӕндаг
5,Zunge::N,кыв,ӕвзаг
6,Lippe::N,тырп,был
7,Wange::N,рожабан,рус
8,Wange::N,рожабан,уадул
9,Wange::N,рожабан,ӕхсӕрфарс
10,Gesicht::N,бан,цӕсгом
11,Stirn::N,кымӧс,ных
12,Haar::N,юрси,хил
13,Schnurrbart::N,уссэз,рихи
14,Bart::N,тош,зачъе
15,Kinn::N,тшӧка,роцъо
16,Kiefer[Anatomie]::N,ан,ӕфсӕр
17,Kehle::N,юан,хъуыр
18,Hals::N,юан,къубал
19,Genick::N,юр бӧр,къӕбут
20,Kopf::N,юр,сӕр
21,Rücken::N,мышк,фӕсонтӕ
22,Bauch::N,кынӧм,гуыбын
23,Nabel::N,гӧг,бикъ
24,Busen::N,морос,дзидзи
25,Brust::N,морос,риу
26,Schulter::N,пельпон,уӕхск
27,Arm::N,ки,цонг
28,Ellenbogen::N,гырдзза,рæмбын
29,Hand::N,кикар,къух
30,Handfläche::N,ки пыдӧс,армытъӕпӕн
31,Finger::N,чунь,ӕнруылдз
32,Fingernagel::N,гыж,ных
33,Nagel[Anatomie]::N,гыж,ных
34,Zeh::N,чунь,къух
35,Fuß::N,кокпыдӧс,фад
36,Ferse::N,кокдзир,зӕвӕт
37,Knie::N,пидзӧс,уӕраг
38,Oberschenkel::N,лядьбей,агъд
39,Bein::N,кок,зӕнг
40,Körper::N,вывтыр,буар
41,Haut::N,кучик,царм
42,Blut::N,вир,туг
43,Ader::N,сӧн,дадзин
44,Ader::N,сӧн,тугдадзин
45,Sehne::N,жила,хъиутæ
46,Sehne::N,жила,нуар
47,Knochen::N,коска,стӕг
48,Gehirn::N,вем,магъз
49,Herz::N,сьӧлӧм,зӕрдӕ
50,Magen::N,жӧвдӧк,ахсӕн
51,Leber::N,мус,игæр
52,Atem::N,лолалӧм,улӕфт
53,Hunger::N,тшыг,стонг
54,Träne::N,синва,цæссыг
55,Geschmack::N,кӧр,ад
56,Geruch::N,дук,смаг
57,Schlaf::N,он,хуыссӕг
58,Traum::N,вӧт,фын
59,Himmel::N,небо,арв
60,Himmel::N,небо,уӕларв
61,Sonne::N,шондi,хур
62,Mond::N,тӧлiсь,мӕй
63,Stern::N,кӧдзыв,стъалы
64,Luft::N,ру,уӕлдӕф
65,Wind::N,тӧв,дымгӕ
66,Welle::N,гы,уылӕн
67,Wasser::N,ва,дон
68,Stein::N,из,дур
69,Boden::N,му,зӕхх
70,Erde::N,му,сыджыт
71,Staub::N,бус,рыг
72,Rauch::N,тшын,фӕздӕг
73,Funke::N,бичир,цӕхӕр
74,Feuer::N,би,зынг
75,Licht::N,би,рухс
76,Schatten::N,вуджӧр,аууон
77,Wetter::N,погоддя,боныхъӕд
78,Nebel::N,туман,мигъ
79,Wolke::N,кымӧр,ӕврагъ
80,Regen::N,зэр,уарын
81,Schnee::N,лым,мит
82,Eis::N,йы,их
83,Frost::N,мороз,ихæн
84,Kälte::N,кӧдзыт,уазал
85,Hitze::N,ӧд,ӕнтӕф
86,Raureif::N,кижа,халас
87,Regenbogen::N,енӧшка,арвырон
88,Regenbogen::N,енӧшка,арвырдын
89,Donner::N,гым,æрвнæрын
90,Strömung::N,визывтӧм,цыд
91,Tropfen::N,тёп,æртах
92,Schaum::N,быг,фынк
93,Schmutz::N,нять,цъыф
94,See::N,ты,цад
95,Sumpf::N,арай,цъыфдзаст
96,Moor::N,нюр,цъыфдзаст
97,Wiese::N,видз,уыгӕрдӕн
98,Wald::N,вӧр,хъӕд
99,Hügel::N,мыльк,обау
100,Hügel::N,мыльк,къуыбыр
101,Anhöhe::N,вывтас,уæлвæз
102,Anhöhe::N,вывтас,уæлхох
103,Anhöhe::N,вылынін,уæлвæз
104,Anhöhe::N,вылынін,уæлхох
105,Berg::N,керӧс,хох
106,Gipfel::N,йыв,цъупп
107,Höhle::N,нора,лӕгӕт
108,Abhang::N,покат,къул
109,Quelle::N,больган,суадон
110,Bach::N,шор,мӕсчъыдон
111,Fluss::N,ю,дон
112,Fluss::N,ю,цӕугӕдон
113,Ufer::N,берег,был
114,Küste::N,берег,донбыл
115,Festland::N,му,сурзæхх
116,Meer::N,море,денджыз
117,Bucht::N,курья,донбакæлæн
118,Blume::N,цветок,дидинӕг
119,Gras::N,турун,кӕрдӕг
120,Wurzel::N,вуж,уидаг
121,Baum::N,пу,бӕлас
122,Stamm::N,мыр,хӕтӕл
123,Stamm::N,кер,хӕтӕл
124,Rinde::N,кач,цъар
125,Ast::N,ув,арх
126,Zweig::N,ув,къалиу
127,Blatt::N,лист,сыф
128,Birke::N,кыдз,бæрз
129,Kiefer[Baum]::N,пожум,нӕзы
130,Weide[Baum]::N,бадь,хӕрис
131,Tanne::N,кӧз,наз
132,Horn::N,сюр,сыкъа
133,Feder::N,гӧн,сис
134,Fell::N,кучик,царм
135,Flügel::N,борд,базыр
136,Klaue::N,гыж,ных
137,Kralle::N,кабыр,дзӕмбы
138,Schwanz::N,бӧж,къӕдзил
139,Ei::N,кольть,айк
140,Nest::N,поз,ахстон
141,Bau::N,осьта,хуынкъ
142,Bau::N,нора,хуынкъ
143,Tier::N,зверь,сырд
144,Tier::N,зверь,цӕрӕгой
145,Herde::N,гурт,дзуг
146,Herde::N,гурт,рӕгъау
147,Kuh::N,мӧс,хъуг
148,Bulle::N,ӧшка,гал
149,Pferd::N,вӧв,бӕх
150,Schaf::N,баля,фыс
151,Schwein::N,порсь,хуы
152,Hund::N,пон,куыдз
153,Katze::N,кань,гӕды
154,Bär::N,ош,арс
155,Eichhörnchen::N,ур,æхсæрæг
156,Elch::N,вӧр мӧс,цæгатаг саг
157,Fuchs::N,руч,рувас
158,Hase::N,кӧч,тæрхъус
159,Maus::N,шыр,мыст
160,Wolf::N,кӧин,бирӕгъ
161,Vogel::N,кай,цъиу
162,Vogel::N,кай,маргъ
163,Schwarm::N,стая,бал
164,Schwarm::N,чукӧр,бал
165,Huhn::N,курӧг,карк
166,Hahn::N,петух,уасӕг
167,Hahn::N,ай курӧг,уасӕг
168,Gans::N,дзодзог,хъаз
169,Adler::N,куч,цӕргӕс
170,Adler::N,кутш,цӕргӕс
171,Ente::N,утка,ацц
172,Eule::N,тупка, уыг
173,Eule::N,тупка,сидахъ
174,Kranich::N,тури,зырнæг
175,Kranich::N,тури,хърихъупп
176,Krähe::N,рака,халон
177,Kuckuck::N,кӧк,гаккук
178,Schwan::N,юсь,доныхъаз
179,Fisch::N,чери,кӕсаг
180,Barsch::N,ёкыш,окунь
181,Hecht::N,сирпинь,хихор кӕсаг
182,Schlange[Tier]::N,змей,калм
183,Wurm::N,номыр,зулкъ
184,Wurm::N,номыр,къуыдыргалм
185,Spinne::N,черань,хӕлуарӕг
186,Ameise::N,кӧдзывкар,мæлдзыг
187,Laus::N,ляпа той,сыст
188,Mücke::N,ном,къогъо
189,Fliege::N,гут,бындз
190,Schmetterling::N,бабыв,гæлæбу
191,Beere::N,ягӧд,гагадыргъ
192,Apfel::N,яблоко,фӕткъуы
193,Pilz::N,тшак,зокъо
194,Pilz::N,тшак,къозо
195,Zwiebel::N,грез,хъӕдындз
196,Saat::N,кӧдзыс,тауинаг
197,Saat::N,кӧдзыс,мыггаг
198,Korn::N,сю,мыггаг
199,Korn::N,сю,тауинаг
200,Heu::N,турун,хос
201,Schale::N,кыш,цъар
202,Schale::N,киль,цъар
203,Grube::N,яма,урм
204,Grube::N,яма,къахт
205,Grube::N,яма,дзыхъхъ
206,Falle::N,нальк,цъысым
207,Falle::N,нальк,къӕппӕг
208,Falle::N,кляпча,цъысым
209,Falle::N,кляпча,къӕппӕг
210,Schlinge::N,лӧч,цасм
211,Spur::N,туй,фæд
212,Asche::N,пӧим,фӕнык
213,Asche::N,пӧим,ӕртхутӕг
214,Dreck::N,нять,цъыф
215,Eisen::N,кӧрт,ӕфсӕйнаг
216,Gold::N,зарни,сыгъзӕрин
217,Silber::N,язісь,ӕвзист
218,Kohle::N,шом,ӕвзалы
219,Kohle::N,уголь,ӕвзалы
220,Glas::N,стекло,авг
221,Lehm::N,сёй,ӕлыг
222,Sand::N,лыа,змис
223,Mensch::N,морт,лӕг
224,Mensch::N,морт,адӕймаг
225,Mensch::N,морт,удгоймаг
226,Mann::N,мужик,лӕг
227,Mann::N,мужик,нӕлгоймаг
228,Frau::N,инька,сылгоймаг
229,Kind::N,кага,сывӕллон
230,Junge::N,зонка,лӕппу
231,Mädchen::N,нывкаок,чызг
232,Familie::N,семья,бинонтæ
233,Großvater::N,дед,фыдыфыд
234,Großvater::N,дед,мадыфыд
235,Großmutter::N,баб,фыды мад
236,Großmutter::N,баб,мады мад
237,Eltern::N,ай-мам,ныййарджытæ
238,Vater::N,ай,фыд
239,Mutter::N,мам,мад
240,Sohn::N,зон,фырт
241,Tochter::N,ныв,чызг
242,Bruder::N,вон,ӕфсымӕр
243,Schwester::N,сой,хо
244,Onkel::N,дядь,фыдыфсымӕр
245,Tante::N,айӧлӧн сой,мадыхо
246,Tante::N,ичинь,мадыхо
247,Ehemann::N,жӧник,мой
248,Ehefrau::N,инь,ус
249,Freude::N,гаж,цин
250,Freude::N,гаж,циндзинад
251,Freude::N,радъялӧм,цин
252,Freude::N,радъялӧм,циндзинад
253,Gelächter::N,сералӧм,худын
254,Gelächter::N,сералӧм,худт
255,Gelächter::N,сералӧм,худæг
256,Glück::N,мичлун,амонд
257,Kummer::N,шог,хъыг
258,Wunsch::N,мӧдӧм,бӕллиц
259,Wunsch::N,охотитӧм,бӕллиц
260,Lust::N,охота,монц
261,Geist::N,лов,уд
262,Gedanke::N,дума,хъуыды
263,Gedächtnis::N,тӧдвыв,мысæн
264,Gedächtnis::N,тӧдвыв,мысын
265,Gedächtnis::N,тӧдвыв,зæрдылдарын
266,Verstand::N,вежӧр,зонд
267,Sinn::N,ылӧс,нысаниуæг
268,Grund::N,мог,ӕфсон
269,Wahrheit::N,правда,æцæг
270,Gespräch::N,сёрни,ныхас
271,Märchen::N,сказка,аргъау
272,Erzählung::N,висьт,радзырд
273,Nachricht::N,юӧр,уац
274,Nachricht::N,висьталӧм,уац
275,Neuigkeit::N,новость,хабар
276,Name::N,ним,ном
277,Rätsel::N,загадка,уыци-уыци
278,Rätsel::N,загадка,базон-базон
279,Rede::N,сёрни,раныхас
280,Sprache::N,кыв,ӕвзаг
281,Stimme::N,голос,хъӕлӕс
282,Wort::N,кыв,дзырд
283,Zeichen::N,пас,нысан
284,Ruf::N,чуксӧм,сидт
285,Ruf::N,чукӧстӧм,сидт
286,Lärm::N,шум,уынæр
287,Laut::N,шы,зӕл
288,Laut::N,шы,мыр
289,Ton::N,гор,мыр
290,Lied::N,сьыланкыв,зарӕг
291,Ruhe::N,спокой,æнцой
292,Leute::N,йӧз,адӕм
293,Volk::N,йӧз,адӕм
294,Volk::N,народ,адӕм
295,Arbeit::N,удж,фӕллой
296,Gast::N,гӧсь,уазӕг
297,Geschenk::N,гӧснеч,хуын
298,Geschenk::N,подарок,хуын
299,Spiel::N,орсӧм,хъазт
300,Gesellschaft::N,компания,дзыллæ
301,Gesellschaft::N,компания,æхсæнад
302,Hilfe::N,отсӧт,æххуыс
303,Hilfe::N,отсӧт,ахъаз
304,Freund::N,модз,лымӕн
305,Freund::N,дружок,лымӕн
306,Kamerad::N,тӧдса,ӕмбал
307,Angelegenheit::N,дело,хъуыддаг
308,Anzahl::N,лыд,бӕрц
309,Art::N,пӧлӧс,хуыз
310,Art::N,пӧлӧс,хуызад
311,Stück::N,тор,кæрдих
312,Stück::N,тор,комдзаг
313,Teil::N,юкӧм,хай
314,Hälfte::N,джын,æрдæг
315,Hälfte::N,джын,æмбис
316,Kreis::N,круг,зиллакк
317,Kreuz::N,перна,дзуар
318,Linie::N,визь,хахх
319,Strich::N,кырӧв,хахх
320,Abstand::N,колас,æхсæнуат
321,Entfernung::N,ылына,дæрддзæг
322,Entfernung::N,ылына,дардцæг
323,Gegend::N,места,ран
324,Platz::N,места,бууат
325,Ort::N,места,ран
326,Ort::N,места,бынат
327,Seite::N,ладор,фахс
328,Mitte::N,шӧр,астӕу
329,Gegenstand::N,тор,дзаума
330,Sache::N,тор,дзаума
331,Rand::N,дор,кӕрон
332,Kante::N,ордлы,фӕрск
333,Ecke::N,пельӧс,тигъ
334,Ecke::N,пельӧс,фисын
335,Spitze::N,йыв,бырынкъ
336,Ende::N,йыв,кӕрон
337,Loch::N,осьта,хуынкъ
338,Winkel::N,пельӧс,къуым
339,Muster::N,сер,нывæфтыд
340,Muster::N,сер,кæдзист
341,Größe::N,ыжда,ас
342,Länge::N,кузя,дӕргъ
343,Höhe::N,сувда,бæрзонд
344,Höhe::N,сувда,бæрзæнд
345,Höhe::N,сувда,бæрзонддзинад
346,Höhe::N,вылына,бæрзонд
347,Höhe::N,вылына,бæрзæнд
348,Höhe::N,вылына,бæрзонддзинад
349,Gewicht::N,сьӧкта,уӕз
350,Haufen::N,куча,кӕри
351,Reihe::N,лёдз,рӕнхъ
352,Boot::N,пыж,чема
353,Ruder::N,пелыс,къохар
354,Schlitten::N,додь,дзоныгъ
355,Ski::N,лямпа,къахдзоныгътæ
356,Ski::N,лямпа,лыжæтæ
357,Lagerfeuer::N,бипур,арт
358,Last::N,тягота,уаргъ
359,Gang::N,мунӧм,цыд
360,Schritt::N,вожмӧв,санчъех
361,Schritt::N,вожмӧв,къахдзӕф
362,Norden::N,ой,цæгат
363,Süden::N,лун,хуссар
364,Westen::N,рытвыв,ныгуылæн
365,Osten::N,асыв,скæсæн
366,Holz::N,пу,хъӕдӕрмӕг
367,Brett::N,пӧв,фæйнæг
368,Platte::N,плита,къӕй
369,Stütze::N,пика,быцæу
370,Stange::N,зор,хъил
371,Stange::N,потш,хъил
372,Stock::N,бедь,лӕдзӕг
373,Stab::N,шест,хъил
374,Rohr::N,труба,хӕтӕл
375,Haus::N,керку,хӕдзар
376,Heim::N,керку,къона
377,Ofen::N,пӧжавны,пец
378,Fußboden::N,джодж,астӕрд
379,Tisch::N,пызан,стъол
380,Stuhl::N,стул,бандон
381,Wiege::N,зыбка,авдæн
382,Bett::N,кровать,сынтӕг
383,Regal::N,джадж,тӕрхӕг
384,Regal::N,джадж,уӕлвӕйнӕг
385,Kiste::N,ящик,асыкк
386,Fenster::N,ӧшын,рудзынг
387,Fenster::N,ӧшын,фæрссаг
388,Tür::N,ыбӧс,дуар
389,Tor::N,ворота,кулдуар
390,Zaun::N,забор,æмбонд
391,Zaun::N,забор,быру
392,Zaun::N,забор,гæрæн
393,Dach::N,крыша,уӕлхӕдзар
394,Leiter::N,лиснич,асин
395,Besen::N,рос,уисой
396,Spaten::N,зыр,бел
397,Schaufel::N,зыр,æвгæнæн
398,Schaufel::N,зыр,кæфой
399,Gabel::N,вила,вилкæ
400,Löffel::N,пань,уидыг
401,Messer::N,пурт,кард
402,Nagel::N,кӧрттув,зӕгӕл
403,Netz::N,кыйӧт,хыз
404,Haken::N,ем,хæдз
405,Haken::N,ем,хæбырæгъ
406,Griff::N,пу,фистон
407,Schloss::N,замок,гуыдыр
408,Bild::N,картина,ныв
409,Figur::N,мыгӧр,кæрдгæныв
410,Puppe::N,акань,чындз
411,Beutel::N,мешӧк,дзӕкъул
412,Bündel::N,нин,баст
413,Tasche::N,сумка,хызын
414,Tasche::N,сумка,дзæкъул
415,Eimer::N,ведра,къæрта
416,Eimer::N,ведра,чъыбыла
417,Eimer::N,ведра,ведра
418,Deckel::N,вевт,сæр
419,Deckel::N,вевт,æмбæрзæн
420,Geschirr::N,доз,мигæнæн
421,Geschirr::N,доз,мигæнæнтæ
422,Geschirr::N,бекӧрпань,мигæнæн
423,Geschirr::N,бекӧрпань,мигæнæнтæ
424,Sack::N,мешӧк,голлаг
425,Tasse::N,бекӧр,пиала
426,Tasse::N,бекӧр,къус
427,Topf::N,кастрюля,аг
428,Topf::N,кастрюля,чысыл аг
429,Kessel::N,пӧрт,аг
430,Essen::N,сёйӧм,хӕрд
431,Nahrung::N,вердан,хойраг
432,Speise::N,сёян,хӕринаг
433,Fleisch::N,яй,дзидза
434,Fleisch::N,яй,фыдызгъӕл
435,Getreide::N,сю,халсар
436,Brei::N,каша,кас
437,Brot::N,нянь,дзул
438,Scheibe::N,шӧрӧм,къӕбӕр
439,Fett::N,гос,сой
440,Butter::N,ви,нӕлхӕ
441,Öl::N,ви,зети
442,Salz::N,сов,цӕхх
443,Suppe::N,шыд,бас
444,Honig::N,ма,мыд
445,Milch::N,йӧв,ӕхсыр
446,Tee::N,чай,цай
447,Leder::N,кучик,мæскуы
448,Wolle::N,гӧн,фӕсмын
449,Stoff::N,дӧра,хъуымац
450,Nadel::N,ем,судзин
451,Faden::N,сунис,ӕндах
452,Knopf::N,кизь,цӕппӕр
453,Knoten::N,узӧв,ӕлхынцъ
454,Knoten::N,гӧрӧд,ӕлхынцъ
455,Farbe::N,краска,ахорæн
456,Kleidung::N,паськӧм,дарӕс
457,Hemd::N,йӧрнӧс,хӕдон
458,Kragen::N,воротник,æфцæггот
459,Ärmel::N,сос,дыс
460,Hose::N,вешьян,хæлаф
461,Hose::N,вешьян,æддаг хæлаф
462,Hose::N,вешьян,салбар
463,Gürtel::N,йи,рон
464,Mütze::N,шапка,худ
465,Schuh::N,ботинки,басмахъ
466,Stiefel::N,сапог,цырыхъхъ
467,Ring::N,чунькытш,къухдарӕн
468,Band::N,ленточка,лент
469,Kamm::N,сынан,сӕрвасӕн
470,Spiegel::N,зеркало,айдæн
471,Spiegel::N,зеркало,кæсæн
472,Riemen::N,ремень,гӕрз
473,Schnur::N,гез,бӕндӕн
474,Leine::N,повод,
475,Decke::N,одеяло,хъӕццул
476,Kissen::N,подушка,баз
477,Tuch::N,чышьян,кæлмæрзæн
478,Tuch::N,чышьян,кæрдæн
479,Handtuch::N,чышкӧт,хисæрфæн
480,Kraft::N,прак,тых
481,Kraft::N,прак,хъомыс
482,Stärke::N,вын,тых
483,Stärke::N,вын,æхсар
484,Gesundheit::N,здоровье,æнæниздзинад
485,Krankheit::N,шог,низ
486,Krankheit::N,шог,рын
487,Schmerz::N,зубыт,рис
488,Wunde::N,рана,цӕф
489,Fieber::N,лёк тресся,ризӕг
490,Fieber::N,лёк тресся,тӕфсӕг
491,Fieber::N,кынтан шогӧт,ризӕг
492,Fieber::N,кынтан шогӧт,тӕфсӕг
493,Arznei::N,лекарство,хос
494,Brücke::N,пос,хид
495,Brunnen::N,колодец ,цъай
496,Weide::N,пода йирсян,хизæн
497,Weide::N,пода йирсян,хизæнуат
498,Weide::N,пода йирсян,сæрвæт
499,Pfad::N,туй,къахвæндаг
500,Pfad::N,туй,къахвæд
501,Weg::N,туй,фӕндаг
502,Straße::N,туй,фӕндаг
503,Dorf::N,деревня,хъӕу
504,Stadt::N,город,сахар
505,Brief::N,гижӧт,фыстӕг
506,Buch::N,книга,чиныг
507,Buchstabe::N,буква,дамгъӕ
508,Zeitung::N,газета,газет
509,Leben::N,олан,цард
510,Leben::N,олан,цӕрӕнбон
511,Tod::N,кулӧм,мæлæт
512,Tod::N,кулӧм,адзал
513,Grab::N,гу,ингӕн
514,Kirche::N,вичку,аргъуан
515,Sünde::N,грек,тæригъæд
516,Gott::N,ен,хуыцау
517,Arbeiter::N,уджалiсь,кусæг
518,Chef::N,начальник,ӕмцег
519,Meister::N,мастер,мастер
520,Meister::N,мастер,дæсны
521,Arzt::N,врач,хосгæнæг
522,Arzt::N,врач,дохтыр
523,Lehrer::N,велӧтісь,ахуыргæнæг
524,Geld::N,деньга,ӕхца
525,Geschäft::N,удж,бизнес
526,Geschäft::N,удж,хъуыддаг
527,Laden::N,магазин,дукани
528,Preis::N,дон,аргъ
529,Ware::N,товар,базайраг
530,Nutzen::N,путь,пайда
531,Reichtum::N,богатство,хъæздыгдзинад
532,Reichtum::N,богатство,исбон
533,Reichtum::N,богатство,мулк
534,Welt::N,му,дуне
535,Land::N,страна,бӕстӕ
536,Staat::N,государство,паддзахад
537,König::N,кан,къарол
538,Macht::N,власть,хицаудзинад
539,Grenze::N,граница,арӕн
540,Krieg::N,война,хӕст
541,Feind::N,враг,знаг
542,Feind::N,враг,фыдгул
543,Feind::N,враг,фыдзæрдæ
544,Feind::N,враг,сон
545,Kampf::N,нярасьӧм,хæст
546,Kampf::N,нярасьӧм,хъæбысæйхæст
547,Kampf::N,нярасьӧм,тох
548,Kampf::N,вермасьӧм,хæст
549,Kampf::N,вермасьӧм,хъæбысæйхæст
550,Kampf::N,вермасьӧм,тох
551,Bogen[Waffe]::N,лук,ӕрдын
552,Pfeil::N,ньӧв,фат
553,Gewehr::N,ружьё,топп
554,Fehler::N,ошибка,рӕдыд
555,Lüge::N,ылӧтӧм,мӕнг
556,Lüge::N,ылӧтӧм,гӕдыдзинад
557,Lüge::N,пӧрьялӧм,мӕнг
558,Lüge::N,пӧрьялӧм,гӕдыдзинад
559,Schaden::N,лёк,зиан
560,Unglück::N,пик,бæллæх
561,Unglück::N,оказзё,бæллæх
562,Schuld::N,вина,азым
563,Schluss::N,ком,кæрон
564,Zeit::N,кад,рӕстӕг
565,Tag::N,лун,бон
566,Morgen::N,асыв,райсом
567,Mittag::N,луншӧр кад,æмбисбон
568,Abend::N,рыт,изӕр
569,Nacht::N,ой,ӕхсӕв
570,Woche::N,неделя,къуыри
571,Monat::N,тӧлicь,мӕй
572,Jahr::N,год,аз
573,Jahr::N,год,афӕдз
574,Frühling::N,тулыс,уалдзæг
575,Sommer::N,гожум,сӕрд
576,Herbst::N,ар,фæззæг
577,Winter::N,тӧв,зымӕг
578,Januar::N,январ,январь
579,Februar::N,февраль,февраль
580,März::N,март,мартъи
581,April::N,апрель,апрель
582,Mai::N,май,май
583,Juni::N,юнь,июнь
584,Juli::N,юль,июль
585,August::N,август,август
586,September::N,сентяб,сентябрь
587,Oktober::N,октяб,октябрь
588,November::N,нояб,ноябрь
589,Dezember::N,декаб,декабрь
590,Montag::N,вильлун,къуырисæр
591,Dienstag::N,мӧдӧдзлун,дыццæг
592,Mittwoch::N,шӧрлун,æртыццæг
593,Donnerstag::N,нёльӧдзлун,цыппæрæм
594,Freitag::N,витӧдзлун,майрæмбон
595,Samstag::N,пывсянлун,сабат
596,Sonntag::N,кресення,хуыцаубон
597,groß::A,ыджыт,дынджыр
598,klein::A,учӧтик,гыццыл
599,lang::A,кузь,даргъ
600,kurz::A,дженыт,цыбыр
601,breit::A,ота,фӕтӕн
602,schmal::A,векнит,нарӕг
603,schmal::A,векнит,уынгӕг
604,dicht::A,тшӧк,бæзджын
605,dicht::A,тшӧк,тар
606,dick[Gegenstand]::A,кыз,сӕвджын
607,dünn::A,вӧснит,тæнæг
608,fein::A,вӧснит,лыстӕг
609,fest::A,крепыт,фидар
610,fest::A,крепыт,хъӕддых
611,flach::A,лапкӧса,тъӕпӕн
612,glatt::A,волькыт,лӕгъз
613,hart::A,чӧрыт,хъӕбӕр
614,weich::A,небыт,фӕлмӕн
615,rund::A,гӧгрӧса,тымбыл
616,spitz::A,ёся,цыргъбырынкъ
617,spitz::A,ёся,цыргъфындз
618,scharf::A,лэчыт,цыргъ
619,stumpf::A,ныж,къуымых
620,schwer::A,сьӧкыт,уӕззау
621,schön::A,басӧк,аив
622,schön::A,басӧк,рӕсугъд
623,heiß::A,жар,тӕвд
624,warm::A,шоныт,хъарм
625,kalt::A,кӧдзыт,уазал
626,kühl::A,сайкыт,сатæг
627,kühl::A,сайкыт,уазалгомау
628,frisch::A,виль,сатæг
629,feucht::A,вакодь,уымӕл
630,nass::A,ва,хуылыдз
631,trocken::A,кӧс,хус
632,voll::A,тыра,дзаг
633,voll::A,тыра,йедзаг 
634,leer::A,тыртӧм,афтид
635,offen::A,оссьӧм,гом
636,geschlossen::A,игана,æхгæд
637,geschlossen::A,пӧдана,æхгæд
638,sauber::A,сӧдз,сыгъдæг
639,sauber::A,сӧстӧм,сыгъдæг
640,schmutzig::A,нятьӧсь,чъиллон
641,roh::A,путӧм,хом
642,reif::A,кисьмалӧм,рӕгъӕд
643,lecker::A,кӧра ,хӕрзад
644,süß::A,чӧскыт,адджын
645,bitter::A,курыт,судзаг
646,sauer::A,шӧма ,туаг
647,hell::A,югыт,рухс
648,dunkel::A,пемыт,талынг
649,schwarz::A,сьӧд,сау
650,weiß::A,чочком,урс
651,rot::A,гӧрд,сырх
652,gelb::A,веж,бур
653,blau::A,лӧз,цъӕх
654,grün::A,веж,цъӕх
655,grün::A,веж,кӕрдӕгхуыз
656,grau::A,руд,цъӕх
657,grau::A,руд,фӕныкхуыз
658,grau::A,бусӧй,цъӕх
659,grau::A,бусӧй,фӕныкхуыз
660,bunt::A,быдрӧма,хъулон
661,bunt::A,быдрӧма,гæрæм
662,billig::A,донтӧм,аслам
663,teuer::A,дона,зынаргъ
664,wertvoll::A,дона,зынаргъ
665,blind::A,синтӧм,куырм
666,taub::A,пельтӧм,къуырма
667,kräftig::A,вына,домбай
668,kräftig::A,вына,тыхджын
669,stark::A,вына,тыхджын
670,schwach::A,некодя,ӕнӕбон
671,fett::A,госа,нард
672,schlank::A,статя,гуырвидыц
673,schlank::A,статя,хæрзконд
674,schlank::A,статя,рæхснæг
675,schlank::A,статя,сагамад
676,hübsch::A,басӧк,аив
677,hübsch::A,басӧк,рӕсугъд
678,böse::A,лёк,фыдзӕрдӕ
679,dumm::A,бӧбӧв,ӕдылы
680,dumm::A,вежӧртӧм,ӕдылы
681,faul::A,дыш,зивӕг
682,faul::A,дыш,зивӕггӕнаг
683,fleißig::A,уджалicь,æнæзивæг
684,fleißig::A,уджалicь,æнувыд
685,geizig::A,жикмӧра,чъынды
686,geizig::A,жикмӧра,æлгъин
687,geizig::A,жикмӧра,мæрддзæст
688,geizig::A,горшаліcь,чъынды
689,geizig::A,горшаліcь,æлгъин
690,geizig::A,горшаліcь,мæрддзæст
691,klug::A,авья,зондджын
692,klug::A,вежӧра,зондджын
693,geschickt::A,кипода,хӕрзарӕхст
694,lieb::A,муса,уарзон
695,lieb::A,дзулиньӧй,уарзон
696,lustig::A,гажа,хъӕлдзӕг
697,sanft::A,лебезнӧй,мынчын
698,hungrig::A,тшыг,ӕххормаг
699,krank::A,шогалiсь,нӕфӕразгӕ
700,nackt::A,куш,бӕгънӕг
701,traurig::A,жугыль,ӕрхӕндӕг
702,lebendig::A,ловья,цардӕгас
703,gut::A,бур,хорз
704,schlecht::A,умӧль,цауд
705,schlimm::A,нештӧм,ӕвзӕр
706,alt::A,важ,зӕронд
707,neu::A,виль,ног
708,ehemalig::A,вӧвлӧм,раздӕры
709,alt[Lebewesen]::A,года,ацӕргӕ
710,alt[Lebewesen]::A,годдэза,ацӕргӕ
711,jung::A,том,ӕрыгон
712,arm::A,гов,мӕгуыр
713,arm::A,беднӧй,мӕгуыр
714,reich::A,эма,хъӕздыг
715,bekannt::A,тӧдса,зонгӕ
716,fremd::A,чужӧй,æцæгæлон
717,verschieden::A,быдкодь,æндæр æмæ æндæр
718,verschieden::A,быдкодь,алы
719,verschieden::A,быдкодь,алыхуызон
720,nah::A,матiсь,хӕстӕг
721,fern::A,ылicь,дард
722,fern::A,ылicь,дӕрддаг
723,linker::A,шульга,галиу
724,rechter::A,веськытланись,рахиз
725,anderer::A,мукӧд,иннӕ
726,anderer::A,мукӧд,ӕндӕр
727,erster::A,медодзза,фыццаг
728,erster::A,медодзза,фыццӕгӕм
729,zweiter::A,кыкӧт,дыккаг
730,zweiter::A,кыкӧт,дыккæгæм
731,dritter::A,куимӧт,æртыккаг
732,dritter::A,куимӧт,æртыккæгæм
733,dritter::A,куимӧдз,æртыккаг
734,dritter::A,куимӧдз,æртыккæгæм
735,letzter::A,бӧрья,фӕстаг
736,letzter::A,мёдбӧрья,фӕстаг
737,auf einmal::ADV,тшӧтш,уайтагъд
738,auf einmal::ADV,тшӧтш,æвиппайды
739,auf einmal::ADV,тшӧтш,æваст
740,zusammen::ADV,ӧтлаын,иумӕ
741,lange::ADV,дыр,бирæ рæстæг
742,plötzlich::ADV,друг,æвиппайды
743,plötzlich::ADV,друг,æваст
744,sofort::ADV,тшӧтш,уыцы сахат
745,sofort::ADV,тшӧтш,уайтагъд
746,später::ADV,медбӧрын,фæстæдæр
747,jetzt::ADV,ӧні,ныр
748,heute::ADV,талун,абон
749,morgen::ADV,ашын,райсом
750,bald::ADV,чожа,тагъд
751,bald::ADV,чожа,рæхджы
752,dann::ADV,сыбӧрын,стæй
753,gestern::ADV,тӧн,знон
754,einst::ADV,ӧтпыр,кӕддӕр
755,damals::ADV,сэк,уæд
756,damals::ADV,сэки,уæд
757,danach::ADV,сэсся,стæй
758,danach::ADV,сэсся,уый фæстæ
759,vorher::ADV,одзжык,раздæр
760,zuerst::ADV,наперво,фыццаг
761,einmal::ADV,ӧтпыр,иу хатт
762,manchmal::ADV,мукӧдпыр,хатт
763,oft::ADV,-лы-,арæх
764,immer::ADV,быдпыр,ӕдзух
765,immer::ADV,быдпырся,ӕдзух
766,niemals::ADV,некӧр,никуы
767,niemals::ADV,некӧр,никæд
768,hier::ADV,татӧн,ам
769,hierhin::ADV,татчӧ,ардӕм
770,von hier::ADV,тасянь,ардыгæй
771,dort::ADV,сэтӧн,уым
772,dorthin::ADV,сэтчин,уырдӕм
773,geradeaus::ADV,веськыта,æргом
774,vorwärts::ADV,одзӧ,размӕ
775,rückwärts::ADV,бӧр,фӕстӕмӕ
776,zurück::ADV,бӧр,фӕстӕмӕ
777,unten::ADV,увтын,дæлæ
778,unten::ADV,увтын,дæлейы
779,unten::ADV,увтын,бынæй
780,hinab::ADV,увтас,дӕлӕмӕ
781,hinab::ADV,увтас,уырдыгмӕ
782,oben::ADV,вевдӧрас,уӕле
783,hinauf::ADV,вывлань,уӕлӕмӕ
784,hinauf::ADV,вывланьӧ,уӕлӕмӕ
785,überall::ADV,быдлан,алыран
786,überall::ADV,быдлан,алкæм
787,überall::ADV,быдлан,кæмдæриддæр
788,nicht::ADV,ог,нӕ
789,ein wenig::ADV,-ышт,чысыл
790,ein wenig::ADV,невна,чысыл
791,kaum::ADV,ӧдва,цъус
792,sehr::ADV,вывтi,тынг
793,sehr::ADV,вывтi,иттӕг
794,so::ADV,сiдз,афтӕ
795,noch::ADV,эшӧ,ма
796,nur::ADV,только,канд
797,nur::ADV,только,ӕрмӕст
798,schon::ADV,ни,нырид
799,wieder::ADV,бӧра,ногӕй
800,vergebens::ADV,весись,дзæгъæлы
801,vergebens::ADV,весись,уæгъды
802,vergebens::ADV,весись,æнæхъуаджы
803,vor::PRP,одзас,разы
804,hinter::PRP,бӧрӧ,фӕстӕ
805,unter::PRP,увтын,бын
806,durch::PRP,пыр,æхсæнты
807,neben::PRP,бокам,цур
808,neben::PRP,боксиным,цур
809,zwischen::PRP,коласас,астӕу
810,wegen::PRP,понда,тыххай
811,dies::PRN,эта,ай
812,das::PRN,сiя,уый
813,alles::PRN,быдӧс,алцы
814,alles::PRN,быдӧс,æппæтдæр
815,alles::PRN,быдӧс,иууылдӕр
816,ich::PRN,ме,æз
817,du::PRN,тэ,ды
818,er::PRN,сiя,уый
819,wir::PRN,мийӧ,мах
820,ihr::PRN,ті,сымах
821,sie::PRN,нія,уыдон
822,was::FPRN,мый,цы
823,wer::FPRN,кин,чи
824,wo::FADV,кытӧн,кӕм
825,wohin::FADV,кытчӧ,кӕдӕм
826,wie::FADV,дзик,куыд
827,warum::FADV,мыля,цӕмӕн
828,warum::FADV,мыйсянь,цӕмӕн
829,wieviel::FNUM,мымда,цал
830,eins::NUM,ӧт,иу
831,zwei::NUM,кык,дыууӕ
832,drei::NUM,куим,ӕртӕ
833,vier::NUM,нёль,цыппар
834,fünf::NUM,вит,фондз
835,sechs::NUM,квать,ӕхсӕз
836,sieben::NUM,сизим,авд
837,acht::NUM,кыкьямыс,аст
838,neun::NUM,ӧкмыс,фараст
839,zehn::NUM,дас,дӕс
840,elf::NUM,дасотік,иуæндæс
841,zwölf::NUM,даскык,дыууадæс
842,zwanzig::NUM,кыкдас,дыууын
843,dreißig::NUM,куимдас,æртын
844,dreißig::NUM,куимдас,дæсæмæссæдз
845,vierzig::NUM,нёльдас,цыппор
846,vierzig::NUM,нёльдас,цыппур
847,vierzig::NUM,нёльдас,дыууиссæдзы
848,fünfzig::NUM,витдас,фӕндзай
849,sechzig::NUM,кватьдас,æхсай
850,sechzig::NUM,кватьдас,æртиссæдзы
851,siebzig::NUM,сизимдас,æвдай
852,siebzig::NUM,сизимдас,дæс æмæ æртиссæдзы
853,achtzig::NUM,кыкьямысдас,цыппарыссæдзы
854,achtzig::NUM,кыкьямысдас,æстай
855,neunzig::NUM,ӧкмысдас,нæуæдз
856,neunzig::NUM,ӧкмысдас,дæс æмæ цыппарыссæдзы
857,hundert::NUM,сто,сӕдӕ
858,tausend::NUM,тысяча,мин
859,und::CNJ,и,ӕмӕ
860,und::CNJ,да,ӕмӕ
861,oder::CNJ,или,кӕнӕ
862,stehen::V,сулавны,лӕууын
863,sitzen::V,пукавны,бадын
864,liegen::V,куйлыны,хуыссын
865,hängen::V,ӧшавны,ауыгъд уын
866,werden::V,лоны,суӕвын
867,passieren::V,аркмыны,æрцæуын
868,beginnen::V,петны,райдайын
869,enden::V,-сь,фæуын
870,enden::V,бырны,фæуын
871,wechseln::V,вежсьыны,ивын
872,aufgehen[Sonne]::V,петавны,скæсын
873,untergehen[Sonne]::V,пуксьыны, аныгуылын
874,scheinen[Sonne]::V,югьявны,рухс кӕнын
875,donnern::V,гымавны,нæрын
876,wehen::V,пӧлявны,дымын
877,strömen::V,киссьыны,кӕлын
878,fließen::V,визывтны,цæуын
879,fließen::V,визывтны,уайын
880,fließen::V,визывтны,кæлын
881,sich drehen::V,бергавны,зилын
882,schwanken::V,кӧвьясьны,æнкъуысын
883,schwingen::V,дюттясьны,æнкъуысын
884,schwingen::V,дюттясьны,змæлын
885,fallen::V,усьны,хауын
886,brennen::V,сотчыны,судзын
887,rauchen::V,тшынасьны,фæздæг кæнын
888,regnen::V,зэрны,уарын
889,gefrieren::V,гегдыны,сӕлын
890,tauen::V,сывны,стайын
891,schmelzen::V,сывны,тайын
892,trocknen::V,косьмыны,хус кæнын
893,sieden::V,пизьны,фыцын
894,faulen::V,нёльзьыны,ӕмбийын
895,verfaulen::V,тӧрмыны,бамбийын
896,verfaulen::V,сiсьмыны,бамбийын
897,reißen::V,косясьны,скъуийын
898,versinken::V,вӧйны,дӕлдон_кӕнын
899,vergehen::V,мунны,аивгъуийын
900,erscheinen::V,мыччисьны,разынын
901,verschwinden::V,ӧшны,фæтары уын
902,verschwinden::V,ӧшны,фæдæлдзæх уын
903,verschwinden::V,ӧшны,фесæфын
904,verschwinden::V,ӧшны,æрбайсæфын
905,sinken::V,ямны,дæлæмæ æрхауын
906,abnehmen::V,ямны,фæкъаддæр уын
907,abnehmen::V,ямны,фæцух уын
908,zunehmen::V,паськавны,фæфылдæр уын
909,zunehmen::V,паськавны,сбирæ уын
910,zunehmen::V,паськавны,сахадын
911,steigen::V,лэбтiсьны,сыстын
912,wachsen::V,быдмыны,рӕзын
913,glänzen::V,свиттявны,ӕрттивын
914,funkeln::V,югйовтлыны,тыбар-тыбур_кӕнын
915,funkeln::V,югйӧв-керны,тыбар-тыбур_кӕнын
916,lärmen::V,чавзыны,хъæлæба кæнын
917,läuten::V,диньгыны,цæгъдын
918,klingeln::V,силькӧтны,цæгъдын
919,klirren::V,жольӧтны,дзыгъал-мыгъул кæнын
920,klirren::V,жольӧтны,дзæгъ-дзæгъ кæнын
921,brausen::V,гуасьны,абухын
922,rauschen::V,кышӧтны,
923,klingen::V,горавны,зæлын
924,klingen::V,горавны,азæлын
925,klingen::V,горавны,хъуысын
926,bellen::V,увтны,рæйын
927,bellen::V,вувтны,рæйын
928,heulen::V,уннявны,ниуын
929,blasen::V,пӧлявны,фу кӕнын
930,pfeifen::V,пиксыны,æхситт кæнын
931,pfeifen::V,пиксыны,къуыззитт кæнын
932,schreien::V,айзыны,хъӕр кӕнын
933,stöhnen::V,ойзыны,хъæрзын
934,stöhnen::V,ойзыны,дзыназын
935,stöhnen::V,ружтыны,хъæрзын
936,stöhnen::V,ружтыны,дзыназын
937,zittern::V,легьявны,ризын
938,leben::V,овны,цӕрын
939,geboren werden::V,шогмыны,райгуырын
940,atmen::V,лолавны,улӕфын
941,trinken::V,юны,нуазын
942,essen::V,сёйны,хӕрын
943,schlucken::V,ньылавны,ныхъуырын
944,müde werden::V,мыдзны,бафæллайын
945,müde werden::V,мыдзны,бафæлмæцын
946,müde werden::V,мыдзны,сфæлмæцын
947,einschlafen::V,ланьтны,бафынæй уын
948,schlafen::V,узьны,хуыссын
949,schlafen::V,узьны,фынӕй кӕнын
950,aufwachen::V,саймыны,райхъал уын
951,aufwachen::V,пальмыны,райхъал уын
952,aufstehen::V,сувтны,стын
953,sich erholen::V,шоччисьлыны,фæллад уадзын
954,sich erholen::V,шоччисьлыны,улæфын
955,krank werden::V,моржитны,фӕрынчын уын
956,krank sein::V,шогавны,сӕйын
957,krank sein::V,визьӧтны,сӕйын
958,schmerzen::V,висьны,риссын
959,husten::V,кашляйтны,хуыфын
960,genesen::V,бурдны,сдзæбæх уын
961,genesen::V,бурдны,рандидзын
962,genesen::V,бурдны,сæндидзын
963,sterben::V,кувны,мӕлын
964,umkommen::V,вийсьыны,фесæфын
965,umkommen::V,вийсьыны,байсæфын
966,umkommen::V,вийсьыны,бабын уын
967,umkommen::V,вийсьыны,мард фæуын
968,sich bewegen::V,локны,тæлфын
969,sich bewegen::V,локны,цæуын
970,sich bewegen::V,ветлӧтны,тæлфын
971,sich bewegen::V,ветлӧтны,цæуын
972,sich rühren::V,вӧрзьӧтчыны,змӕлын
973,sich erheben::V,сувтны,стын
974,sich setzen::V,пуксьыны,сбадын
975,hinfallen::V,пӧрласьны,ӕрхауын
976,laufen::V,мунны,цӕуын
977,laufen::V,мунны,рацу-бацу_кӕнын
978,schreiten::V,тальччавны,къахдзæф кæнын
979,schreiten::V,тальччавны,санчъех кæнын
980,schreiten::V,тальччавны,цæуын
981,spazierengehen::V,котрасьны,озер кæнын
982,spazierengehen::V,котрасьны,тезгъо кæнын
983,eilen::V,тэрмасьны,тагъд кæнын
984,eilen::V,тэрмасьны,тындзын
985,sich beeilen::V,тэрмасьны,тагъд кæнын
986,sich beeilen::V,тэрмасьны,тындзын
987,sausen::V,вирдавны-котӧртны,уайын
988,sausen::V,вирдавны-котӧртны,тæхын
989,springen::V,чеччавны,гæпп кæнын
990,springen::V,чеччавны,сæррæтт кæнын
991,springen::V,чеччавны,лиуырын
992,klettern::V,кышасьны,хилын
993,schaukeln::V,чурликасьны,хецъро кæнын
994,schaukeln::V,чурликасьны,херыйыл бадын
995,kriechen::V,кыскасьны-мунны,бырын
996,schwimmen::V,вартчыны,ленк кӕнын
997,tauchen::V,сунгисьны ваӧ,ныгъуылын
998,rudern::V,сынны,бæлæгъ тæрын
999,rudern::V,сынны,чема тæрын
1000,fahren::V,мунны,цӕуын
1001,fliegen::V,лэбавны,тӕхын
1002,gehen::V,мунны,цӕуын
1003,weggehen::V,мунны,ацӕуын
1004,abfahren::V,иньдӧтчыны,араст уын
1005,abfahren::V,мунны,араст уын
1006,anhalten::V,сувтны,æрлæууын
1007,hineingehen::V,пырны,мидæмæ цæуын
1008,eintreten::V,пырны,бацӕуын
1009,kommen::V,локны,æрцæуын
1010,ankommen::V,локны,æрцæуын
1011,zurückkommen::V,бертны,раздæхын
1012,zurückkommen::V,бертны,фæстæмæ_раздæхын
1013,zurückkommen::V,бертны,æрбаздæхын
1014,zurückkommen::V,бертны,аздæхын
1015,zurückkommen::V,панӧвтсьыны,раздæхын
1016,zurückkommen::V,панӧвтсьыны,фæстæмæ_раздæхын
1017,zurückkommen::V,панӧвтсьыны,æрбаздæхын
1018,zurückkommen::V,панӧвтсьыны,аздæхын
1019,bleiben::V,кольччыны,лӕууын
1020,warten::V,видзчисьны,ӕнхъӕлмӕ кӕсын
1021,erwarten::V,видзчисьны,ӕнхъӕлмӕ кӕсын
1022,suchen::V,кошшыны,агурын
1023,finden::V,адззыны,ссарын
1024,versuchen::V,пондыны,фӕлварын
1025,versuchen::V,пондӧтны,фӕлварын
1026,vorbereiten::V,лӧсьӧтны,бацаттæ кæнын
1027,vorbereiten::V,лӧсьӧтны,æрæввонг кæнын
1028,lieben::V,милуйтны,уарзын
1029,mögen::V,радейтны,зæрдæмæ цæуын
1030,lachen::V,серавны,худын
1031,rühren::V,сьӧлӧм вӧрзьӧтны,зæрдæ суынгæг кæнын
1032,weinen::V,горзыны,кӕуын
1033,schimpfen::V,видчыны,æлгъитын
1034,sich ärgern::V,лёкавны,мæсты кæнын
1035,sich fürchten::V,повны,тæрсын
1036,fürchten::V,повны,тæрсын
1037,fliehen::V,пышшыны,лидзын
1038,flüchten::V,пышшыны,алидзын
1039,sehen::V,адззыны,уынын
1040,anschauen::V,видзӧтны,акӕсын
1041,ansehen::V,видзӧтны,кӕсын
1042,hören::V,кывны,хъусын
1043,zuhören::V,кывзыны,хъусын
1044,probieren::V,пешлыны,уынын
1045,probieren::V,пешлыны,аходын
1046,riechen::V,дукавны,смудын
1047,fühlen::V,кывны,ӕнкъарын
1048,scheinen::V,декуйтчыны,зынын
1049,zu sehen sein::V,тыдавны,зынын
1050,vernehmen::V,тӧдмавны,фехъусын
1051,frieren::V,гегдыны,сийын
1052,tun::V,керны,кӕнын
1053,können::V,вермыны,фӕразын
1054,wollen::V,мӧдны,фӕндын
1055,anfangen::V,петны,райдайын
1056,beenden::V,ештӧтны,фӕуын
1057,beenden::V,керыштны,фӕуын
1058,aufhören::V,дугдыны,банцайын
1059,aufhören::V,дугдыны,фенцайын
1060,gelingen::V,шогмыны,бантысын
1061,geraten::V,мыччисьны,разынын
1062,öffnen::V,осьтны,гом кӕнын
1063,schließen::V,пӧднавны,ӕхгӕнын
1064,stellen::V,сувтӧтны,ӕвӕрын
1065,setzen::V,пуксьӧтны,сбадын кӕнын
1066,legen::V,пуктыны,ӕрӕвӕрын
1067,berühren::V,вӧрзьӧтны,агайын
1068,verbinden::V,йитны,бӕттын
1069,bedecken::V,вевттьыны,ӕмбӕрзын
1070,aufhängen::V,ӧшӧтны,ауындзын
1071,anzünden::V,ӧзтыны,ссудзын
1072,aufheben::V,лэбтыны,сисын
1073,zurücklassen::V,кольны,ныууадзын
1074,verlieren::V,ӧштыны,фесафын
1075,fallen lassen::V,уськӧтны,ӕрӕппарын
1076,fallen lassen::V,уськӧтны,къухтӕй феуӕгъд кӕнын
1077,machen::V,керны,саразын
1078,herstellen::V,вӧчны,сцæттæ кæнын
1079,herstellen::V,вӧчны,саразын
1080,bauen::V,строитны,амайын
1081,reparieren::V,вочны,æмпъузын
1082,reparieren::V,вочны,цалцæг кæнын
1083,verbessern::V,бурсьӧтны,фæхуыздæр кæнын
1084,ändern::V,вежны,аивын
1085,graben::V,гарйыны,къахын
1086,beugen::V,кусіньтны,æркъæдз кæнын
1087,beugen::V,кусіньтны,æртасын кæнын
1088,biegen::V,чукыльтыштны,тасын кӕнын
1089,drehen::V,бергӧтны,здухын
1090,wenden::V,бергӧтны,афæлдахын
1091,wenden::V,бергӧтны,рафæлдахын
1092,umdrehen::V,бергӧтны,афæлдахын
1093,heben::V,лэбтыны,сдарын
1094,heben::V,лэбтыны,схæцын
1095,hochheben::V,лэбтыны,уæлæмæ хæцын
1096,ergreifen::V,кватитны,фӕлӕбурын
1097,halten::V,видзны,дарын
1098,drücken::V,личкыны,æлхъивын
1099,drücken::V,личкыны,хæцын
1100,schieben::V,тойлавны,схойын
1101,kratzen::V,шаркӧтны,хафын
1102,lecken::V,нювны,сдæрын
1103,beißen::V,йирны,хæцын
1104,abreißen::V,орӧтны,ратонын
1105,abschneiden::V,шӧрыштны,ралыг кӕнын
1106,abschneiden::V,вундыштны,ралыг кӕнын
1107,binden::V,гӧрдззыны,бабӕттын
1108,stecken::V,мӧртны,ныссадзын
1109,brechen::V,жугдыны,асæттын
1110,brechen::V,жугдыны,басæттын
1111,brechen::V,жугдыны,ныссæттын
1112,klopfen::V,зукӧтны,хойын
1113,klopfen::V,зукӧтны,гуыпп-гуыпп кæнын
1114,klopfen::V,зукӧтны,къуырцц-къуырцц кæнын
1115,hauen::V,желльыны,цӕвын
1116,hauen::V,желльыны,нӕмын
1117,kleben::V,лякӧтны,ныхасын
1118,kleben::V,лякӧтны,æндадзын
1119,reiben::V,зыртны,сӕрфын
1120,reiben::V,зыртны,хафын
1121,streichen::V,мавтны,байсæрдын
1122,streichen::V,мавтны,сахорын
1123,schleifen::V,кыскыны,ссын
1124,schleifen::V,кыскыны,цыргъ кӕнын
1125,schneiden::V,вундавны,кӕрдын
1126,rütteln::V,шатлавны,æнкъусын
1127,schütteln::V,зыбӧтны,уигъын
1128,schwenken::V,ӧвтны,тилын
1129,schwenken::V,ӧвтны,уигъын
1130,schwenken::V,макайтны,тилын
1131,schwenken::V,макайтны,уигъын
1132,schütten::V,кисьтны,ныккӕнын
1133,füllen::V,тыртны,байдзаг кæнын
1134,füllen::V,тырсьӧтны,байдзаг кæнын
1135,einwickeln::V,тубны,батухын
1136,tragen::V,новйӧтны,хӕссын
1137,schleppen::V,кыскыны,ласын
1138,ziehen::V,кыскыны,ласын
1139,aufbewahren::V,видзны,æвæрын
1140,werfen::V,шентывлыны,зыввытт кӕнын
1141,fangen::V,кутны,ӕрцахсын
1142,packen::V,кутасьны,рацахсын
1143,packen::V,кватитны,рацахсын
1144,verstecken::V,дзебны,æмбæхсын
1145,verstecken::V,дзебны,нымæхсын
1146,teilen::V,торйӧтны,уарын
1147,schicken::V,иньдыны,ӕрвитын
1148,bringen::V,вайны,æрхæссын
1149,bringen::V,вайны,æрбахæссын
1150,hinzufügen::V,содтыны,ӕфтауын
1151,bekommen::V,получитны,ссарын
1152,bekommen::V,получитны,сфæрæз кæнын
1153,bekommen::V,получитны,самал кæнын
1154,erhalten::V,получитны,райсын
1155,nehmen::V,босьтны,райсын
1156,wählen::V,бӧрйыны,равзарын
1157,auswählen::V,бӧрйыны,авзарын
1158,bewahren::V,видзны,бавæрын
1159,bewahren::V,видзны,нывæрын
1160,behindern::V,падтыны,цæлхдур æвæрын
1161,behindern::V,падтыны,ныхдур æвæрын
1162,behindern::V,падтыны,къуылымпы кæнын
1163,behindern::V,падтыны,хъыг дарын
1164,verderben::V,изводавны,фесафын
1165,beschädigen::V,паздыны,халын
1166,zerbrechen::V,паздыны,асӕттын
1167,zerreißen::V,косявны,аскъуынын
1168,zerstören::V,паздыны,фехалын
1169,verbrennen::V,сотны,басудзын
1170,geben::V,сетны,дӕттын
1171,reichen::V,сетны,адæттын
1172,schenken::V,козьнавны,лæвар кæнын
1173,versprechen::V,кӧсйыны,дзырд раттын
1174,versprechen::V,кӧсйыны,зӕрдӕ бавӕрын
1175,wünschen::V,бурсьыны,зæрдæ зæгъы
1176,loben::V,ошкыны,раппӕлын
1177,küssen::V,окавны,пъа кæнын
1178,küssen::V,окавны,ба кæнын
1179,wiegen::V,тюттьӧтны,узын
1180,zudecken::V,вевттьыны,бамбӕрзын
1181,wecken::V,саймӧтны,райхъал кӕнын
1182,zeigen::V,мыччавны,амонын
1183,führen::V,нуӧтны,кӕнын
1184,führen::V,нуӧтны,фæкæнын
1185,lehren::V,велӧтны,ахуыр кæнын
1186,unterrichten::V,велӧтны,ахуыр кæнын
1187,aufziehen::V,быдтыны,хъомыл кӕнын
1188,leiten::V,юравны,разамынд дӕттын
1189,leiten::V,веськӧтлыны,разамынд дӕттын
1190,antreiben::V,тэрмӧтны,тагъд кæнын
1191,antreiben::V,тэрмӧтны,рог кæнын
1192,lassen::V,-ӧтыны,кæнын
1193,einladen::V,корны,ӕрхонын
1194,einladen::V,корны,ӕрбахонын
1195,vereinigen::V,ӧтувтны,баиу кӕнын
1196,vereinigen::V,ӧтлаавны,баиу кӕнын
1197,besuchen::V,пыравлыны,абæрæг кæнын
1198,besuchen::V,пыравлыны,бабæрæг кæнын
1199,besuchen::V,пыравлыны,бауайын
1200,treffen::V,пантавны,фембæлын
1201,sich versammeln::V,ӧксьыны,æрæмбырд уын
1202,spielen::V,орсны,хъазын
1203,singen::V,сьывны,зарын
1204,tanzen::V,йӧктыны,кафын
1205,sich trennen::V,торьясьны,фæйнæрдæм фæцæуын айхæлын
1206,verlassen::V,кольны,ныууадзын
1207,retten::V,мынтны,фервӕзын кӕнын
1208,bewachen::V,смекайтны,хъахъхъӕнын
1209,schützen::V,дорйыны,хъахъхъӕнын
1210,verteidigen::V,дорйыны,бахизын
1211,sich schlagen::V,тышкасьны,хыл кæнын
1212,schießen::V,лыйны,ӕхсын
1213,siegen::V,вермыны,басӕттын
1214,siegen::V,вермыны,фӕуӕлахиз уӕвын
1215,ärgern::V,лӧгӧтны,мӕсты кӕнын
1216,schlagen::V,базнитны,ныццæвын
1217,treten::V,чужьявны,
1218,stechen::V,бытшкыны,фæрæхойын
1219,stoßen::V,тапкыны,риуыгъын
1220,stoßen::V,тойыштны,риуыгъын
1221,stehlen::V,гусявны,давын
1222,stören::V,костіавны,хъыгдарын
1223,belästigen::V,назыляйтны,хъыгдарын
1224,verbergen::V,дзебны,бамбӕхсын
1225,verbergen::V,дзебны,басусӕг кӕнын
1226,täuschen::V,бӧбӧтны,фӕливын
1227,täuschen::V,бӧбӧтны,асайын
1228,täuschen::V,пӧрьявны,фӕливын
1229,täuschen::V,пӧрьявны,асайын
1230,betrügen::V,муклачитны,асайын
1231,töten::V,вийны,амарын
1232,wohnen::V,овны,цӕрын
1233,arbeiten::V,уджавны,кусын
1234,sammeln::V,ӧктыны,æртонын
1235,pflücken::V,судзлавны,тонын
1236,jagen::V,вӧравны,цуан кæнын
1237,fischen::V,чериавны,кæсаг ахсын æнгуырæй
1238,fischen::V,чериавны,æнгуыр дарын
1239,fassen::V,кутны,ӕрцахсын
1240,hüten::V,вердны,хизын
1241,hüten::V,йирсьӧтны,хизын
1242,treiben::V,вашӧтны,скъӕрын
1243,anbinden::V,кӧртавны,бабæттын
1244,anbinden::V,кӧртавны,æрбæттын
1245,füttern::V,вердны,холлаг дæттын
1246,füttern::V,вердны,холлаг æвæрын
1247,füttern::V,вердны,дарын
1248,melken::V,высьтыны,дуцын
1249,melken::V,чилькӧтны,дуцын
1250,hacken::V,керавны,кæрдын
1251,hacken::V,керавны,лыгтæ кæнын
1252,gießen::V,киськавны,бакалын
1253,reifen::V,кисьмыны,срæгъæд уын
1254,reifen::V,кисьмыны,сцæттæ уын
1255,zubereiten::V,лӧсьӧтны,сцӕттӕ кӕнын
1256,kochen::V,пуны,фыцын
1257,backen::V,пӧжавны,фыцын
1258,braten::V,жаритны,цурын
1259,umrühren::V,соравны,ахæццæ кæнын
1260,umrühren::V,соравны,азмæнтын
1261,umrühren::V,соравны,астауын
1262,stricken::V,домавны,кæнын
1263,stricken::V,домавны,бийын
1264,nähen::V,вурны,хуыйын
1265,färben::V,краситны,ахорын
1266,reinigen::V,весӧтны,ссыгъдæг кæнын
1267,reinigen::V,весӧтны,ныссыгъдæг кæнын
1268,reinigen::V,весӧтны,ныссæрфын
1269,waschen::V,пеславны,ӕхсын
1270,abwischen::V,чышкыны,сӕрфын
1271,spülen::V,гывьявны,æнхъæвзын
1272,fegen::V,чышкыны,мӕрзын
1273,kehren::V,чышкыны,мӕрзын
1274,baden::V,купайтчыны ,хи найын
1275,sich waschen::V,миссьыны,хи æхсын
1276,ausziehen::V,гыжтӧтны,ласын
1277,ausziehen::V,пӧрччавны,ласын
1278,anziehen::V,пасьтавны,скæнын
1279,sich anziehen::V,пасьтасьны,дзаума скæнын
1280,sich anziehen::V,пасьтасьны,дарæс скæнын
1281,kämmen::V,сынавны,ныффасын
1282,kämmen::V,сынавны,æрфасын
1283,schmücken::V,баситны,фӕлындын
1284,sagen::V,висьтавны,зæгъын
1285,sprechen::V,шуны,дзурын
1286,reden::V,баитны,ныхас кӕнын
1287,sich unterhalten::V,сёрнитны,ныхас кæнын
1288,fragen::V,юавны,фӕрсын
1289,bitten::V,корны,курын
1290,erzählen::V,висьтавны,радзурын
1291,erzählen::V,висьтавны,ратаурæгъ кæнын
1292,mitteilen::V,висьтавны,фехъусын кæнын
1293,nennen::V,нимтны,хонын
1294,rufen::V,китсавны,сидын
1295,rufen::V,корны,сидын
1296,rufen::V,чукӧстны,сидын
1297,prahlen::V,ошшасьны,ӕппӕлын
1298,übersetzen::V,вуджӧтны,ратæлмац кæнын
1299,denken::V,чайтны,ӕнхъӕлын
1300,denken::V,чайтны,хъуыды кӕнын
1301,glauben::V,веритны,уырнын
1302,bemerken::V,казявны,фенын
1303,erkennen::V,тӧдсавны,базонын
1304,begreifen::V,вежӧртны,ӕмбарын
1305,begreifen::V,вежӧртны,бамбарын
1306,verstehen::V,кывны,
1307,lernen::V,велӧтчыны,ахуыр кӕнын
1308,wissen::V,тӧдны,зонын
1309,sich erinnern an::V,касьтывны,зæрдыл æрлæууын
1310,sich erinnern an::V,касьтывны,æрымысын
1311,sich erinnern an::V,касьтывны,æрбаймысын
1312,sich erinnern an::V,касьтывны,æрхъуыды кæнын
1313,vergessen::V,вунӧтны,ферох кæнын
1314,vergessen::V,вунӧтны,айрох кæнын
1315,messen::V,меряйтны,барын
1316,zählen::V,лыддьыны,нымайын
1317,rechnen::V,лыддьыны,хынцын
1318,lesen::V,лыддьӧтны,кӕсын
1319,lesen::V,лыддьӧтны,фӕрсын
1320,zeichnen::V,гижмавны,ныв кӕнын
1321,schreiben::V,гижны,фыссын
1322,besitzen::V,лоны,хицау уын
1323,kaufen::V,небны,балхӕнын
1324,verkaufen::V,вузавны,уӕй кӕнын
1325,bezahlen::V,вештыны,бафидын
1326,zahlen::V,вештыны,фидын
1327,ertragen::V,терпитны,бавзарын
1328,Insel::N,,сакъадах
1329,Menge::N,,бӕрц
1330,Gewalt::N,,тыхми
1331,Gewalt::N,,тыхдзинад
1332,Alter::N,,кар
1333,richtig::A,,раст
1334,wahr::A,,ӕцӕг
1335,berühmt::A,,номдзыд
1336,allein::ADV,,иунæг
1337,rennen::V,,згъорын
1338,malen::V,,ныв кӕнын
1339,beherrschen::V,,æлдариуæг кæнын
