,Concept_ID,la,fi
0,Auge::N,oculus,silmä
1,Ohr::N,auris,korva
2,Nase::N,nasus,nenä
3,Mund::N,os,suu
4,Zahn::N,dens,hammas
5,Zunge::N,lingua,kieli
6,Lippe::N,labrum,huuli
7,Wange::N,gena,poski
8,Gesicht::N,vultus,naama
9,Gesicht::N,vultus,kasvot
10,Stirn::N,frons,otsa
11,Haar::N,capillus,hius
12,Haar::N,capillus,tukka
13,Schnurrbart::N,barba labri superioris,viikset
14,Bart::N,barba,parta
15,Kinn::N,mentum,leuka
16,Kiefer[Anatomie]::N,mala,leukaluu
17,Kehle::N,iugulums,kurkku
18,Hals::N,collum,kaula
19,Genick::N,cervices,niska
20,Kopf::N,caput,pää
21,Rücken::N,tergum,selkä
22,Bauch::N,venter,maha
23,Bauch::N,venter,vatsa
24,Nabel::N,umbilicus,napa
25,Busen::N,sinus,rinta
26,Brust::N,pectus,rinta
27,Schulter::N,umerus,olka
28,Schulter::N,umerus,hartia
29,Schulter::N,umerus,olkapää
30,Arm::N,bracchium,käsivarsi
31,Ellenbogen::N,cubitum,kyynärpää
32,Hand::N,manus,käsi
33,Handfläche::N,palma,kämmen
34,Finger::N,digitus,sormi
35,Fingernagel::N,unguiculus,kynsi
36,Nagel[Anatomie]::N,unguis,kynsi
37,Zeh::N,digitus,varvas
38,Fuß::N,pes,jalka
39,Ferse::N,calx,kantapää
40,Knie::N,genu,polvi
41,Oberschenkel::N,femur,reisi
42,Bein::N,crus,jalka
43,Körper::N,corpus,keho
44,Körper::N,corpus,ruumis
45,Haut::N,cutis,iho
46,Haut::N,pellis,iho
47,Blut::N,sanguis,veri
48,Ader::N,vena,suoni
49,Sehne::N,nervus,jänne
50,Knochen::N,os,luu
51,Gehirn::N,cerebrum,aivot
52,Herz::N,cor,sydän
53,Herz::N,animus,sydän
54,Magen::N,stomachus,maha
55,Magen::N,stomachus,vatsa
56,Leber::N,iecur,maksa
57,Atem::N,spiritus,henki
58,Atem::N,spiritus,hengitys
59,Hunger::N,fames,nälkä
60,Träne::N,lacrima,kyynel
61,Geschmack::N,sapor,maku
62,Geschmack::N,gustus,maku
63,Geruch::N,odor,haju
64,Schlaf::N,somnus,uni
65,Traum::N,somnium,uni
66,Himmel::N,caelum,taivas
67,Sonne::N,sol,aurinko
68,Mond::N,luna,kuu
69,Stern::N,sidus,tähti
70,Stern::N,stella,tähti
71,Luft::N,aer,ilma
72,Wind::N,ventus,tuuli
73,Welle::N,unda,aalto
74,Wasser::N,aqua,vesi
75,Stein::N,lapis,kivi
76,Boden::N,solum,maa
77,Boden::N,solum,maaperä
78,Erde::N,terra,maa
79,Staub::N,pulvis,pöly
80,Rauch::N,fumus,savu
81,Funke::N,scintilla,kipinä
82,Feuer::N,ignis,tuli
83,Licht::N,lux,valo
84,Licht::N,lumen,valo
85,Schatten::N,umbra,varjo
86,Wetter::N,caelum,sää
87,Wetter::N,tempestas,sää
88,Nebel::N,nebula,sumu
89,Wolke::N,nubes,pilvi
90,Regen::N,imber,sade
91,Regen::N,pluvia,sade
92,Schnee::N,nix,lumi
93,Eis::N,glacies,jää
94,Frost::N,gelu,halla
95,Frost::N,gelu,pakkanen
96,Kälte::N,frigus,vilu
97,Kälte::N,frigus,kylmyys
98,Hitze::N,calor,helle
99,Hitze::N,calor,kuumuus
100,Hitze::N,aestus,helle
101,Hitze::N,aestus,kuumuus
102,Raureif::N,pruina,huurre
103,Regenbogen::N,arcus,sateenkaari
104,Donner::N,tonitrus,jyrinä
105,Strömung::N,fluctus,virtaus
106,Tropfen::N,gutta,tippa
107,Tropfen::N,gutta,pisara
108,Schaum::N,spuma,vaahto
109,Schmutz::N,sordes,loka
110,Schmutz::N,squalor,loka
111,See::N,lacus,järvi
112,Sumpf::N,palus,suo
113,Moor::N,palus,räme
114,Wiese::N,pratum,niitty
115,Wald::N,silva,metsä
116,Hügel::N,collis,mäki
117,Hügel::N,collis,kumpu
118,Hügel::N,collis,kukkula
119,Anhöhe::N,specula,mäki
120,Anhöhe::N,specula,kumpare
121,Berg::N,mons,mäki
122,Berg::N,mons,vuori
123,Gipfel::N,vertex,laki
124,Gipfel::N,vertex,huippu
125,Höhle::N,caverna,luola
126,Höhle::N,spelunca,luola
127,Abhang::N,declivum,rinne
128,Quelle::N,fons,lähde
129,Bach::N,rivus,puro
130,Fluss::N,flumen,joki
131,Ufer::N,ripa,ranta
132,Küste::N,litus,rannikko
133,Festland::N,continens,manner
134,Meer::N,mare,meri
135,Bucht::N,sinus,lahti
136,Insel::N,insula,saari
137,Blume::N,flos,kukka
138,Gras::N,herba,ruoho
139,Gras::N,gramen,ruoho
140,Wurzel::N,radix,juuri
141,Baum::N,arbor,puu
142,Stamm::N,truncus,runko
143,Rinde::N,cortex,kuori
144,Rinde::N,cortex,parkki
145,Ast::N,ramus,oksa
146,Zweig::N,ramus,haara
147,Blatt::N,folium,lehti
148,Birke::N,betulla,koivu
149,Kiefer[Baum]::N,pinus,mänty
150,Kiefer[Baum]::N,pinus,petäjä
151,Weide[Baum]::N,salix,paju
152,Tanne::N,abies,kuusi
153,Horn::N,cornu,sarvi
154,Feder::N,penna,sulka
155,Feder::N,penna,höyhen
156,Fell::N,pellis,talja
157,Flügel::N,ala,siipi
158,Klaue::N,unguis,kynsi
159,Kralle::N,unguis,kynsi
160,Schwanz::N,cauda,häntä
161,Schwanz::N,cauda,pyrstö
162,Ei::N,ovum,muna
163,Nest::N,nidus,pesä
164,Bau::N,cavum,pesä
165,Bau::N,latibulum,pesä
166,Tier::N,bestia,eläin
167,Herde::N,grex,lauma
168,Kuh::N,vacca,lehmä
169,Bulle::N,taurus,sonni
170,Pferd::N,equus,hevonen
171,Schaf::N,ovis,lammas
172,Schwein::N,sus,sika
173,Schwein::N,porcus,sika
174,Hund::N,canis,koira
175,Katze::N,felis,kissa
176,Bär::N,ursus,karhu
177,Eichhörnchen::N,sciurus,orava
178,Elch::N,alces,hirvi
179,Fuchs::N,vulpes,kettu
180,Hase::N,lepus,jänis
181,Maus::N,mus,hiiri
182,Wolf::N,lupus,susi
183,Vogel::N,avis,lintu
184,Schwarm::N,examen,parvi
185,Huhn::N,gallina,kana
186,Hahn::N,gallus,kukko
187,Gans::N,anser,hanhi
188,Adler::N,aquila,kotka
189,Ente::N,anas,ankka
190,Eule::N,ulula,pöllö
191,Eule::N,noctua,pöllö
192,Kranich::N,grus,kurki
193,Krähe::N,cornix,varis
194,Kuckuck::N,cuculus,käki
195,Schwan::N,olor,joutsen
196,Schwan::N,cycnus,joutsen
197,Fisch::N,piscis,kala
198,Barsch::N,perca,ahven
199,Hecht::N,esox,hauki
200,Schlange[Tier]::N,serpens,käärme
201,Wurm::N,vermis,mato
202,Spinne::N,aranea,hämähäkki
203,Ameise::N,formica,muurahainen
204,Laus::N,pediculus,täi
205,Mücke::N,culex,sääski
206,Mücke::N,culex,hyttynen
207,Fliege::N,musca,kärpänen
208,Schmetterling::N,papilio,perhonen
209,Beere::N,baca,marja
210,Apfel::N,malum,omena
211,Pilz::N,fungus,sieni
212,Zwiebel::N,cepa,sipuli
213,Saat::N,seges,siemenet
214,Korn::N,granum,jyvä
215,Korn::N,granum,vilja
216,Heu::N,faenum,heinä
217,Schale::N,putamen,kuori
218,Grube::N,fovea,kuoppa
219,Falle::N,pedica,loukku
220,Schlinge::N,laqueus,ansa
221,Spur::N,vestigium,jälki
222,Asche::N,cinis,tuhka
223,Dreck::N,lutum,lika
224,Eisen::N,ferrum,rauta
225,Gold::N,aurum,kulta
226,Silber::N,argentum,hopea
227,Kohle::N,carbo,hiili
228,Glas::N,vitrum,lasi
229,Lehm::N,lutum,savi
230,Sand::N,arena,hiekka
231,Mensch::N,homo,ihminen
232,Mann::N,vir,mies
233,Frau::N,mulier,nainen
234,Kind::N,puer,lapsi
235,Kind::N,infans,lapsi
236,Junge::N,puer,poika
237,Mädchen::N,puella,tyttö
238,Familie::N,familia,perhe
239,Großvater::N,avus,isoisä
240,Großmutter::N,avia,isoäiti
241,Eltern::N,parentes,vanhemmat
242,Vater::N,pater,isä
243,Mutter::N,mater,äiti
244,Sohn::N,filius,poika
245,Tochter::N,filia,tytär
246,Bruder::N,frater,veli
247,Schwester::N,soror,sisko
248,Onkel::N,patruus,eno
249,Onkel::N,patruus,setä
250,Onkel::N,avunculus,eno
251,Onkel::N,avunculus,setä
252,Tante::N,amita,täti
253,Ehemann::N,maritus,mies
254,Ehemann::N,maritus,aviomies
255,Ehefrau::N,uxor,vaimo
256,Ehefrau::N,uxor,aviovaimo
257,Freude::N,gaudium,ilo
258,Freude::N,gaudium,riemu
259,Freude::N,laetitia,ilo
260,Freude::N,laetitia,riemu
261,Gelächter::N,risus,nauru
262,Glück::N,felicitas,onni
263,Kummer::N,aegritudo,suru
264,Kummer::N,aegritudo,murhe
265,Wunsch::N,voluntas,toive
266,Wunsch::N,voluntas,toivomus
267,Wunsch::N,desiderium,toive
268,Wunsch::N,desiderium,toivomus
269,Lust::N,libido,himo
270,Lust::N,voluptas,himo
271,Geist::N,mens,henki
272,Geist::N,animus,henki
273,Gedanke::N,sententia,aate
274,Gedanke::N,sententia,ajatus
275,Gedächtnis::N,memoria,muisti
276,Verstand::N,ratio,äly
277,Verstand::N,ratio,järki
278,Verstand::N,ratio,ymmärrys
279,Verstand::N,ingenium,äly
280,Verstand::N,ingenium,järki
281,Verstand::N,ingenium,ymmärrys
282,Sinn::N,sensus,merkitys
283,Grund::N,causa,syy
284,Grund::N,causa,peruste
285,Wahrheit::N,veritas,tosi
286,Wahrheit::N,veritas,totuus
287,Gespräch::N,sermo,puhelu
288,Gespräch::N,sermo,keskustelu
289,Märchen::N,fabula,satu
290,Erzählung::N,fabula,tarina
291,Erzählung::N,fabula,kertomus
292,Erzählung::N,narratio,tarina
293,Erzählung::N,narratio,kertomus
294,Nachricht::N,nuntius,tieto
295,Nachricht::N,nuntius,ilmoitus
296,Neuigkeit::N,novitas,uutinen
297,Name::N,nomen,nimi
298,Rätsel::N,aenigma,arvoitus
299,Rede::N,oratio,puhe
300,Sprache::N,lingua,kieli
301,Stimme::N,vox,ääni
302,Wort::N,verbum,sana
303,Wort::N,vocabulum,sana
304,Zeichen::N,signum,merkki
305,Ruf::N,clamor,kutsu
306,Lärm::N,strepitus,melu
307,Lärm::N,strepitus,hälinä
308,Laut::N,sonus,ääni
309,Ton::N,sonus,sävel
310,Lied::N,carmen,laulu
311,Ruhe::N,quies,lepo
312,Ruhe::N,quies,rauha
313,Leute::N,homines,väki
314,Leute::N,homines,ihmiset
315,Volk::N,populus,kansa
316,Arbeit::N,labor,työ
317,Gast::N,hospes,vieras
318,Gast::N,conviva,vieras
319,Geschenk::N,munus,lahja
320,Spiel::N,ludus,peli
321,Spiel::N,ludus,leikki
322,Gesellschaft::N,societas,seura
323,Hilfe::N,auxilium,apu
324,Hilfe::N,subsidium,apu
325,Freund::N,amicus,ystävä
326,Kamerad::N,socius,toveri
327,Angelegenheit::N,res,asia
328,Anzahl::N,numerus,lukumäärä
329,Art::N,genus,laji
330,Stück::N,frustum,pala
331,Stück::N,frustum,kappale
332,Stück::N,fragmentum,pala
333,Stück::N,fragmentum,kappale
334,Teil::N,pars,osa
335,Hälfte::N,dimidium,puoli
336,Kreis::N,orbis,ympyrä
337,Kreis::N,circus,ympyrä
338,Kreuz::N,crux,risti
339,Linie::N,linea,viiva
340,Strich::N,lineamentum,piirto
341,Abstand::N,intervallum,väli
342,Abstand::N,intervallum,väljyys
343,Entfernung::N,spatium,etäisyys
344,Gegend::N,loca,seutu
345,Gegend::N,regio,seutu
346,Platz::N,locus,tila
347,Ort::N,locus,kohta
348,Ort::N,locus,paikka
349,Seite::N,latus,sivu
350,Seite::N,latus,kylki
351,Mitte::N,medium,keskus
352,Mitte::N,medium,puoliväli
353,Gegenstand::N,res,kalu
354,Gegenstand::N,res,esine
355,Sache::N,res,asia
356,Rand::N,margo,ääri
357,Rand::N,margo,syrjä
358,Kante::N,angulus,särmä
359,Ecke::N,angulus,nurkka
360,Spitze::N,cacumen,terä
361,Spitze::N,cacumen,kärki
362,Ende::N,caput,pää
363,Ende::N,caput,perä
364,Loch::N,foramen,kolo
365,Loch::N,foramen,reikä
366,Winkel::N,angulus,kulma
367,Muster::N,exemplum,kuvio
368,Größe::N,magnitudo,koko
369,Größe::N,magnitudo,suuruus
370,Länge::N,longitudo,pituus
371,Höhe::N,altitudo,korkeus
372,Gewicht::N,pondus,paino
373,Menge::N,copia,määrä
374,Haufen::N,acervus,kasa
375,Reihe::N,ordo,rivi
376,Boot::N,navicula,vene
377,Ruder::N,remus,airo
378,Schlitten::N,sclodia,reki
379,Schlitten::N,sclodia,kelkka
380,Ski::N,narta,suksi
381,Lagerfeuer::N,ignis,nuotio
382,Last::N,onus,kuorma
383,Gang::N,cursus,kulku
384,Gang::N,cursus,käynti
385,Schritt::N,gradus,askel
386,Norden::N,septentriones,pohjoinen
387,Süden::N,meridies,etelä
388,Westen::N,occidens,länsi
389,Osten::N,oriens,itä
390,Holz::N,lignum,puu
391,Brett::N,tabula,lauta
392,Platte::N,lamina,levy
393,Stütze::N,adminiculum,noja
394,Stange::N,pertica,tanko
395,Stock::N,baculum,keppi
396,Stab::N,scipio,sauva
397,Stab::N,scipio,seiväs
398,Rohr::N,tubus,putki
399,Haus::N,aedes,talo
400,Heim::N,domicilium,koti
401,Ofen::N,fornax,uuni
402,Fußboden::N,solum,lattia
403,Tisch::N,mensa,pöytä
404,Stuhl::N,sella,tuoli
405,Wiege::N,cunae,kehto
406,Bett::N,lectus,sänky
407,Regal::N,foruli,hylly
408,Kiste::N,cista,arkku
409,Kiste::N,cista,kirstu
410,Kiste::N,cista,laatikko
411,Fenster::N,fenestra,ikkuna
412,Tür::N,ianua,ovi
413,Tor::N,porta,portti
414,Zaun::N,saepes,aita
415,Dach::N,tectum,katto
416,Leiter::N,scalae,tikkaat
417,Leiter::N,scalae,tikapuut
418,Besen::N,scopae,luuta
419,Spaten::N,pala,lapio
420,Schaufel::N,pala,lapio
421,Gabel::N,fuscinula,haarukka
422,Löffel::N,coclear,lusikka
423,Messer::N,culter,veitsi
424,Nagel::N,clavus,naula
425,Netz::N,rete,verkko
426,Haken::N,hamus,haka
427,Haken::N,hamus,koukku
428,Griff::N,manubrium,ripa
429,Griff::N,manubrium,kahva
430,Schloss::N,claustra,lukko
431,Bild::N,tabula,kuva
432,Bild::N,pictura,kuva
433,Figur::N,statunculum,kuvio
434,Puppe::N,pupa,nukke
435,Beutel::N,sacculus,pussi
436,Bündel::N,fascis,nippu
437,Bündel::N,fascis,kimppu
438,Tasche::N,sacculus,laukku
439,Eimer::N,situla,sanko
440,Eimer::N,situla,ämpäri
441,Deckel::N,operculum,kansi
442,Geschirr::N,vasa,astia
443,Sack::N,saccus,säkki
444,Tasse::N,pocillum,kuppi
445,Topf::N,olla,pata
446,Kessel::N,aenum,kattila
447,Essen::N,cena,syönti
448,Nahrung::N,cibus,ruoka
449,Nahrung::N,cibus,ravinto
450,Nahrung::N,alimenta,ruoka
451,Nahrung::N,alimenta,ravinto
452,Speise::N,cibus,ruoka
453,Fleisch::N,caro,liha
454,Getreide::N,frumentum,vilja
455,Brei::N,puls,puuro
456,Brot::N,panis,leipä
457,Scheibe::N,frustum,viipale
458,Fett::N,pingue,rasva
459,Butter::N,butȳrum,voi
460,Öl::N,oleum,öljy
461,Salz::N,sal,suola
462,Suppe::N,ius,keitto
463,Honig::N,mel,hunaja
464,Milch::N,lac,maito
465,Tee::N,thea,tee
466,Leder::N,corium,nahka
467,Wolle::N,lana,villa
468,Stoff::N,textum,kangas
469,Nadel::N,acus,neula
470,Faden::N,filum,lanka
471,Knopf::N,bulla,nappi
472,Knoten::N,nodus,solmu
473,Farbe::N,pigmentum,maali
474,Kleidung::N,vestimenta,vaatteet
475,Hemd::N,tunica,paita
476,Kragen::N,collare,kaulus
477,Ärmel::N,manica,hiha
478,Hose::N,bracae,housut
479,Gürtel::N,cingulum,vyö
480,Mütze::N,pilleus,lakki
481,Schuh::N,calceus,kenkä
482,Stiefel::N,pero,saapas
483,Stiefel::N,caliga,saapas
484,Ring::N,anulus,sormus
485,Band::N,redimiculum,nauha
486,Kamm::N,pecten,kampa
487,Spiegel::N,speculum,peili
488,Riemen::N,lorum,hihna
489,Schnur::N,linum,naru
490,Schnur::N,linum,nuora
491,Leine::N,retinaculum,talutushihna
492,Decke::N,lodix,peite
493,Kissen::N,pulvinus,tyyny
494,Kissen::N,pulvinus,pielus
495,Tuch::N,velum,huivi
496,Handtuch::N,mantele,pyyheliina
497,Kraft::N,vis,väki
498,Kraft::N,vis,voima
499,Stärke::N,robur,vahvuus
500,Gesundheit::N,valetudo,terveys
501,Krankheit::N,morbus,tauti
502,Krankheit::N,morbus,sairaus
503,Schmerz::N,dolor,kipu
504,Schmerz::N,dolor,särky
505,Wunde::N,vulnus,haava
506,Fieber::N,febris,kuume
507,Arznei::N,remedium,lääke
508,Brücke::N,pons,silta
509,Brunnen::N,puteus,kaivo
510,Weide::N,pascua,laidun
511,Pfad::N,semita,polku
512,Weg::N,iter,tie
513,Straße::N,via,katu
514,Dorf::N,vicus,kylä
515,Stadt::N,urbs,kaupunki
516,Stadt::N,oppidum,kaupunki
517,Brief::N,epistula,kirje
518,Buch::N,liber,kirja
519,Buchstabe::N,littera,kirjain
520,Zeitung::N,diurnum,lehti
521,Zeitung::N,diurnum,sanomalehti
522,Leben::N,vita,elo
523,Leben::N,vita,elämä
524,Tod::N,mors,kuolema
525,Grab::N,sepulcrum,hauta
526,Kirche::N,ecclesia,kirkko
527,Sünde::N,peccatum,synti
528,Gott::N,deus,jumala
529,Arbeiter::N,operarius,työläinen
530,Chef::N,praefectus,päällikkö
531,Meister::N,magister,mestari
532,Arzt::N,medicus,lääkäri
533,Lehrer::N,magister,opettaja
534,Geld::N,aes,raha
535,Geld::N,pecunia,raha
536,Geschäft::N,negotium,liike
537,Laden::N,taberna,puoti
538,Laden::N,taberna,kauppa
539,Preis::N,pretium,hinta
540,Ware::N,merx,tavara
541,Nutzen::N,utilitas,hyöty
542,Reichtum::N,opes,rikkaus
543,Reichtum::N,divitiae,rikkaus
544,Welt::N,mundus,maailma
545,Land::N,terra,maa
546,Staat::N,res publica,valtio
547,König::N,rex,kuningas
548,Macht::N,potestas,mahti
549,Grenze::N,limes,raja
550,Krieg::N,bellum,sota
551,Feind::N,inimicus,vihollinen
552,Gewalt::N,vis,väkivalta
553,Kampf::N,pugna,taistelu
554,Bogen[Waffe]::N,arcus,jousi
555,Pfeil::N,sagitta,nuoli
556,Gewehr::N,sclopetum,kivääri
557,Fehler::N,error,vika
558,Fehler::N,error,virhe
559,Lüge::N,mendacium,valhe
560,Schaden::N,damnum,vaurio
561,Schaden::N,damnum,vahinko
562,Schaden::N,detrimentum,vaurio
563,Schaden::N,detrimentum,vahinko
564,Unglück::N,miseria,vahinko
565,Unglück::N,miseria,onnettomuus
566,Unglück::N,calamitas,vahinko
567,Unglück::N,calamitas,onnettomuus
568,Schuld::N,culpa,syy
569,Alter::N,aetas,ikä
570,Schluss::N,finis,loppu
571,Zeit::N,tempus,aika
572,Tag::N,dies,päivä
573,Morgen::N,mane,aamu
574,Morgen::N,mane,huomen
575,Mittag::N,meridies,keskipäivä
576,Abend::N,vesper,ilta
577,Nacht::N,nox,yö
578,Woche::N,septimana,viikko
579,Monat::N,mensis,kuukausi
580,Jahr::N,annus,vuosi
581,Frühling::N,ver,kevät
582,Sommer::N,aestas,kesä
583,Herbst::N,autumnus,syksy
584,Winter::N,hiems,talvi
585,Januar::N,Ianuarius,tammikuu
586,Februar::N,Februarius,helmikuu
587,März::N,Martius,maaliskuu
588,April::N,Aprilis,huhtikuu
589,Mai::N,Maius,toukokuu
590,Juni::N,Iunius,kesäkuu
591,Juli::N,Iulius,heinäkuu
592,August::N,Augustus,elokuu
593,September::N,September,syyskuu
594,Oktober::N,Octobris,lokakuu
595,November::N,Novembris,marraskuu
596,Dezember::N,December,joulukuu
597,Montag::N,dies lunae,maanantai
598,Dienstag::N,dies Martis ,tiistai
599,Mittwoch::N,dies Mercurii,keskiviikko
600,Donnerstag::N,dies Iovis,torstai
601,Freitag::N,dies Veneris,perjantai
602,Samstag::N,dies Saturni,lauantai
603,Sonntag::N,dominicus,sunnuntai
604,Sonntag::N,dies solis,sunnuntai
605,groß::A,magnus,iso
606,groß::A,magnus,suuri
607,klein::A,parvus,pieni
608,lang::A,longus,pitkä
609,kurz::A,brevis,lyhyt
610,breit::A,latus,leveä
611,schmal::A,angustus,kapea
612,dicht::A,densus,taaja
613,dick[Gegenstand]::A,crassus,paksu
614,dünn::A,tenuis,ohut
615,fein::A,subtilis,hieno
616,fest::A,solidus,luja
617,fest::A,stabilis,luja
618,flach::A,planus,litteä
619,flach::A,planus,tasainen
620,glatt::A,levis,sileä
621,glatt::A,levis,siloinen
622,hart::A,durus,kova
623,weich::A,mollis,pehmeä
624,rund::A,rotundus,pyöreä
625,spitz::A,acutus,terävä
626,scharf::A,acer,terävä
627,stumpf::A,hebes,tylsä
628,schwer::A,gravis,raskas
629,schwer::A,gravis,painava
630,schön::A,pulcher,kaunis
631,schön::A,formosus,kaunis
632,heiß::A,fervidus,kuuma
633,warm::A,calidus,lämmin
634,kalt::A,frigidus,kylmä
635,kalt::A,frigidus,viluinen
636,kühl::A,frigidus,viileä
637,frisch::A,recens,tuore
638,feucht::A,umidus,kostea
639,nass::A,madidus,märkä
640,trocken::A,aridus,kuiva
641,voll::A,plenus,täysi
642,leer::A,vacuus,tyhjä
643,offen::A,apertus,avonainen
644,geschlossen::A,clausus,suljettu
645,sauber::A,lautus,puhdas
646,schmutzig::A,sordidus,likainen
647,roh::A,crudus,raaka
648,reif::A,maturus,kypsä
649,lecker::A,delicatus,herkullinen
650,süß::A,dulcis,makea
651,bitter::A,amarus,karvas
652,bitter::A,amarus,kitkerä
653,bitter::A,acerbus,karvas
654,bitter::A,acerbus,kitkerä
655,sauer::A,acidus,hapan
656,hell::A,clarus,kirkas
657,hell::A,clarus,valoisa
658,dunkel::A,obscurus,pimeä
659,schwarz::A,niger,musta
660,weiß::A,albus,valkea
661,rot::A,ruber,punainen
662,gelb::A,flavus,keltainen
663,blau::A,caeruleus,sininen
664,grün::A,viridis,vihreä
665,grau::A,canus,harmaa
666,bunt::A,varius,kirjava
667,billig::A,vilis,halpa
668,billig::A,vilis,huokea
669,teuer::A,carus,kallis
670,wertvoll::A,pretiosus,arvokas
671,blind::A,caecus,sokea
672,taub::A,surdus,kuuro
673,kräftig::A,robustus,väkevä
674,kräftig::A,robustus,voimakas
675,stark::A,firmus,vahva
676,stark::A,validus,vahva
677,schwach::A,debilis,heikko
678,schwach::A,infirmus,heikko
679,fett::A,crassus,lihava
680,schlank::A,procerus,hoikka
681,schlank::A,procerus,solakka
682,hübsch::A,pulcher,soma
683,hübsch::A,pulcher,sievä
684,böse::A,improbus,paha
685,böse::A,improbus,häijy
686,dumm::A,stultus,tyhmä
687,dumm::A,stultus,typerä
688,dumm::A,stupidus,tyhmä
689,dumm::A,stupidus,typerä
690,faul::A,piger,laiska
691,fleißig::A,sedulus,ahkera
692,geizig::A,avarus,saita
693,klug::A,prudens,älykäs
694,geschickt::A,sollers,taitava
695,lieb::A,carus,rakas
696,lustig::A,iocosus,hauska
697,lustig::A,iocosus,iloinen
698,sanft::A,clemens,lauha
699,sanft::A,clemens,lempeä
700,hungrig::A,impastus,nälkäinen
701,krank::A,aeger,sairas
702,nackt::A,nudus,alaston
703,traurig::A,maestus,surullinen
704,traurig::A,maestus,murheellinen
705,lebendig::A,vivus,elävä
706,gut::A,bonus,hyvä
707,schlecht::A,malus,paha
708,schlecht::A,malus,huono
709,richtig::A,rectus,oikea
710,schlimm::A,malus,paha
711,wahr::A,verus,tosi
712,alt::A,antiquus,vanha
713,neu::A,novus,uusi
714,ehemalig::A,pristinus,entinen
715,ehemalig::A,pristinus,muinainen
716,alt[Lebewesen]::A,vetus,vanha
717,jung::A,iuvenis,nuori
718,arm::A,pauper,köyhä
719,reich::A,dives,rikas
720,bekannt::A,notus,tuttu
721,bekannt::A,notus,tunnettu
722,berühmt::A,celeber,kuuluisa
723,berühmt::A,illustris,kuuluisa
724,fremd::A,peregrinus,vieras
725,verschieden::A,varius,eri
726,verschieden::A,varius,erilainen
727,nah::A,propinquus,läheinen
728,fern::A,longinquus,etäinen
729,linker::A,sinister,vasen
730,rechter::A,dexter,oikea
731,anderer::A,alius,muu
732,anderer::A,alius,toinen
733,erster::A,primus,ensimmäinen
734,zweiter::A,secundus,toinen
735,dritter::A,tertius,kolmas
736,letzter::A,ultimus,viimeinen
737,allein::ADV,solum,yksin
738,auf einmal::ADV,simul,yhdellä kertaa
739,zusammen::ADV,una,yhdessä
740,lange::ADV,diu,kauan
741,lange::ADV,diu,pitkään
742,plötzlich::ADV,subito,äkkiä
743,plötzlich::ADV,repente,äkkiä
744,sofort::ADV,statim,heti
745,später::ADV,postea,myöhemmin
746,jetzt::ADV,nunc,nyt
747,heute::ADV,hodie,tänään
748,morgen::ADV,cras,huomenna
749,bald::ADV,mox,pian
750,dann::ADV,deinde,sitten
751,gestern::ADV,heri,eilen
752,einst::ADV,olim,aikanaan
753,damals::ADV,tum,silloin
754,damals::ADV,tum,siihen aikaan
755,danach::ADV,postea,sen jälkeen
756,vorher::ADV,antea,ennen
757,zuerst::ADV,primo,ensin
758,zuerst::ADV,primo,ensiksi
759,einmal::ADV,semel,kerran
760,manchmal::ADV,interdum,joskus
761,oft::ADV,saepe,usein
762,immer::ADV,semper,aina
763,niemals::ADV,numquam,ei koskaan
764,hier::ADV,hic,tässä
765,hier::ADV,hic,täällä
766,hierhin::ADV,huc,tähän
767,von hier::ADV,hinc,tästä
768,von hier::ADV,hinc,täältä
769,dort::ADV,ibi,siinä
770,dort::ADV,ibi,siellä
771,dorthin::ADV,eo,sinne
772,dorthin::ADV,eo,tuonne
773,geradeaus::ADV,recte,suoraan
774,vorwärts::ADV,porro,eteenpäin
775,rückwärts::ADV,retro,taaksepäin
776,zurück::ADV,retro,takaisin
777,unten::ADV,infra,alhaalla
778,hinab::ADV,pessum,alas
779,oben::ADV,supra,ylhäällä
780,hinauf::ADV,sursum,ylös
781,überall::ADV,ubique,kaikkialla
782,nicht::ADV,non,ei
783,ein wenig::ADV,paulum,vähän
784,kaum::ADV,vix,tuskin
785,kaum::ADV,aegre,tuskin
786,sehr::ADV,valde,kovin
787,sehr::ADV,valde,oikein
788,sehr::ADV,magnopere,kovin
789,sehr::ADV,magnopere,oikein
790,so::ADV,ita,näin
791,noch::ADV,etiam,vielä
792,nur::ADV,solum,vain
793,nur::ADV,solum,ainoastaan
794,nur::ADV,tantum,vain
795,nur::ADV,tantum,ainoastaan
796,schon::ADV,iam,jo
797,wieder::ADV,rursus,taas
798,wieder::ADV,rursus,jälleen
799,vergebens::ADV,frustra,turhaan
800,vor::PRP,ante,edessä
801,hinter::PRP,post,takana
802,unter::PRP,sub,alla
803,durch::PRP,per,läpi
804,durch::PRP,per,kautta
805,neben::PRP,iuxta,vieressä
806,zwischen::PRP,inter,välillä
807,wegen::PRP,propter,takia
808,wegen::PRP,propter,vuoksi
809,dies::PRN,hoc,tämä
810,das::PRN,id,se
811,alles::PRN,omnia,kaikki
812,ich::PRN,ego,minä
813,du::PRN,tu,sinä
814,er::PRN,is,hän
815,er::PRN,ille,hän
816,wir::PRN,nos,me
817,ihr::PRN,vos,te
818,sie::PRN,ii,he
819,sie::PRN,illi,he
820,was::FPRN,quid,mikä
821,wer::FPRN,quis,ken
822,wer::FPRN,quis,kuka
823,wo::FADV,ubi,missä
824,wohin::FADV,quo,mihin
825,wie::FADV,quomodo,miten
826,wie::FADV,quomodo,kuinka
827,warum::FADV,cur,miksi
828,wieviel::FNUM,quantum,paljonko
829,wieviel::FNUM,quantum,kuinka paljon
830,eins::NUM,unus,yksi
831,zwei::NUM,duo,kaksi
832,drei::NUM,tres,kolme
833,vier::NUM,quattuor,neljä
834,fünf::NUM,quinque,viisi
835,sechs::NUM,sex,kuusi
836,sieben::NUM,septem,seitsemän
837,acht::NUM,octo,kahdeksan
838,neun::NUM,novem,yhdeksän
839,zehn::NUM,decem,kymmenen
840,elf::NUM,undecim,yksitoista
841,zwölf::NUM,duodecim,kaksitoista
842,zwanzig::NUM,viginti,kaksikymmentä
843,dreißig::NUM,triginta,kolmekymmentä
844,vierzig::NUM,quadraginta,neljäkymmentä
845,fünfzig::NUM,quinquaginta,viisikymmentä
846,sechzig::NUM,sexaginta,kuusikymmentä
847,siebzig::NUM,septuaginta,seitsemänkymmentä
848,achtzig::NUM,octoginta,kahdeksankymmentä
849,neunzig::NUM,nonaginta,yhdeksänkymmentä
850,hundert::NUM,centum,sata
851,tausend::NUM,mille,tuhat
852,und::CNJ,et,ja
853,und::CNJ,-que,ja
854,oder::CNJ,vel,tai
855,stehen::V,stare,seisoa
856,sitzen::V,sedere,istua
857,liegen::V,iacere,maata
858,hängen::V,pendere,riippua
859,werden::V,fieri,tulla
860,werden::V,fieri,joutua
861,passieren::V,accidere,sattua
862,passieren::V,accidere,tapahtua
863,beginnen::V,incipere,alkaa
864,enden::V,finem habere,loppua
865,enden::V,finem habere,päättyä
866,wechseln::V,mutari,vaihtua
867,wechseln::V,mutari,vaihdella
868,aufgehen[Sonne]::V,oriri,nousta
869,untergehen[Sonne]::V,occidere,laskea
870,scheinen[Sonne]::V,lucere,paistaa
871,donnern::V,tonare,jyristä
872,wehen::V,flare,tuulla
873,wehen::V,flare,puhaltaa
874,strömen::V,fluere,virrata
875,fließen::V,manare,valua
876,fließen::V,manare,juosta
877,sich drehen::V,torqueri,pyöriä
878,schwanken::V,vacillare,horjua
879,schwingen::V,vibrare,heilua
880,schwingen::V,vibrare,värähdellä
881,fallen::V,cadere,pudota
882,fallen::V,cadere,langeta
883,brennen::V,ardere,palaa
884,rauchen::V,fumare,savuta
885,regnen::V,pluere,sataa
886,gefrieren::V,congelari,jäätyä
887,tauen::V,rorare,sulaa
888,schmelzen::V,liquescere,sulaa
889,trocknen::V,arescere,kuivua
890,sieden::V,fervere,kiehua
891,faulen::V,putescere,mädätä
892,verfaulen::V,putescere,mädätä
893,verfaulen::V,putescere,mädäntyä
894,reißen::V,scindi,revetä
895,versinken::V,mergi,upota
896,versinken::V,mergi,vajota
897,vergehen::V,praeterire,kulua
898,erscheinen::V,apparere,ilmestyä
899,verschwinden::V,discedere,kadota
900,sinken::V,labi,vajota
901,abnehmen::V,deminui,vähetä
902,zunehmen::V,augeri,kasvaa
903,zunehmen::V,augeri,lisääntyä
904,steigen::V,augescere,nousta
905,wachsen::V,crescere,kasvaa
906,glänzen::V,splendere,kiiltää
907,funkeln::V,micare,kipinöidä
908,lärmen::V,strepere,meluta
909,läuten::V,sonare,soida
910,klingeln::V,tinnire,soida
911,klirren::V,crepare,kalista
912,brausen::V,saevire,kohista
913,rauschen::V,crepare,kohista
914,klingen::V,sonare,soida
915,bellen::V,latrare,haukkua
916,heulen::V,ululare,ulvoa
917,blasen::V,flare,puhaltaa
918,pfeifen::V,sibilare,viheltää
919,schreien::V,clamare,kirkua
920,stöhnen::V,gemere,voihkia
921,zittern::V,tremere,vapista
922,zittern::V,trepidare,vapista
923,leben::V,vivere,elää
924,geboren werden::V,nasci,syntyä
925,atmen::V,spirare,hengittää
926,trinken::V,bibere,juoda
927,essen::V,edere,syödä
928,schlucken::V,devorare,niellä
929,müde werden::V,fatigari,uupua
930,einschlafen::V,obdormiscere,uinahtaa
931,schlafen::V,dormire,maata
932,schlafen::V,dormire,nukkua
933,aufwachen::V,expergisci,herätä
934,aufstehen::V,exsurgere,nousta
935,aufstehen::V,exsurgere,nousta ylös
936,sich erholen::V,se reficere,levätä
937,krank werden::V,aegrescere,sairastua
938,krank sein::V,aegrotare,potea
939,krank sein::V,aegrotare,sairastaa
940,schmerzen::V,dolere,särkeä
941,schmerzen::V,dolere,kivistää
942,husten::V,tussire,yskiä
943,genesen::V,convalescere,toipua
944,sterben::V,mori,kuolla
945,umkommen::V,perire,saada surmansa
946,umkommen::V,perire,kuolla
947,sich bewegen::V,se movere,liikkua
948,sich rühren::V,micare,liikahtaa
949,sich erheben::V,surgere,nousta
950,sich setzen::V,considere,istuutua
951,hinfallen::V,cadere,kaatua
952,laufen::V,vadere,kävellä
953,schreiten::V,gradi,astua
954,schreiten::V,gradi,astella
955,spazierengehen::V,ambulare,kävellä
956,eilen::V,properare,kiirehtiä
957,sich beeilen::V,festinare,kiirehtiä
958,sich beeilen::V,festinare,olla kiireissään
959,sausen::V,currere,rynnätä
960,sausen::V,currere,viilettää
961,rennen::V,currere,juosta
962,springen::V,salire,hypätä
963,klettern::V,niti,kiivetä
964,schaukeln::V,oscillare,kiikkua
965,kriechen::V,repere,ryömiä
966,kriechen::V,serpere,ryömiä
967,schwimmen::V,nare,uida
968,schwimmen::V,natare,uida
969,tauchen::V,mergere,sukeltaa
970,rudern::V,remigare,soutaa
971,fahren::V,vehi,ajaa
972,fahren::V,vehi,kulkea
973,fliegen::V,volare,lentää
974,gehen::V,ire,käydä
975,gehen::V,vadere,käydä
976,weggehen::V,abire,lähteä
977,weggehen::V,abire,poistua
978,weggehen::V,discedere,lähteä
979,weggehen::V,discedere,poistua
980,abfahren::V,proficisci,lähteä
981,anhalten::V,consistere,pysähtyä
982,anhalten::V,consistere,seisahtua
983,hineingehen::V,inire,mennä sisään
984,hineingehen::V,ingredi,mennä sisään
985,eintreten::V,intrare,astua sisään
986,kommen::V,venire,tulla
987,ankommen::V,advenire,saapua
988,zurückkommen::V,revenire,palata
989,bleiben::V,manere,jäädä
990,bleiben::V,manere,viipyä
991,warten::V,opperiri,odottaa
992,erwarten::V,opperiri,odottaa
993,erwarten::V,expectare,odottaa
994,suchen::V,quaerere,etsiä
995,finden::V,reperire,löytää
996,versuchen::V,conari,yrittää
997,versuchen::V,temptare,yrittää
998,vorbereiten::V,parare,valmistaa
999,lieben::V,amare,pitää
1000,lieben::V,amare,rakastaa
1001,mögen::V,amare,pitää
1002,mögen::V,amare,tykätä
1003,lachen::V,ridere,nauraa
1004,rühren::V,commovere,liikuttaa
1005,weinen::V,flere,itkeä
1006,schimpfen::V,increpare,haukkua
1007,sich ärgern::V,indignari,suuttua
1008,sich fürchten::V,vereri,pelätä
1009,fürchten::V,timere,pelätä
1010,fliehen::V,fugere,paeta
1011,flüchten::V,effugere,paeta
1012,sehen::V,videre,nähdä
1013,anschauen::V,aspectare,katsoa
1014,ansehen::V,spectare,katsoa
1015,hören::V,audire,kuulla
1016,zuhören::V,auscultare,kuunnella
1017,probieren::V,gustare,maistaa
1018,riechen::V,olfacere,haistaa
1019,fühlen::V,sentire,tuntea
1020,scheinen::V,videri,tuntua
1021,zu sehen sein::V,conspici,näkyä
1022,vernehmen::V,comperire,kuulla
1023,frieren::V,algere,palella
1024,tun::V,facere,tehdä
1025,können::V,posse,osata
1026,wollen::V,velle,tahtoa
1027,anfangen::V,incipere,ruveta
1028,anfangen::V,incipere,aloittaa
1029,beenden::V,finire,lopettaa
1030,aufhören::V,desistere,loppua
1031,gelingen::V,contingere,onnistua
1032,geraten::V,evenire,sujua
1033,geraten::V,evenire,joutua
1034,öffnen::V,aperire,avata
1035,öffnen::V,aperire,aukaista
1036,schließen::V,claudere,sulkea
1037,stellen::V,sistere,panna
1038,stellen::V,sistere,asettaa
1039,setzen::V,ponere,panna
1040,setzen::V,ponere,istuttaa
1041,legen::V,ponere,panna
1042,legen::V,ponere,asettaa
1043,berühren::V,tangere,koskea
1044,berühren::V,tangere,koskettaa
1045,verbinden::V,iungere,liittää
1046,verbinden::V,iungere,yhdistää
1047,bedecken::V,tegere,kattaa
1048,bedecken::V,tegere,peittää
1049,bedecken::V,operire,kattaa
1050,bedecken::V,operire,peittää
1051,aufhängen::V,suspendere,ripustaa
1052,anzünden::V,accendere,sytyttää
1053,anzünden::V,inflammare,sytyttää
1054,aufheben::V,tollere,ylös nostaa
1055,aufheben::V,tollere,nostaa
1056,zurücklassen::V,relinquere,jättää
1057,verlieren::V,perdere,kadottaa
1058,verlieren::V,amittere,kadottaa
1059,fallen lassen::V,dimittere,pudottaa
1060,machen::V,facere,tehdä
1061,herstellen::V,fabricare,tuottaa
1062,herstellen::V,fabricare,valmistaa
1063,bauen::V,construere,rakentaa
1064,reparieren::V,reparare,korjata
1065,verbessern::V,emendare,parantaa
1066,ändern::V,mutare,muuttaa
1067,graben::V,fodere,kaivaa
1068,beugen::V,flectere,taivuttaa
1069,biegen::V,curvare,taivuttaa
1070,drehen::V,torquere,kääntää
1071,wenden::V,vertere,kääntää
1072,umdrehen::V,convertere,kääntää
1073,heben::V,tollere,nostaa
1074,heben::V,tollere,kohottaa
1075,hochheben::V,levare,nostaa
1076,ergreifen::V,capessere,tarttua
1077,halten::V,tenere,pitää
1078,drücken::V,premere,painaa
1079,drücken::V,premere,puristaa
1080,schieben::V,promovere,työntää
1081,kratzen::V,radere,raapia
1082,lecken::V,lambere,nuolla
1083,beißen::V,mordere,purra
1084,abreißen::V,avellere,repiä
1085,abschneiden::V,desecare,leikata poikki
1086,abschneiden::V,desecare,leikata
1087,binden::V,ligare,sitoa
1088,stecken::V,inserere,pistää
1089,brechen::V,rumpere,murtaa
1090,klopfen::V,pultare,koputtaa
1091,klopfen::V,pultare,kolkuttaa
1092,hauen::V,ferire,lyödä
1093,kleben::V,agglutinare,liimata
1094,reiben::V,terere,hieroa
1095,reiben::V,terere,hangata
1096,streichen::V,oblinere,sivellä
1097,schleifen::V,acuere,hioa
1098,schneiden::V,secare,leikata
1099,rütteln::V,quassare,ravistaa
1100,schütteln::V,quatere,pudistaa
1101,schwenken::V,ventilare,heiluttaa
1102,schütten::V,fundere,kaataa
1103,füllen::V,complere,täyttää
1104,einwickeln::V,involvere,kääriä
1105,tragen::V,ferre,kantaa
1106,tragen::V,portare,kantaa
1107,schleppen::V,pertrahere,raahata
1108,ziehen::V,trahere,vetää
1109,aufbewahren::V,asservare,säilyttää
1110,werfen::V,iacere,viskata
1111,fangen::V,capere,napata
1112,fangen::V,capere,ottaa kiinni
1113,packen::V,capessere,tarttua
1114,verstecken::V,abdere,kätkeä
1115,verstecken::V,abdere,piilottaa
1116,teilen::V,partiri,jakaa
1117,teilen::V,dividere,jakaa
1118,schicken::V,mittere,lähettää
1119,bringen::V,apportare,viedä
1120,hinzufügen::V,addere,lisätä
1121,bekommen::V,adipisci,saada
1122,erhalten::V,accipere,saada
1123,nehmen::V,sumere,ottaa
1124,wählen::V,eligere,valita
1125,auswählen::V,deligere,valikoida
1126,bewahren::V,conservare,säilyttää
1127,behindern::V,impedire,estää
1128,verderben::V,corrumpere,pilata
1129,verderben::V,corrumpere,turmella
1130,beschädigen::V,laedere,vioittaa
1131,beschädigen::V,laedere,vahingoittaa
1132,zerbrechen::V,rumpere,rikkoa
1133,zerbrechen::V,frangere,rikkoa
1134,zerreißen::V,discindere,repiä rikki
1135,zerreißen::V,discindere,repiä palasiksi
1136,zerstören::V,delere,hävittää
1137,verbrennen::V,urere,polttaa
1138,verbrennen::V,cremare,polttaa
1139,geben::V,dare,antaa
1140,reichen::V,praebere,ojentaa
1141,schenken::V,donare,lahjoittaa
1142,schenken::V,largiri,lahjoittaa
1143,versprechen::V,polliceri,luvata
1144,versprechen::V,promittere,luvata
1145,loben::V,laudare,ylistää
1146,küssen::V,osculari,suudella
1147,zudecken::V,tegere,peittää
1148,wecken::V,excitare,herättää
1149,zeigen::V,monstrare,näyttää
1150,zeigen::V,monstrare,osoittaa
1151,führen::V,ducere,johdattaa
1152,lehren::V,docere,opettaa
1153,unterrichten::V,instituere,opettaa
1154,aufziehen::V,nutrire,kasvattaa
1155,leiten::V,ducere,johtaa
1156,antreiben::V,incitare,hoputtaa
1157,lassen::V,iubere,antaa
1158,einladen::V,invitare,kutsua
1159,vereinigen::V,coniungere,yhdistää
1160,besuchen::V,visere,vierailla
1161,treffen::V,convenire,tavata
1162,sich versammeln::V,convenire,kokoontua
1163,spielen::V,ludere,pelata
1164,spielen::V,ludere,leikkiä
1165,singen::V,cantare,laulaa
1166,tanzen::V,saltare,tanssia
1167,sich trennen::V,digredi,erota
1168,sich trennen::V,discedere,erota
1169,verlassen::V,deserere,jättää
1170,verlassen::V,relinquere,jättää
1171,retten::V,servare,pelastaa
1172,bewachen::V,custodire,vartioida
1173,schützen::V,tueri,suojella
1174,schützen::V,tutari,suojella
1175,verteidigen::V,defendere,puolustaa
1176,sich schlagen::V,luctari,tapella
1177,schießen::V,iaculari,ampua
1178,siegen::V,vincere,voittaa
1179,ärgern::V,irritare,ärsyttää
1180,schlagen::V,ferire,lyödä
1181,treten::V,calcare,potkaista
1182,stechen::V,pungere,pistää
1183,stoßen::V,tundere,sysätä
1184,stoßen::V,tundere,työntää
1185,stehlen::V,furari,varastaa
1186,stören::V,turbare,häiritä
1187,belästigen::V,obtundere,häiritä
1188,verbergen::V,celare,kätkeä
1189,verbergen::V,occultare,kätkeä
1190,täuschen::V,fallere,harhauttaa
1191,betrügen::V,fraudare,pettää
1192,betrügen::V,fraudare,petkuttaa
1193,töten::V,necare,tappaa
1194,töten::V,caedere,tappaa
1195,wohnen::V,habitare,asua
1196,arbeiten::V,laborare,tehdä työtä
1197,arbeiten::V,laborare,työskennellä
1198,sammeln::V,colligere,koota
1199,sammeln::V,colligere,kerätä
1200,pflücken::V,carpere,poimia
1201,jagen::V,venari,metsästää
1202,fischen::V,piscari,kalastaa
1203,fassen::V,capere,pyydystää
1204,fassen::V,capere,saalistaa
1205,hüten::V,custodire,paimentaa
1206,treiben::V,agere,ajaa
1207,anbinden::V,alligare,kytkeä
1208,füttern::V,nutrire,ruokkia
1209,melken::V,mulgere,lypsää
1210,hacken::V,findere,hakata
1211,gießen::V,rigare,kastella
1212,reifen::V,maturescere,kypsyä
1213,zubereiten::V,apparare,valmistaa
1214,kochen::V,coquere,keittää
1215,backen::V,coquere,leipoa
1216,braten::V,torrere,paistaa
1217,umrühren::V,commovere,hämmentää
1218,stricken::V,texere,kutoa
1219,stricken::V,texere,neuloa
1220,nähen::V,suere,ommella
1221,färben::V,tingere,värjätä
1222,färben::V,tingere,värittää
1223,reinigen::V,purgare,puhdistaa
1224,waschen::V,lavare,pestä
1225,abwischen::V,abstergere,pyyhkiä
1226,spülen::V,perluere,huuhtoa
1227,fegen::V,verrere,pyyhkäistä
1228,kehren::V,purgare,lakaista
1229,baden::V,lavari,kylpeä
1230,sich waschen::V,lavari,peseytyä
1231,ausziehen::V,exuere,riisua
1232,anziehen::V,induere,pukea ylleen
1233,sich anziehen::V,vestiri,pukeutua
1234,kämmen::V,pectere,kammata
1235,schmücken::V,ornare,koristaa
1236,schmücken::V,ornare,kaunistaa
1237,schmücken::V,decorare,koristaa
1238,schmücken::V,decorare,kaunistaa
1239,sagen::V,dicere,sanoa
1240,sprechen::V,fari,puhua
1241,reden::V,loqui,keskustella
1242,sich unterhalten::V,colloqui,jutella
1243,sich unterhalten::V,disputare,jutella
1244,fragen::V,rogare,kysyä
1245,fragen::V,quaerere,kysyä
1246,bitten::V,orare,pyytää
1247,bitten::V,rogare,pyytää
1248,erzählen::V,narrare,kertoa
1249,mitteilen::V,communicare,ilmoittaa
1250,nennen::V,appellare,kutsua
1251,nennen::V,appellare,nimittää
1252,rufen::V,vocare,kutsua
1253,prahlen::V,gloriari,kerskailla
1254,übersetzen::V,vertere,kääntää
1255,denken::V,cogitare,miettiä
1256,denken::V,cogitare,ajatella
1257,glauben::V,credere,uskoa
1258,bemerken::V,animadvertere,huomata
1259,erkennen::V,cognoscere,tunnistaa
1260,begreifen::V,comprehendere,ymmärtää
1261,verstehen::V,intellegere,ymmärtää
1262,lernen::V,discere,oppia
1263,wissen::V,scire,tietää
1264,sich erinnern an::V,meminisse,muistaa
1265,vergessen::V,oblivisci,unohtaa
1266,messen::V,metiri,mitata
1267,zählen::V,numerare,laskea
1268,rechnen::V,reri,laskea
1269,rechnen::V,calculare,laskea
1270,lesen::V,legere,lukea
1271,malen::V,pingere,maalata
1272,zeichnen::V,scribere,piirtää
1273,zeichnen::V,scribere,piirustaa
1274,schreiben::V,scribere,kirjoittaa
1275,besitzen::V,possidere,omistaa
1276,kaufen::V,emere,ostaa
1277,verkaufen::V,vendere,myydä
1278,bezahlen::V,pendere,maksaa
1279,zahlen::V,solvere,maksaa
1280,beherrschen::V,regere,hallita
1281,beherrschen::V,imperare,hallita
1282,ertragen::V,tolerare,kestää
1283,ertragen::V,sustinere,kestää
1284,wünschen::V,,toivottaa
1285,wiegen::V,,tuudittaa
1286,wiegen::V,,keinuttaa
