,Concept_ID,la,hy
0,Auge::N,oculus,աչք
1,Ohr::N,auris,ականջ
2,Nase::N,nasus,քիթ
3,Mund::N,os,բերան
4,Zahn::N,dens,ատամ
5,Zunge::N,lingua,լեզու
6,Lippe::N,labrum,շրթունք
7,Wange::N,gena,այտ
8,Wange::N,gena,թուշ
9,Gesicht::N,vultus,դեմք
10,Stirn::N,frons,ճակատ
11,Haar::N,capillus,մազ
12,Schnurrbart::N,barba labri superioris,բեղ
13,Bart::N,barba,մորուք
14,Kinn::N,mentum,կզակ
15,Kiefer[Anatomie]::N,mala,ծնոտ
16,Kehle::N,iugulums,կոկորդ
17,Hals::N,collum,վիզ
18,Hals::N,collum,պարանոց
19,Genick::N,cervices,ծոծրակ
20,Kopf::N,caput,գլուխ
21,Rücken::N,tergum,մեջք
22,Bauch::N,venter,փոր
23,Bauch::N,venter,որովայն
24,Nabel::N,umbilicus,պորտ
25,Busen::N,sinus,ծոց
26,Brust::N,pectus,կուրծք
27,Schulter::N,umerus,ուս
28,Arm::N,bracchium,թեւ
29,Arm::N,bracchium,բազուկ
30,Ellenbogen::N,cubitum,արմունկ
31,Hand::N,manus,ձեռք
32,Handfläche::N,palma,ափ
33,Finger::N,digitus,մատ
34,Fingernagel::N,unguiculus,եղունգ
35,Nagel[Anatomie]::N,unguis,եղունգ
36,Zeh::N,digitus,ոտքի մատ
37,Fuß::N,pes,ոտք
38,Ferse::N,calx,գարշապար
39,Knie::N,genu,ծունկ
40,Oberschenkel::N,femur,ազդր
41,Bein::N,crus,ոտք
42,Körper::N,corpus,մարմին
43,Haut::N,cutis,մաշկ
44,Haut::N,pellis,մաշկ
45,Blut::N,sanguis,արյուն
46,Ader::N,vena,երակ
47,Sehne::N,nervus,ջիղ
48,Sehne::N,nervus,ձգտան
49,Knochen::N,os,ոսկոր
50,Gehirn::N,cerebrum,խելք
51,Herz::N,cor,սիրտ
52,Herz::N,animus,սիրտ
53,Magen::N,stomachus,ստամոքս
54,Leber::N,iecur,լյարդ
55,Atem::N,spiritus,շունչ
56,Hunger::N,fames,քաղց
57,Träne::N,lacrima,արտասուք
58,Geschmack::N,sapor,համ
59,Geschmack::N,sapor,բուրմունք
60,Geschmack::N,gustus,համ
61,Geschmack::N,gustus,բուրմունք
62,Geruch::N,odor,հոտ
63,Geruch::N,odor,բուրում
64,Schlaf::N,somnus,քուն
65,Traum::N,somnium,երազ
66,Himmel::N,caelum,երկինք
67,Sonne::N,sol,արեւ
68,Mond::N,luna,լուսին
69,Stern::N,sidus,աստղ
70,Stern::N,stella,աստղ
71,Luft::N,aer,օդ
72,Wind::N,ventus,քամի
73,Welle::N,unda,ալիք
74,Wasser::N,aqua,ջուր
75,Stein::N,lapis,քար
76,Boden::N,solum,գետին
77,Erde::N,terra,հող
78,Staub::N,pulvis,փոշի
79,Rauch::N,fumus,ծուխ
80,Funke::N,scintilla,կայծ
81,Feuer::N,ignis,կրակ
82,Feuer::N,ignis,հրդեհ
83,Licht::N,lux,լույս
84,Licht::N,lumen,լույս
85,Schatten::N,umbra,ստվեր
86,Wetter::N,caelum,եղանակ
87,Wetter::N,tempestas,եղանակ
88,Nebel::N,nebula,մեգ
89,Nebel::N,nebula,մառախուղ
90,Wolke::N,nubes,ամպ
91,Regen::N,imber,անձրև
92,Regen::N,pluvia,անձրև
93,Schnee::N,nix,ձյուն
94,Eis::N,glacies,սառույց
95,Frost::N,gelu,սառնամանիք
96,Kälte::N,frigus,դող
97,Hitze::N,calor,շոգ
98,Hitze::N,aestus,շոգ
99,Raureif::N,pruina,ցօղեղեամ
100,Regenbogen::N,arcus,ծիածան
101,Donner::N,tonitrus,որոտ
102,Strömung::N,fluctus,հոսանք
103,Tropfen::N,gutta,կաթիլ
104,Schaum::N,spuma,փրփուր
105,Schmutz::N,sordes,կեղտ
106,Schmutz::N,squalor,կեղտ
107,See::N,lacus,լիճ
108,Sumpf::N,palus,ճահիճ
109,Moor::N,palus,ճահիճ
110,Wiese::N,pratum,մարգագետին
111,Wald::N,silva,անտառ
112,Hügel::N,collis,բլուր
113,Anhöhe::N,specula,բարձունք
114,Berg::N,mons,լեռ
115,Gipfel::N,vertex,գագաթ
116,Gipfel::N,vertex,կատար
117,Höhle::N,caverna,քարայր
118,Höhle::N,spelunca,քարայր
119,Abhang::N,declivum,լանջ
120,Abhang::N,declivum,զառիվայր
121,Quelle::N,fons,աղբյուր
122,Bach::N,rivus,վտակ
123,Fluss::N,flumen,գետ
124,Ufer::N,ripa,ծովափ
125,Küste::N,litus,ափ
126,Küste::N,litus,ծովափ
127,Festland::N,continens,ցամաք
128,Meer::N,mare,ծով
129,Bucht::N,sinus,հաչիւն
130,Insel::N,insula,վղզի
131,Blume::N,flos,ծաղիկ
132,Gras::N,herba,խոտ
133,Gras::N,gramen,խոտ
134,Wurzel::N,radix,արմատ
135,Baum::N,arbor,ծառ
136,Stamm::N,truncus,իրան
137,Rinde::N,cortex,կեղեւ
138,Rinde::N,cortex,հաչոց
139,Ast::N,ramus,ճյուղ
140,Zweig::N,ramus,ճյուղ
141,Blatt::N,folium,տերեւ
142,Birke::N,betulla,ցարասի
143,Kiefer[Baum]::N,pinus,սոճի
144,Weide[Baum]::N,salix,ուռենի
145,Tanne::N,abies,եղեւին
146,Horn::N,cornu,
147,Feder::N,penna,փետուր
148,Fell::N,pellis,մորթի
149,Flügel::N,ala,թեւ
150,Klaue::N,unguis,չանչ
151,Kralle::N,unguis,ճանկ
152,Schwanz::N,cauda,պոչ
153,Ei::N,ovum,ձու
154,Nest::N,nidus,բույն
155,Bau::N,cavum,որջ
156,Bau::N,cavum,բայոց
157,Bau::N,latibulum,որջ
158,Bau::N,latibulum,բայոց
159,Tier::N,bestia,կենդանի
160,Herde::N,grex,հոտ
161,Kuh::N,vacca,կով
162,Bulle::N,taurus,ցուլ
163,Pferd::N,equus,ձի
164,Schaf::N,ovis,ոչխար
165,Schwein::N,sus,խոզ
166,Schwein::N,porcus,խոզ
167,Hund::N,canis,շուն
168,Katze::N,felis,կատու
169,Bär::N,ursus,արջ
170,Eichhörnchen::N,sciurus,սկյուռ
171,Elch::N,alces,հիւսիսային եղջերու
172,Fuchs::N,vulpes,աղվես
173,Hase::N,lepus,նապաստակ
174,Maus::N,mus,մուկ
175,Wolf::N,lupus,գայլ
176,Vogel::N,avis,թռչուն
177,Schwarm::N,examen,երամ
178,Huhn::N,gallina,հավ
179,Hahn::N,gallus,աքաղաղ
180,Gans::N,anser,սագ
181,Adler::N,aquila,արծիվ
182,Ente::N,anas,բադ
183,Eule::N,ulula,բու
184,Eule::N,noctua,բու
185,Kranich::N,grus,կռունկ
186,Krähe::N,cornix,ագռավ
187,Kuckuck::N,cuculus,կուկու
188,Schwan::N,olor,կարապ
189,Schwan::N,cycnus,կարապ
190,Fisch::N,piscis,ձուկ
191,Barsch::N,perca,պերկես
192,Hecht::N,esox,գայլաձուկ
193,Schlange[Tier]::N,serpens,օձ
194,Wurm::N,vermis,որդ
195,Wurm::N,vermis,ճիճու
196,Spinne::N,aranea,սարդ
197,Ameise::N,formica,միջյուն
198,Laus::N,pediculus,ոջիլ
199,Mücke::N,culex,մժղուկ
200,Fliege::N,musca,ճանճ
201,Schmetterling::N,papilio,թիթեռ
202,Beere::N,baca,հատապտուղ
203,Apfel::N,malum,խնձոր
204,Pilz::N,fungus,սունկ
205,Zwiebel::N,cepa,սոխ
206,Saat::N,seges,սերմ
207,Korn::N,granum,հատիկ
208,Heu::N,faenum,խոտ
209,Schale::N,putamen,կեղեւ
210,Grube::N,fovea,փոս
211,Falle::N,pedica,ծուղակ
212,Schlinge::N,laqueus,խեղդան
213,Spur::N,vestigium,հետք
214,Asche::N,cinis,մոխիր
215,Dreck::N,lutum,աղտ
216,Eisen::N,ferrum,երկաթ
217,Gold::N,aurum,ոսկի
218,Silber::N,argentum,արծաթ
219,Kohle::N,carbo,քարածուխ
220,Glas::N,vitrum,ապակի
221,Lehm::N,lutum,կավ
222,Sand::N,arena,ավազ
223,Mensch::N,homo,մարդ
224,Mann::N,vir,մարդ
225,Mann::N,vir,տղամարդ
226,Frau::N,mulier,կին
227,Kind::N,puer,զավակ
228,Kind::N,infans,զավակ
229,Junge::N,puer,տղա
230,Mädchen::N,puella,աղջիկ
231,Familie::N,familia,ընտանիք
232,Großvater::N,avus,պապ
233,Großmutter::N,avia,տատ
234,Eltern::N,parentes,ծնողներ
235,Vater::N,pater,հայր
236,Mutter::N,mater,մայր
237,Sohn::N,filius,որդի
238,Tochter::N,filia,աղջիկ
239,Tochter::N,filia,դուստր
240,Bruder::N,frater,եղբայր
241,Schwester::N,soror,քույր
242,Onkel::N,patruus,քեռի
243,Onkel::N,patruus,հորեղբայր
244,Onkel::N,avunculus,քեռի
245,Onkel::N,avunculus,հորեղբայր
246,Tante::N,amita,մորաքույր
247,Ehemann::N,maritus,մարդ
248,Ehemann::N,maritus,ամուսին
249,Ehefrau::N,uxor,կին ամուսին
250,Freude::N,gaudium,ուրախություն
251,Freude::N,laetitia,ուրախություն
252,Gelächter::N,risus,ծիծաղ
253,Glück::N,felicitas,երջանկություն
254,Kummer::N,aegritudo,վիշտ
255,Wunsch::N,voluntas,ցանկություն
256,Wunsch::N,desiderium,ցանկություն
257,Lust::N,libido,փափագ
258,Lust::N,libido,իղձ
259,Lust::N,voluptas,փափագ
260,Lust::N,voluptas,իղձ
261,Geist::N,mens,ոգի
262,Geist::N,animus,ոգի
263,Gedanke::N,sententia,միտք
264,Gedächtnis::N,memoria,հիշողություն
265,Verstand::N,ratio,խելք
266,Verstand::N,ingenium,խելք
267,Sinn::N,sensus,իմաստ
268,Grund::N,causa,պատճառ
269,Wahrheit::N,veritas,ճշմարտություն
270,Gespräch::N,sermo,զրույց
271,Märchen::N,fabula,պայիկի պատմություն
272,Erzählung::N,fabula,պատմվածք
273,Erzählung::N,fabula,պատմություն
274,Erzählung::N,narratio,պատմվածք
275,Erzählung::N,narratio,պատմություն
276,Nachricht::N,nuntius,հաղորդագրություն
277,Neuigkeit::N,novitas,լուր
278,Neuigkeit::N,novitas,նորություն
279,Name::N,nomen,անուն
280,Rätsel::N,aenigma,բարդ խնդիր
281,Rede::N,oratio,ճառ
282,Rede::N,oratio,ելույթ
283,Sprache::N,lingua,լեզու
284,Stimme::N,vox,ձայն
285,Wort::N,verbum,բառ
286,Wort::N,vocabulum,բառ
287,Zeichen::N,signum,նշան
288,Ruf::N,clamor,կոչ
289,Ruf::N,clamor,կանչ
290,Lärm::N,strepitus,աղմուկ
291,Laut::N,sonus,հնչյուն
292,Laut::N,sonus,ձայն
293,Ton::N,sonus,տոն
294,Lied::N,carmen,երգ
295,Ruhe::N,quies,անդորրություն
296,Leute::N,homines,մարդիկ
297,Volk::N,populus,ազգ
298,Arbeit::N,labor,գործ
299,Arbeit::N,labor,աշխատանք
300,Gast::N,hospes,հյուր
301,Gast::N,conviva,հյուր
302,Geschenk::N,munus,նվեր
303,Spiel::N,ludus,խաղ
304,Gesellschaft::N,societas,ընկերություն
305,Hilfe::N,auxilium,օգնությթուն
306,Hilfe::N,subsidium,օգնությթուն
307,Freund::N,amicus,ընկեր
308,Freund::N,amicus,բարեկամ
309,Kamerad::N,socius,ուղեկից
310,Angelegenheit::N,res,բան
311,Angelegenheit::N,res,գործ
312,Anzahl::N,numerus,քանակ
313,Anzahl::N,numerus,գումար
314,Art::N,genus,տեսակ
315,Stück::N,frustum,կտոր
316,Stück::N,fragmentum,կտոր
317,Teil::N,pars,մաս
318,Hälfte::N,dimidium,կես
319,Kreis::N,orbis,շիջանակ
320,Kreis::N,circus,շիջանակ
321,Kreuz::N,crux,խաչ
322,Linie::N,linea,գիծ
323,Strich::N,lineamentum,գիծ
324,Abstand::N,intervallum,անջրպետ
325,Entfernung::N,spatium,հեռավորություն
326,Gegend::N,loca,շրջան
327,Gegend::N,regio,շրջան
328,Platz::N,locus,տարածություն
329,Ort::N,locus,տեղ
330,Ort::N,locus,վայր
331,Seite::N,latus,կողմ
332,Mitte::N,medium,մեջտեղ
333,Gegenstand::N,res,առարկա
334,Sache::N,res,բան
335,Rand::N,margo,վերջք
336,Kante::N,angulus,եզր
337,Ecke::N,angulus,անկյուն
338,Spitze::N,cacumen,ծայր
339,Ende::N,caput,ծայր
340,Loch::N,foramen,անցք
341,Winkel::N,angulus,անկյուն
342,Muster::N,exemplum,օրինակ
343,Größe::N,magnitudo,մեծություն
344,Länge::N,longitudo,երկարություն
345,Höhe::N,altitudo,բարձրություն
346,Gewicht::N,pondus,կշիռ
347,Menge::N,copia,քանակ
348,Haufen::N,acervus,դեզ
349,Haufen::N,acervus,կույտ
350,Reihe::N,ordo,շարք
351,Reihe::N,ordo,կարգ
352,Boot::N,navicula,նավակ
353,Ruder::N,remus,թի
354,Ruder::N,remus,թիակ
355,Schlitten::N,sclodia,բալխիր
356,Ski::N,narta,դահուկ
357,Lagerfeuer::N,ignis,բացօդեայ կրակ
358,Last::N,onus,բեռ
359,Gang::N,cursus,զբոսանք
360,Schritt::N,gradus,քայլ
361,Norden::N,septentriones,հյուսիս
362,Süden::N,meridies,հարավ
363,Westen::N,occidens,արեւմուտք
364,Osten::N,oriens,արեւելք
365,Holz::N,lignum,փայտ
366,Brett::N,tabula,տախտակ
367,Platte::N,lamina,թիթեղ
368,Stütze::N,adminiculum,նեցուկ
369,Stange::N,pertica,ձող
370,Stock::N,baculum,փայտ
371,Stab::N,scipio,ցուպ
372,Stab::N,scipio,գավազան
373,Rohr::N,tubus,խողովակ
374,Haus::N,aedes,տուն
375,Heim::N,domicilium,տուն
376,Ofen::N,fornax,վառարան
377,Fußboden::N,solum,հատակ
378,Tisch::N,mensa,սեղան
379,Stuhl::N,sella,աթոռ
380,Wiege::N,cunae,օրորոց
381,Bett::N,lectus,անկողին
382,Regal::N,foruli,դարակ
383,Kiste::N,cista,տուփ
384,Fenster::N,fenestra,պատուհան
385,Tür::N,ianua,դուռ
386,Tor::N,porta,դարպաս
387,Zaun::N,saepes,ցանկապատ
388,Dach::N,tectum,տանիք
389,Dach::N,tectum,կտուր
390,Leiter::N,scalae,սանդուղք
391,Besen::N,scopae,ավել
392,Spaten::N,pala,բահ
393,Schaufel::N,pala,թի
394,Gabel::N,fuscinula,պատառաքաղ
395,Löffel::N,coclear,գդալ
396,Messer::N,culter,դանակ
397,Nagel::N,clavus,մեխ
398,Netz::N,rete,ցանց
399,Haken::N,hamus,կարթ
400,Griff::N,manubrium,կոթ
401,Griff::N,manubrium,բռնակ
402,Schloss::N,claustra,կողպեք
403,Bild::N,tabula,նկար
404,Bild::N,tabula,պատկեր
405,Bild::N,pictura,նկար
406,Bild::N,pictura,պատկեր
407,Figur::N,statunculum,քանդակ
408,Figur::N,statunculum,պատկեր
409,Puppe::N,pupa,տիկնիկ
410,Beutel::N,sacculus,տոպրակ
411,Bündel::N,fascis,կապոց
412,Tasche::N,sacculus,պայուսակ
413,Eimer::N,situla,դույլ
414,Deckel::N,operculum,կափարիչ
415,Geschirr::N,vasa,ամանեղեն
416,Sack::N,saccus,պարկ
417,Sack::N,saccus,տոպրակ
418,Tasse::N,pocillum,թաս
419,Tasse::N,pocillum,գավաթ
420,Topf::N,olla,անոթ
421,Kessel::N,aenum,կաթսա
422,Essen::N,cena,կերակուր
423,Nahrung::N,cibus,ուտելիք
424,Nahrung::N,alimenta,ուտելիք
425,Speise::N,cibus,խորտիկ
426,Speise::N,cibus,կերակուր
427,Fleisch::N,caro,միս
428,Getreide::N,frumentum,հացահատիկ
429,Brei::N,puls,լանդակ
430,Brot::N,panis,հաց
431,Scheibe::N,frustum,կտոր
432,Scheibe::N,frustum,պատառ
433,Fett::N,pingue,ճարպ
434,Butter::N,butȳrum,կարագ
435,Öl::N,oleum,ձեթ
436,Salz::N,sal,աղ
437,Suppe::N,ius,սուպ
438,Suppe::N,ius,ապուր
439,Honig::N,mel,մեղր
440,Milch::N,lac,կաթ
441,Tee::N,thea,թեյ
442,Leder::N,corium,կաշի
443,Wolle::N,lana,բուրդ
444,Stoff::N,textum,գործվածք
445,Nadel::N,acus,ասեղ
446,Faden::N,filum,թել
447,Knopf::N,bulla,կոճակ
448,Knoten::N,nodus,հանգույց
449,Farbe::N,pigmentum,ներկ
450,Kleidung::N,vestimenta,հագուստ
451,Hemd::N,tunica,վերնաշապիկ
452,Kragen::N,collare,օձիք
453,Ärmel::N,manica,թեւք
454,Hose::N,bracae,շալվար
455,Gürtel::N,cingulum,գոտի
456,Mütze::N,pilleus,կեպի
457,Schuh::N,calceus,կոշիկ
458,Stiefel::N,pero,երկարաճիթ կոշիկ
459,Stiefel::N,caliga,երկարաճիթ կոշիկ
460,Ring::N,anulus,զնգալ
461,Band::N,redimiculum,ժապավեն
462,Kamm::N,pecten,սանր
463,Spiegel::N,speculum,հայելի
464,Riemen::N,lorum,փոկ
465,Schnur::N,linum,լար
466,Leine::N,retinaculum,փոկ
467,Decke::N,lodix,վերմակ
468,Kissen::N,pulvinus,բարձ
469,Tuch::N,velum,թաշկինակ
470,Handtuch::N,mantele,սրբիչ
471,Kraft::N,vis,ուժ
472,Stärke::N,robur,պնդություն
473,Stärke::N,robur,ամրություն
474,Gesundheit::N,valetudo,առողջություն
475,Krankheit::N,morbus,ախտ
476,Krankheit::N,morbus,հիվանդություն
477,Schmerz::N,dolor,ցավ
478,Schmerz::N,dolor,տանջանք
479,Wunde::N,vulnus,վերք
480,Fieber::N,febris,տենդ
481,Arznei::N,remedium,դեղ
482,Brücke::N,pons,կամուրջ
483,Brunnen::N,puteus,հոր
484,Brunnen::N,puteus,ջրհոր
485,Weide::N,pascua,արոտավայր
486,Pfad::N,semita,արահետ
487,Weg::N,iter,ուղի
488,Straße::N,via,ճանապարհ
489,Dorf::N,vicus,գյուղ
490,Stadt::N,urbs,քաղաք
491,Stadt::N,oppidum,քաղաք
492,Brief::N,epistula,նամակ
493,Buch::N,liber,գիրք
494,Buchstabe::N,littera,տառ
495,Buchstabe::N,littera,գիր
496,Zeitung::N,diurnum,լրագիր
497,Leben::N,vita,կյանք
498,Tod::N,mors,մահ
499,Grab::N,sepulcrum,գերեզման
500,Kirche::N,ecclesia,եկեղեցի
501,Sünde::N,peccatum,մեղք
502,Gott::N,deus,աստված
503,Arbeiter::N,operarius,բանվոր
504,Arbeiter::N,operarius,աշխատող
505,Chef::N,praefectus,տեր
506,Meister::N,magister,վարպետ
507,Arzt::N,medicus,բժիշկ
508,Lehrer::N,magister,ուսուցիչ
509,Geld::N,aes,փող
510,Geld::N,pecunia,փող
511,Geschäft::N,negotium,գործ
512,Geschäft::N,negotium,աշխատանք
513,Laden::N,taberna,կրպակ
514,Laden::N,taberna,խանութ
515,Preis::N,pretium,գին
516,Ware::N,merx,ապրանք
517,Nutzen::N,utilitas,օգուտ
518,Reichtum::N,opes,հարստություն
519,Reichtum::N,divitiae,հարստություն
520,Welt::N,mundus,աշխարհ
521,Land::N,terra,երկիր
522,Staat::N,res publica,պետություն
523,König::N,rex,արքա
524,König::N,rex,թագավոր
525,Macht::N,potestas,իշխանություն
526,Grenze::N,limes,սահման
527,Krieg::N,bellum,պատերազմ
528,Feind::N,inimicus,թշնամի
529,Gewalt::N,vis,բռնություն
530,Gewalt::N,vis,սաստկություն
531,Kampf::N,pugna,մարտ
532,Bogen[Waffe]::N,arcus,աղեղ
533,Pfeil::N,sagitta,նետ
534,Gewehr::N,sclopetum,հրացան
535,Fehler::N,error,սխալ
536,Lüge::N,mendacium,սուտ
537,Schaden::N,damnum,վնաս
538,Schaden::N,detrimentum,վնաս
539,Unglück::N,miseria,դժբախտություն
540,Unglück::N,calamitas,դժբախտություն
541,Schuld::N,culpa,պակասություն
542,Alter::N,aetas,հասակ
543,Schluss::N,finis,վերջ
544,Schluss::N,finis,վախճան
545,Zeit::N,tempus,ժամանակ
546,Tag::N,dies,օր
547,Morgen::N,mane,առավոտ
548,Mittag::N,meridies,կեսօր
549,Abend::N,vesper,երեկո
550,Nacht::N,nox,գիշեր
551,Woche::N,septimana,շաբաթ
552,Monat::N,mensis,ամիս
553,Jahr::N,annus,տարի
554,Frühling::N,ver,գարուն
555,Sommer::N,aestas,ամառ
556,Herbst::N,autumnus,աշուն
557,Winter::N,hiems,ձմեռ
558,Januar::N,Ianuarius,հունվար
559,Februar::N,Februarius,փետրվար
560,März::N,Martius,մարտ
561,April::N,Aprilis,ապրիլ
562,Mai::N,Maius,մայիս
563,Juni::N,Iunius,հունիս
564,Juli::N,Iulius,հուլիս
565,August::N,Augustus,օգոստոս
566,September::N,September,սեպտեմբեր
567,Oktober::N,Octobris,հոկտեմբեր
568,November::N,Novembris,նոյեմբեր
569,Dezember::N,December,դեկտեմբեր
570,Montag::N,dies lunae,երկուշաբթի
571,Dienstag::N,dies Martis ,երեքշաբթի
572,Mittwoch::N,dies Mercurii,չորեքշաբթի
573,Donnerstag::N,dies Iovis,հինգշաբթի
574,Freitag::N,dies Veneris,ուրբաթ
575,Samstag::N,dies Saturni,շաբաթ
576,Sonntag::N,dominicus,կիրակի
577,Sonntag::N,dies solis,կիրակի
578,groß::A,magnus,մեծ
579,groß::A,magnus,խոշոր
580,klein::A,parvus,պստիկ
581,klein::A,parvus,փոքրիկ
582,lang::A,longus,երկար
583,kurz::A,brevis,կարճ
584,breit::A,latus,լայն
585,schmal::A,angustus,նեղ
586,dicht::A,densus,խիտ
587,dick[Gegenstand]::A,crassus,հաստ
588,dünn::A,tenuis,բարակ
589,fein::A,subtilis,նուրբ
590,fest::A,solidus,ամուր
591,fest::A,solidus,պինդ
592,fest::A,stabilis,ամուր
593,fest::A,stabilis,պինդ
594,flach::A,planus,տափակ
595,glatt::A,levis,հարթ
596,hart::A,durus,կարծր
597,weich::A,mollis,մեղմ
598,weich::A,mollis,փափուկ
599,rund::A,rotundus,կլոր
600,spitz::A,acutus,սրածայր
601,scharf::A,acer,սուր
602,stumpf::A,hebes,գուլ
603,schwer::A,gravis,ծանր
604,schön::A,pulcher,սիրուն
605,schön::A,pulcher,գեղեցիկ
606,schön::A,formosus,սիրուն
607,schön::A,formosus,գեղեցիկ
608,heiß::A,fervidus,թեժ
609,warm::A,calidus,տաք
610,warm::A,calidus,ջերմ
611,kalt::A,frigidus,ցուրտ
612,kühl::A,frigidus,զով
613,frisch::A,recens,թարմ
614,feucht::A,umidus,ղոնավ
615,nass::A,madidus,թաց
616,trocken::A,aridus,ցամաք
617,voll::A,plenus,լի
618,voll::A,plenus,լիքը
619,leer::A,vacuus,դատարկ
620,offen::A,apertus,բաց
621,geschlossen::A,clausus,գոց
622,sauber::A,lautus,մաքուր
623,schmutzig::A,sordidus,կեղտոտ
624,roh::A,crudus,հում
625,reif::A,maturus,հասած
626,reif::A,maturus,հասուն
627,lecker::A,delicatus,համեղ
628,süß::A,dulcis,անուշ
629,bitter::A,amarus,կծու
630,bitter::A,acerbus,կծու
631,sauer::A,acidus,թթու
632,sauer::A,acidus,թթված
633,hell::A,clarus,պայծառ
634,hell::A,clarus,խելամիտ
635,dunkel::A,obscurus,մութ
636,schwarz::A,niger,սեւ
637,weiß::A,albus,սպիտակ
638,rot::A,ruber,կարմիր
639,gelb::A,flavus,դեղին
640,blau::A,caeruleus,կապույտ
641,grün::A,viridis,կանաչ
642,grau::A,canus,գորշ
643,bunt::A,varius,գոյնզգոյն
644,billig::A,vilis,էժան
645,teuer::A,carus,թանկ
646,wertvoll::A,pretiosus,թանկարժեք
647,blind::A,caecus,կույր
648,taub::A,surdus,խուլ
649,kräftig::A,robustus,հզոր
650,stark::A,firmus,ուժեղ
651,stark::A,validus,ուժեղ
652,schwach::A,debilis,տկար
653,schwach::A,debilis,թույլ
654,schwach::A,infirmus,տկար
655,schwach::A,infirmus,թույլ
656,fett::A,crassus,գեր
657,schlank::A,procerus,նիհար
658,hübsch::A,pulcher,գրավիչ
659,hübsch::A,pulcher,սիրունիկ
660,böse::A,improbus,չար
661,dumm::A,stultus,հիմար
662,dumm::A,stupidus,հիմար
663,faul::A,piger,ծույլ
664,fleißig::A,sedulus,ջանասեր
665,fleißig::A,sedulus,փութաջան
666,geizig::A,avarus,ագահ
667,geizig::A,avarus,կծծի
668,klug::A,prudens,խելոք
669,klug::A,prudens,ընդունակ
670,geschickt::A,sollers,ճարտար
671,lieb::A,carus,սիրելի
672,lustig::A,iocosus,զվարթ
673,sanft::A,clemens,հեզ
674,hungrig::A,impastus,քաղցած
675,krank::A,aeger,հիվանդ
676,nackt::A,nudus,մերկ
677,traurig::A,maestus,տխուր
678,lebendig::A,vivus,կենդանի
679,gut::A,bonus,լավ
680,schlecht::A,malus,վատ
681,richtig::A,rectus,ձիշտ
682,schlimm::A,malus,լղրճուկ
683,wahr::A,verus,ճիշտ
684,wahr::A,verus,իրական
685,alt::A,antiquus,հին
686,neu::A,novus,նոր
687,ehemalig::A,pristinus,նախկին
688,alt[Lebewesen]::A,vetus,ծեր
689,alt[Lebewesen]::A,vetus,պառավ
690,jung::A,iuvenis,մատաղ
691,arm::A,pauper,աղքատ
692,reich::A,dives,հարուստ
693,bekannt::A,notus,ծանոթ
694,berühmt::A,celeber,հայտնի
695,berühmt::A,celeber,հռչակավոր
696,berühmt::A,illustris,հայտնի
697,berühmt::A,illustris,հռչակավոր
698,fremd::A,peregrinus,օտար
699,verschieden::A,varius,տարբեր
700,nah::A,propinquus,մոտ
701,nah::A,propinquus,մերձ
702,fern::A,longinquus,հեռավոր
703,linker::A,sinister,ձախ
704,rechter::A,dexter,աջ
705,anderer::A,alius,այլ
706,anderer::A,alius,ուրիշ
707,erster::A,primus,առաջին
708,zweiter::A,secundus,երկրորդ
709,dritter::A,tertius,երրորդ
710,letzter::A,ultimus,վերջին
711,allein::ADV,solum,միայնակ
712,auf einmal::ADV,simul,միասնաբար
713,zusammen::ADV,una,միասին
714,zusammen::ADV,una,իրար հետ
715,lange::ADV,diu,երկար ժամանակ
716,plötzlich::ADV,subito,հանկարծ
717,plötzlich::ADV,repente,հանկարծ
718,sofort::ADV,statim,իսկույն
719,später::ADV,postea,ավելի ուշ
720,später::ADV,postea,հետո
721,jetzt::ADV,nunc,այժմ
722,heute::ADV,hodie,այսօր
723,morgen::ADV,cras,վաղը
724,bald::ADV,mox,շուտով
725,dann::ADV,deinde,ապա
726,dann::ADV,deinde,հետո
727,gestern::ADV,heri,երեկ
728,einst::ADV,olim,հին ատեն
729,damals::ADV,tum,ատէնին
730,danach::ADV,postea,ապա
731,danach::ADV,postea,այն ժամանակ
732,vorher::ADV,antea,առաջ
733,zuerst::ADV,primo,նախ
734,einmal::ADV,semel,մի անգամ
735,manchmal::ADV,interdum,երբեմն
736,oft::ADV,saepe,հաճախ
737,immer::ADV,semper,միշտ
738,niemals::ADV,numquam,երբեք
739,hier::ADV,hic,այստեղ
740,hierhin::ADV,huc,այստեղ
741,von hier::ADV,hinc,այդտեղից
742,dort::ADV,ibi,այնտեղ
743,dorthin::ADV,eo,այնտեղ
744,geradeaus::ADV,recte,ուղիղ
745,vorwärts::ADV,porro,առաջ
746,rückwärts::ADV,retro,դեպի ետ
747,zurück::ADV,retro,ետ
748,unten::ADV,infra,ներքեւում
749,hinab::ADV,pessum,ներքեւ
750,oben::ADV,supra,վերեւում
751,hinauf::ADV,sursum,վերեւ
752,überall::ADV,ubique,ամենուր
753,nicht::ADV,non,չէ
754,ein wenig::ADV,paulum,մի քիչ
755,kaum::ADV,vix,հազիվ
756,kaum::ADV,aegre,հազիվ
757,sehr::ADV,valde,շատ
758,sehr::ADV,magnopere,շատ
759,so::ADV,ita,այդպես
760,noch::ADV,etiam,դեռ
761,nur::ADV,solum,միայն
762,nur::ADV,tantum,միայն
763,schon::ADV,iam,արդեն
764,wieder::ADV,rursus,նորից
765,wieder::ADV,rursus,դարձյալ
766,vergebens::ADV,frustra,իզուր
767,vor::PRP,ante,դիմացը
768,hinter::PRP,post,ետեւը
769,unter::PRP,sub,տակ
770,durch::PRP,per,միջով
771,neben::PRP,iuxta,քովը
772,zwischen::PRP,inter,միջեւ
773,wegen::PRP,propter,պատճառով
774,wegen::PRP,propter,շնորհից
775,dies::PRN,hoc,սա
776,dies::PRN,hoc,այս
777,das::PRN,id,դա
778,das::PRN,id,այդ
779,alles::PRN,omnia,ամեն ինչ
780,ich::PRN,ego,ես
781,du::PRN,tu,դու
782,er::PRN,is,նա
783,er::PRN,ille,նա
784,wir::PRN,nos,մենք
785,ihr::PRN,vos,դուք
786,sie::PRN,ii,նրանք
787,sie::PRN,illi,նրանք
788,was::FPRN,quid,ինչ
789,wer::FPRN,quis,ով
790,wo::FADV,ubi,ուր
791,wo::FADV,ubi,որտեղ
792,wohin::FADV,quo,դեպի ուր
793,wie::FADV,quomodo,ինչպես
794,warum::FADV,cur,ինչու
795,wieviel::FNUM,quantum,որչափ
796,eins::NUM,unus,մեկ
797,zwei::NUM,duo,երկու
798,drei::NUM,tres,երեք
799,vier::NUM,quattuor,չորս
800,fünf::NUM,quinque,հինգ
801,sechs::NUM,sex,վեց
802,sieben::NUM,septem,յոթ
803,acht::NUM,octo,ութ
804,neun::NUM,novem,ինը
805,zehn::NUM,decem,տասը
806,elf::NUM,undecim,տասնմեկ
807,zwölf::NUM,duodecim,տասներկու
808,zwanzig::NUM,viginti,քսան
809,dreißig::NUM,triginta,երեսուն
810,vierzig::NUM,quadraginta,քառասուն
811,fünfzig::NUM,quinquaginta,հիսուն
812,sechzig::NUM,sexaginta,վաթսուն
813,siebzig::NUM,septuaginta,յոթանասուն
814,achtzig::NUM,octoginta,ութսուն
815,neunzig::NUM,nonaginta,իննսուն
816,hundert::NUM,centum,հարյուր
817,tausend::NUM,mille,հազար
818,und::CNJ,et,ու
819,und::CNJ,-que,ու
820,oder::CNJ,vel,կամ
821,stehen::V,stare,կանգնել
822,sitzen::V,sedere,նստել
823,liegen::V,iacere,ստել
824,hängen::V,pendere,կախվել
825,werden::V,fieri,դառնալ
826,passieren::V,accidere,պատահել
827,beginnen::V,incipere,սկսվել
828,enden::V,finem habere,վերջանալ
829,wechseln::V,mutari,փոխվել
830,aufgehen[Sonne]::V,oriri,բարձրանալ
831,aufgehen[Sonne]::V,oriri,ելնել 
832,untergehen[Sonne]::V,occidere,մտնել
833,scheinen[Sonne]::V,lucere,շողալ
834,scheinen[Sonne]::V,lucere,փայլել
835,donnern::V,tonare,որոտալ
836,wehen::V,flare,փչել
837,strömen::V,fluere,հոսել
838,fließen::V,manare,հոսել
839,sich drehen::V,torqueri,պտտվել
840,schwanken::V,vacillare,տատանվել
841,schwingen::V,vibrare,ճոճվել
842,fallen::V,cadere,ընկնել
843,brennen::V,ardere,այրվել
844,rauchen::V,fumare,ծխել
845,regnen::V,pluere,անձրեւ գալ
846,gefrieren::V,congelari,սառչել
847,tauen::V,rorare,լկիլ
848,schmelzen::V,liquescere,հալիլ
849,trocknen::V,arescere,չորանալ
850,sieden::V,fervere,եռալ
851,faulen::V,putescere,փտել
852,verfaulen::V,putescere,նեխել
853,reißen::V,scindi,պատռվել
854,reißen::V,scindi,ճղվել
855,versinken::V,mergi,սուզվել
856,vergehen::V,praeterire,անցնել 
857,erscheinen::V,apparere,հայտնվել
858,erscheinen::V,apparere,երեւալ
859,verschwinden::V,discedere,անհետանալ
860,sinken::V,labi,ընկնել
861,abnehmen::V,deminui,փոքրանալ
862,zunehmen::V,augeri,մեծանալ
863,steigen::V,augescere,բարձրանալ
864,wachsen::V,crescere,աճել
865,glänzen::V,splendere,նշուլել
866,glänzen::V,splendere,փայլիլ
867,funkeln::V,micare,փայլատակել
868,lärmen::V,strepere,աղմուկ հանել
869,läuten::V,sonare,զնգալ
870,klingeln::V,tinnire,զնգալ
871,klirren::V,crepare,զնգզնգալ
872,brausen::V,saevire,մոլեգնել
873,rauschen::V,crepare,սոսափել
874,klingen::V,sonare,հնչել
875,bellen::V,latrare,հաչել
876,heulen::V,ululare,ոռնալ 
877,blasen::V,flare,փչել 
878,pfeifen::V,sibilare,սուլել
879,schreien::V,clamare,գոռալ 
880,stöhnen::V,gemere,տնքալ
881,zittern::V,tremere,դողալ
882,zittern::V,trepidare,դողալ
883,leben::V,vivere,ապրել
884,geboren werden::V,nasci,ծնվել
885,atmen::V,spirare,շնչել
886,trinken::V,bibere,խմել
887,essen::V,edere,ուտել
888,schlucken::V,devorare,կլանել
889,schlucken::V,devorare,կուլ տալ
890,müde werden::V,fatigari,հոգնել
891,einschlafen::V,obdormiscere,քուն մտնել
892,schlafen::V,dormire,քնել
893,aufwachen::V,expergisci,արթննալ
894,aufstehen::V,exsurgere,ելլել
895,sich erholen::V,se reficere,հանգստանալ
896,krank werden::V,aegrescere,հիւանդանալ
897,krank sein::V,aegrotare,հիվանդ լինել
898,schmerzen::V,dolere,ցավել
899,husten::V,tussire,հազալ
900,genesen::V,convalescere,ապաքինվել
901,sterben::V,mori,մեռնել
902,sterben::V,mori,վախճանվել
903,umkommen::V,perire,կործանվել
904,sich bewegen::V,se movere,ընթանալ
905,sich rühren::V,micare,շարժվել
906,sich erheben::V,surgere,կանգնել
907,sich erheben::V,surgere,վեր կենալ
908,sich setzen::V,considere,նստել
909,hinfallen::V,cadere,ընկնել
910,laufen::V,vadere,քայլել
911,schreiten::V,gradi,ճեմել
912,spazierengehen::V,ambulare,շրջագայել
913,eilen::V,properare,շտապել
914,sich beeilen::V,festinare,շտապել 
915,sausen::V,currere,սլանալ
916,rennen::V,currere,վազել
917,springen::V,salire,ցատկել
918,klettern::V,niti,մագլցել
919,schaukeln::V,oscillare,ճոճվել
920,schaukeln::V,oscillare,օրորվել
921,kriechen::V,repere,սողալ
922,kriechen::V,serpere,սողալ
923,schwimmen::V,nare,լողալ
924,schwimmen::V,natare,լողալ
925,tauchen::V,mergere,սուզվել
926,rudern::V,remigare,թիավարել
927,fahren::V,vehi,ընթանալ
928,fliegen::V,volare,թռչել
929,gehen::V,ire,գնալ
930,gehen::V,vadere,գնալ
931,weggehen::V,abire,հեռանալ
932,weggehen::V,discedere,հեռանալ
933,abfahren::V,proficisci,ճանապարհվել
934,anhalten::V,consistere,կանգնել
935,hineingehen::V,inire,մտնել
936,hineingehen::V,ingredi,մտնել
937,eintreten::V,intrare,մտնել
938,kommen::V,venire,գալ
939,ankommen::V,advenire,ժամանել
940,zurückkommen::V,revenire,վերադառնալ
941,bleiben::V,manere,մնալ
942,warten::V,opperiri,սպասել
943,erwarten::V,opperiri,սպասել
944,erwarten::V,expectare,սպասել
945,suchen::V,quaerere,որոնել
946,finden::V,reperire,գտնել
947,versuchen::V,conari,փորձել
948,versuchen::V,temptare,փորձել
949,vorbereiten::V,parare,պատրաստել
950,lieben::V,amare,սիրել
951,mögen::V,amare,հավանել
952,mögen::V,amare,սիրել
953,lachen::V,ridere,ծիծաղել
954,rühren::V,commovere,հուզել
955,weinen::V,flere,լալ
956,schimpfen::V,increpare,տրտնջալ
957,schimpfen::V,increpare,քրթմնջել
958,sich ärgern::V,indignari,զայրանալ
959,sich fürchten::V,vereri,վախնալ
960,fürchten::V,timere,վախենալ
961,fliehen::V,fugere,փախչել
962,flüchten::V,effugere,փախչել
963,sehen::V,videre,տեսնել
964,anschauen::V,aspectare,դիտել
965,ansehen::V,spectare,նայել
966,hören::V,audire,լսել
967,zuhören::V,auscultare,ունկնդրել
968,probieren::V,gustare,համը տեսել
969,riechen::V,olfacere,հոտ առնել
970,fühlen::V,sentire,զգալ
971,scheinen::V,videri,երեւալ
972,zu sehen sein::V,conspici,երեւալ
973,vernehmen::V,comperire,իմանալ 
974,frieren::V,algere,մրսել
975,tun::V,facere,անել
976,können::V,posse,կարողանալ
977,wollen::V,velle,ուզել
978,wollen::V,velle,ցանկանալ
979,anfangen::V,incipere,սկսել
980,beenden::V,finire,վերջացնել
981,aufhören::V,desistere,դադարել
982,gelingen::V,contingere,հաջողվել
983,gelingen::V,contingere,գլուխ գալ
984,geraten::V,evenire,ստացվել
985,öffnen::V,aperire,բաց անել
986,schließen::V,claudere,փակել 
987,stellen::V,sistere,դնել
988,setzen::V,ponere,նստեցնել
989,legen::V,ponere,դնել
990,berühren::V,tangere,դիպչել
991,berühren::V,tangere,շոշափել
992,verbinden::V,iungere,շաղկապել
993,bedecken::V,tegere,ծածկել
994,bedecken::V,operire,ծածկել
995,aufhängen::V,suspendere,կախել
996,anzünden::V,accendere,վառել
997,anzünden::V,inflammare,վառել
998,aufheben::V,tollere,վերցնել
999,zurücklassen::V,relinquere,թողնել
1000,verlieren::V,perdere,կորցնել
1001,verlieren::V,amittere,կորցնել
1002,fallen lassen::V,dimittere,գցել
1003,machen::V,facere,անել
1004,herstellen::V,fabricare,արտադրել
1005,bauen::V,construere,կառուցել
1006,reparieren::V,reparare,նորոգել
1007,verbessern::V,emendare,բարելավել
1008,ändern::V,mutare,փոխել
1009,graben::V,fodere,փորել
1010,beugen::V,flectere,ծռել
1011,biegen::V,curvare,թեքել
1012,drehen::V,torquere,ոլորել
1013,wenden::V,vertere,պտտել
1014,umdrehen::V,convertere,շրջել
1015,heben::V,tollere,բարձրացնել
1016,hochheben::V,levare,բարձրացնել
1017,ergreifen::V,capessere,վարակվել
1018,halten::V,tenere,բռնել
1019,drücken::V,premere,ճնշել
1020,schieben::V,promovere,հրել
1021,kratzen::V,radere,քերել
1022,lecken::V,lambere,լիզել
1023,beißen::V,mordere,կծել
1024,abreißen::V,avellere,պոկել
1025,abschneiden::V,desecare,կտրել 
1026,binden::V,ligare,կապել
1027,stecken::V,inserere,խրել
1028,brechen::V,rumpere,կոտրել 
1029,klopfen::V,pultare,թակել
1030,hauen::V,ferire,ծեծել
1031,kleben::V,agglutinare,կպցնել
1032,reiben::V,terere,շփել
1033,streichen::V,oblinere,վրան քսել
1034,schleifen::V,acuere,սրել 
1035,schneiden::V,secare,կտրել
1036,rütteln::V,quassare,ցնցել
1037,schütteln::V,quatere,թափահարել
1038,schwenken::V,ventilare,ճոճել
1039,schütten::V,fundere,լցնել
1040,füllen::V,complere,լիքը լցնել
1041,einwickeln::V,involvere,փաթաթել
1042,tragen::V,ferre,կրել
1043,tragen::V,ferre,տանել
1044,tragen::V,portare,կրել
1045,tragen::V,portare,տանել
1046,schleppen::V,pertrahere,քաշել
1047,ziehen::V,trahere,ձգել
1048,ziehen::V,trahere,քաշել
1049,aufbewahren::V,asservare,պահել 
1050,werfen::V,iacere,նետել
1051,fangen::V,capere,
1052,packen::V,capessere,հափշտակել
1053,verstecken::V,abdere,ծածկել
1054,teilen::V,partiri,բաժանել
1055,teilen::V,dividere,բաժանել
1056,schicken::V,mittere,ուղարկել
1057,bringen::V,apportare,բերել
1058,hinzufügen::V,addere,ավելացնել
1059,bekommen::V,adipisci,հայթայթել
1060,erhalten::V,accipere,ստանալ
1061,nehmen::V,sumere,վերցնել
1062,wählen::V,eligere,ընտրել
1063,auswählen::V,deligere,գերադասել
1064,bewahren::V,conservare,պահպանել
1065,behindern::V,impedire,խոչընդոտել
1066,verderben::V,corrumpere,փչացնել
1067,beschädigen::V,laedere,վնասել
1068,zerbrechen::V,rumpere,ջարդել
1069,zerbrechen::V,rumpere,կոտրել
1070,zerbrechen::V,frangere,ջարդել
1071,zerbrechen::V,frangere,կոտրել
1072,zerreißen::V,discindere,պատռել
1073,zerstören::V,delere,քանդել
1074,verbrennen::V,urere,այրել
1075,verbrennen::V,cremare,այրել
1076,geben::V,dare,տալ
1077,reichen::V,praebere,հանձնել
1078,schenken::V,donare,նվիրել
1079,schenken::V,largiri,նվիրել
1080,versprechen::V,polliceri,խոստանալ
1081,versprechen::V,promittere,խոստանալ
1082,loben::V,laudare,գովել
1083,küssen::V,osculari,համբուրել
1084,zudecken::V,tegere,վրան գցել
1085,wecken::V,excitare,զարթնեցնել
1086,zeigen::V,monstrare,ցույց տալ
1087,führen::V,ducere,ուղեկցել
1088,lehren::V,docere,սովորեցնել
1089,unterrichten::V,instituere,ավանդել
1090,aufziehen::V,nutrire,դաստիարակել
1091,leiten::V,ducere,ղեկավարել
1092,leiten::V,ducere,կառավարել
1093,antreiben::V,incitare,շտապեցնել
1094,lassen::V,iubere,ստիպել
1095,einladen::V,invitare,հրավիրել
1096,vereinigen::V,coniungere,միացնել
1097,besuchen::V,visere,այցելել
1098,treffen::V,convenire,հանդիպել
1099,sich versammeln::V,convenire,հավաքվել
1100,spielen::V,ludere,խաղալ
1101,singen::V,cantare,երգել
1102,tanzen::V,saltare,պարել
1103,sich trennen::V,digredi,ցրվել
1104,sich trennen::V,discedere,ցրվել
1105,verlassen::V,deserere,լքել
1106,verlassen::V,relinquere,լքել
1107,retten::V,servare,փրկել
1108,bewachen::V,custodire,պահել
1109,schützen::V,tueri,պաշտպանել
1110,schützen::V,tutari,պաշտպանել
1111,verteidigen::V,defendere,պաշտպանել
1112,sich schlagen::V,luctari,կռվել
1113,schießen::V,iaculari,կրակել
1114,siegen::V,vincere,հաղթել
1115,ärgern::V,irritare,ձանձրացնել
1116,schlagen::V,ferire,խփել
1117,treten::V,calcare,քացի տալ
1118,stechen::V,pungere,խայթել
1119,stoßen::V,tundere,մղել
1120,stehlen::V,furari,գողանալ
1121,stören::V,turbare,խանգարել
1122,belästigen::V,obtundere,անհանգստացնել
1123,verbergen::V,celare,թաքցնել
1124,verbergen::V,occultare,թաքցնել
1125,täuschen::V,fallere,խաբել
1126,betrügen::V,fraudare,խաբել
1127,töten::V,necare,սպանել 
1128,töten::V,caedere,սպանել 
1129,wohnen::V,habitare,բնակվել
1130,arbeiten::V,laborare,աշխատել
1131,sammeln::V,colligere,հավաքել
1132,pflücken::V,carpere,քաղել
1133,jagen::V,venari,որս անել
1134,fischen::V,piscari,ձուկ բռնել
1135,fassen::V,capere,բռնել
1136,hüten::V,custodire,արածեցնել
1137,treiben::V,agere,հովուել
1138,anbinden::V,alligare,չուանել
1139,füttern::V,nutrire,կերակրել
1140,melken::V,mulgere,կթել
1141,hacken::V,findere,կոտորել
1142,gießen::V,rigare,ջրել
1143,reifen::V,maturescere,հասունանալ 
1144,zubereiten::V,apparare,պատրաստել
1145,kochen::V,coquere,եփել
1146,backen::V,coquere,թխել
1147,braten::V,torrere,տապակել
1148,umrühren::V,commovere,խառնել
1149,stricken::V,texere,գործել
1150,nähen::V,suere,կարել
1151,färben::V,tingere,ներկել
1152,reinigen::V,purgare,մաքրել
1153,waschen::V,lavare,լվանալ
1154,abwischen::V,abstergere,սրբել
1155,spülen::V,perluere,ողողել
1156,spülen::V,perluere,պարզաջրել
1157,fegen::V,verrere,ավլել
1158,kehren::V,purgare,ավլել
1159,baden::V,lavari,լողանալ
1160,sich waschen::V,lavari,լվացվել
1161,ausziehen::V,exuere,հանել
1162,anziehen::V,induere,հագնել
1163,sich anziehen::V,vestiri,հագնվել
1164,kämmen::V,pectere,սանրել
1165,schmücken::V,ornare,զարդարել
1166,schmücken::V,decorare,զարդարել
1167,sagen::V,dicere,ասել
1168,sprechen::V,fari,խոսել
1169,reden::V,loqui,զրուցել
1170,sich unterhalten::V,colloqui,խոսակցել
1171,sich unterhalten::V,disputare,խոսակցել
1172,fragen::V,rogare,հարցնել
1173,fragen::V,quaerere,հարցնել
1174,bitten::V,orare,խնդրել
1175,bitten::V,rogare,խնդրել
1176,erzählen::V,narrare,պատմել
1177,mitteilen::V,communicare,հաղորդել
1178,nennen::V,appellare,անվանել
1179,rufen::V,vocare,կանչել
1180,prahlen::V,gloriari,պարծենալ
1181,übersetzen::V,vertere,թարգմանել
1182,denken::V,cogitare,մտածել
1183,glauben::V,credere,հավատալ
1184,bemerken::V,animadvertere,նկատել
1185,erkennen::V,cognoscere,ճանաչել
1186,begreifen::V,comprehendere,հասկանալ
1187,verstehen::V,intellegere,ըմբռնել
1188,lernen::V,discere,սովորել
1189,wissen::V,scire,իմանալ
1190,sich erinnern an::V,meminisse,հիշել
1191,sich erinnern an::V,meminisse,մտաբերել
1192,vergessen::V,oblivisci,մոռանալ
1193,messen::V,metiri,չափել
1194,zählen::V,numerare,թվել
1195,zählen::V,numerare,հաշվել
1196,rechnen::V,reri,հաշվել
1197,rechnen::V,reri,հաշվարկել
1198,rechnen::V,calculare,հաշվել
1199,rechnen::V,calculare,հաշվարկել
1200,lesen::V,legere,կարդալ
1201,malen::V,pingere,նկարել
1202,zeichnen::V,scribere,գծել
1203,schreiben::V,scribere,գրել
1204,besitzen::V,possidere,ունենալ
1205,besitzen::V,possidere,տեր լինել
1206,kaufen::V,emere,գնել
1207,verkaufen::V,vendere,վաճառել
1208,bezahlen::V,pendere,վճարել
1209,zahlen::V,solvere,վճարել
1210,beherrschen::V,regere,ղեկավարել
1211,beherrschen::V,imperare,ղեկավարել
1212,ertragen::V,tolerare,դիմանալ
1213,ertragen::V,sustinere,դիմանալ
1214,wünschen::V,,մաղթել
1215,wiegen::V,,օրորել
