,Concept_ID,no,kk
0,Auge::N,øye,көз
1,Ohr::N,øre,құлақ
2,Nase::N,nese,мұрын
3,Mund::N,munn,ауыз
4,Zahn::N,tann,тіс
5,Zunge::N,tunge,тіл
6,Lippe::N,leppe,ерін
7,Wange::N,kinn,ұрт
8,Gesicht::N,fjes,бет-аузы
9,Gesicht::N,ansikt,бет-аузы
10,Stirn::N,panne,маңдай
11,Haar::N,hår,қыл
12,Schnurrbart::N,bart,мұрт
13,Bart::N,skjegg,сақал
14,Kinn::N,hake,иек
15,Kiefer[Anatomie]::N,kjeve,жақ
16,Kehle::N,strupe,алқым
17,Hals::N,hals,мойын
18,Genick::N,nakke,желке
19,Kopf::N,hode,кәллә
20,Rücken::N,rygg,арқа
21,Bauch::N,buk,қарын
22,Bauch::N,mage,қарын
23,Nabel::N,navle,кіндік
24,Busen::N,barm,омырау
25,Brust::N,bryst,кеуде
26,Schulter::N,skulder,иық
27,Arm::N,arm,қол
28,Ellenbogen::N,albue,шынтақ
29,Hand::N,hånd,қол
30,Handfläche::N,håndflate,алақан
31,Finger::N,finger,саусақ
32,Fingernagel::N,fingernegl,тырнақ
33,Nagel[Anatomie]::N,negl,тырнақ
34,Zeh::N,tå,тырнақ
35,Zeh::N,tå,тұяқ
36,Fuß::N,fot,аяқ-басы
37,Ferse::N,hæl,өкше
38,Ferse::N,hæl,өкшелік
39,Knie::N,kne,тізе
40,Oberschenkel::N,lår,жамбас
41,Bein::N,bein,аяқ
42,Körper::N,kropp,дене
43,Körper::N,legeme,дене
44,Haut::N,hud,тері
45,Haut::N,skinn,тері
46,Blut::N,blod,қан
47,Ader::N,åre,көктамыр
48,Ader::N,åre,күретамыр
49,Sehne::N,sene,сіңір
50,Knochen::N,bein,жілік
51,Knochen::N,knokkel,жілік
52,Gehirn::N,hjerne,ми
53,Herz::N,hjerte,жүрек
54,Magen::N,mage,асқазан
55,Leber::N,lever,бауыр
56,Atem::N,pust,леп
57,Hunger::N,sult,ашаршылық
58,Träne::N,tåre,жас
59,Geschmack::N,smak,дәм
60,Geschmack::N,smak,татым
61,Geschmack::N,smak,талғам
62,Geruch::N,lukt,иіс
63,Schlaf::N,søvn,ұйқы
64,Schlaf::N,søvn,ұйықтау
65,Traum::N,drøm,түс
66,Himmel::N,himmel,аспан
67,Himmel::N,himmel,көқ
68,Himmel::N,himmel,таңдай
69,Sonne::N,sol,күн
70,Mond::N,måne,ай
71,Stern::N,stjerne,жұлдыз
72,Luft::N,luft,әуе
73,Wind::N,vind,жел
74,Welle::N,bølge,толқын
75,Wasser::N,vann,су
76,Stein::N,stein,тас
77,Boden::N,bakke,қыртыс
78,Erde::N,jord,топырақ
79,Staub::N,støv,шаң
80,Rauch::N,røyk,түтін
81,Funke::N,gnist,ұшқын
82,Feuer::N,ild,алау
83,Licht::N,lys,шұғыла
84,Schatten::N,skygge,көлеңке
85,Wetter::N,vær,ауа райы
86,Nebel::N,tåke,тұман
87,Wolke::N,sky,бұлт
88,Regen::N,regn,жаңбыр
89,Schnee::N,snø,қар
90,Eis::N,is,мұз
91,Frost::N,frost,суық
92,Kälte::N,kulde,ызғар
93,Kälte::N,kulde,суықтық
94,Hitze::N,hete,аптап
95,Raureif::N,rimfrost,қырау
96,Regenbogen::N,regnbue,кемпірқосақ
97,Donner::N,torden,күн күркіреу
98,Strömung::N,strømning,ағын
99,Tropfen::N,dråpe,тамшы
100,Schaum::N,skum,көбік
101,Schmutz::N,søl,кір
102,Schmutz::N,skitt,кір
103,See::N,sjø,көл
104,Sumpf::N,sump,саз
105,Sumpf::N,myrlende,саз
106,Moor::N,myr,саз
107,Moor::N,myrhei,саз
108,Wiese::N,eng,шалғын
109,Wald::N,skog,орман
110,Hügel::N,haug,төбе
111,Hügel::N,haug,белес
112,Hügel::N,haug,белес-белес
113,Hügel::N,bakke,төбе
114,Hügel::N,bakke,белес
115,Hügel::N,bakke,белес-белес
116,Anhöhe::N,haug,дөң
117,Anhöhe::N,haug,адыр
118,Anhöhe::N,haug,қырат
119,Anhöhe::N,bakke,дөң
120,Anhöhe::N,bakke,адыр
121,Anhöhe::N,bakke,қырат
122,Berg::N,berg,тау
123,Berg::N,fjell,тау
124,Gipfel::N,topp,төбе
125,Höhle::N,hule,үңгір
126,Abhang::N,li,бауыр
127,Abhang::N,skråning,бауыр
128,Quelle::N,kilde,қайнар
129,Bach::N,bekk,жылға
130,Fluss::N,elv,өзен
131,Ufer::N,bredd,жиек
132,Küste::N,kyst,жиегі
133,Küste::N,kyst,жағалау
134,Festland::N,fastland,құрылық
135,Meer::N,hav,теңіз
136,Bucht::N,bukt,шығанақ
137,Insel::N,øy,арал
138,Blume::N,blomst,гүл
139,Gras::N,gress,от
140,Wurzel::N,rot,түбір
141,Baum::N,tre,ағаш
142,Baum::N,tre,дарақ
143,Stamm::N,stamme,сояу
144,Stamm::N,stamme,оқпан
145,Rinde::N,bark,қабық
146,Ast::N,gren,бұтақ
147,Zweig::N,kvist,шыбық
148,Blatt::N,blad,жапырақ
149,Birke::N,bjørk,қайың
150,Kiefer[Baum]::N,furu,қарағай
151,Weide[Baum]::N,selje,тал
152,Weide[Baum]::N,piletre,тал
153,Tanne::N,gran,шырша
154,Horn::N,horn,мүйіз
155,Feder::N,fjær,қаламұш
156,Fell::N,skinn,тері
157,Flügel::N,vinge,қанат
158,Klaue::N,klauv,тырнақ
159,Kralle::N,klo,аяқ
160,Schwanz::N,hale,құйрық
161,Ei::N,egg,жұмыртқа
162,Nest::N,rede,ұя
163,Bau::N,hi,жатақ
164,Tier::N,dyr,айуан
165,Tier::N,dyr,жануар
166,Herde::N,flokk,пада
167,Kuh::N,ku,сиыр
168,Bulle::N,tyr,өгіз
169,Pferd::N,hest,жылқы
170,Schaf::N,får,қой
171,Schwein::N,gris,шошқа
172,Hund::N,hund,ит
173,Katze::N,katt,мысық
174,Bär::N,bjørn,аю
175,Eichhörnchen::N,ekorn,тиін
176,Elch::N,elg,бұғы
177,Fuchs::N,rev,түлкі
178,Hase::N,hare,қоян
179,Maus::N,mus,қаптесер
180,Wolf::N,ulv,бөрі
181,Wolf::N,ulv,қасқыр
182,Wolf::N,varg,бөрі
183,Wolf::N,varg,қасқыр
184,Vogel::N,fugl,құс
185,Schwarm::N,sverm,топ
186,Schwarm::N,sverm,үйір
187,Huhn::N,høne,тауық
188,Huhn::N,høne,мекиен
189,Hahn::N,hane,әтеш
190,Hahn::N,hane,қораз
191,Gans::N,gås,қаз
192,Adler::N,ørn,бүркіт
193,Ente::N,and,үйрек
194,Eule::N,ugle,жапалақ
195,Kranich::N,trane,тырна
196,Krähe::N,kråke,қарға
197,Kuckuck::N,gjøk,көкек
198,Schwan::N,svane,аққу
199,Fisch::N,fisk,балық
200,Barsch::N,abbor,алабұға
201,Hecht::N,gjedde,шортан
202,Schlange[Tier]::N,orm,жылан
203,Schlange[Tier]::N,slange,жылан
204,Wurm::N,orm,шұбалшаң
205,Wurm::N,mark,шұбалшаң
206,Spinne::N,edderkopp,өрмекші
207,Ameise::N,maur,қүмырска
208,Laus::N,lus,бит
209,Mücke::N,mygg,маса
210,Fliege::N,flue,шыбын
211,Schmetterling::N,sommerfugl,көбелек
212,Beere::N,bær,жидек
213,Apfel::N,eple,алма
214,Pilz::N,sopp,қозықұйрық
215,Pilz::N,sopp,саңыраукулақ
216,Zwiebel::N,løk,жуа
217,Saat::N,sæd,тұқым
218,Korn::N,korn,дән
219,Heu::N,høy,шөп
220,Schale::N,skall,қабық
221,Schale::N,skall,қабығы
222,Grube::N,grop,ор
223,Falle::N,felle,дұзақ
224,Falle::N,felle,қақпан
225,Schlinge::N,snare,ілмек
226,Spur::N,spor,із
227,Asche::N,aske,күл
228,Dreck::N,møkk,былғаныш
229,Dreck::N,skitt,былғаныш
230,Eisen::N,jern,темір
231,Gold::N,gull,алтын
232,Silber::N,sølv,күміс
233,Kohle::N,kol,көмір
234,Kohle::N,kull,көмір
235,Glas::N,glass,шыны
236,Lehm::N,leire,балшық
237,Sand::N,sand,құм
238,Mensch::N,menneske,адам
239,Mann::N,mann,еркек
240,Mann::N,mann,ер адам
241,Frau::N,kvinne,бике
242,Frau::N,kvinne,қатын
243,Kind::N,barn,бала
244,Kind::N,barn,перзент
245,Junge::N,gutt,бала
246,Junge::N,gutt,ер бала
247,Mädchen::N,pike,қыз
248,Mädchen::N,jente,қыз
249,Familie::N,familie,жанұя
250,Großvater::N,bestefar,ата
251,Großmutter::N,bestemor,әже
252,Großmutter::N,bestemor,әжей
253,Eltern::N,foreldre,ата-аналар
254,Vater::N,far,әке
255,Mutter::N,mor,ана
256,Sohn::N,sønn,ұл
257,Tochter::N,datter,қызым
258,Bruder::N,bror,бауырым
259,Schwester::N,søster,әпке
260,Onkel::N,onkel,көке
261,Tante::N,tante,тәте
262,Ehemann::N,ektemann,ер
263,Ehefrau::N,hustru,зайып
264,Freude::N,glede,қуаныш
265,Freude::N,glede,сүйініш
266,Freude::N,glede,шат-думан
267,Freude::N,glede,қуаныштылық
268,Gelächter::N,latter,күлу
269,Glück::N,lykke,бақыт
270,Glück::N,lykke,бақыттылық
271,Kummer::N,sorg,аза
272,Kummer::N,sorg,қайғы
273,Kummer::N,sorg,қасырет
274,Wunsch::N,ønske,мүдде
275,Lust::N,lyst,тәбет
276,Lust::N,lyst,ынтызар
277,Lust::N,lyst,құштарлық
278,Geist::N,ånd,рух
279,Gedanke::N,tanke,ой
280,Gedächtnis::N,minne,ес
281,Gedächtnis::N,minne,жады
282,Gedächtnis::N,minne,ақыл-ес
283,Gedächtnis::N,hukommelse,ес
284,Gedächtnis::N,hukommelse,жады
285,Gedächtnis::N,hukommelse,ақыл-ес
286,Verstand::N,forstand,ақыл
287,Verstand::N,forstand,парасат
288,Sinn::N,mening,мән
289,Sinn::N,mening,маныз
290,Sinn::N,mening,мағына
291,Sinn::N,mening,мән-мағына
292,Sinn::N,betydning,мән
293,Sinn::N,betydning,маныз
294,Sinn::N,betydning,мағына
295,Sinn::N,betydning,мән-мағына
296,Grund::N,grunn,себеп
297,Wahrheit::N,sannhet,рас
298,Gespräch::N,samtale,әңгіме
299,Märchen::N,eventyr,ертеп
300,Märchen::N,eventyr,ертек
301,Erzählung::N,fortelling,әңгіме
302,Nachricht::N,melding,хабар
303,Neuigkeit::N,nyhet,жаңалық
304,Name::N,navn,ат
305,Name::N,navn,атау
306,Rätsel::N,gåte,жұмбақ
307,Rede::N,tale,сөз
308,Sprache::N,språk,тіл
309,Stimme::N,stemme,үн
310,Stimme::N,stemme,әуен
311,Stimme::N,stemme,дауыс
312,Wort::N,ord,сөз
313,Zeichen::N,tegn,ишара
314,Ruf::N,rop,айғай
315,Lärm::N,bråk,айғай-шу
316,Lärm::N,bråk,айғай-ұйғай
317,Laut::N,lyd,дыбыс
318,Laut::N,lyd,дауыс
319,Ton::N,tone,әуен
320,Lied::N,vise,ән
321,Lied::N,vise,жыр
322,Lied::N,vise,ән-жыр
323,Ruhe::N,ro,тыныштық
324,Leute::N,folk,кісілер
325,Volk::N,folk,халық
326,Arbeit::N,arbeid,еңбек
327,Gast::N,gjest,қонақ
328,Gast::N,gjest,мейман
329,Geschenk::N,gave,қадия
330,Spiel::N,lek,ойын
331,Spiel::N,spill,ойын
332,Gesellschaft::N,selskap,қауым
333,Gesellschaft::N,selskap,жұртшылық
334,Hilfe::N,hjelp,жэрдем
335,Freund::N,venn,дос
336,Kamerad::N,kamerat,дос-жар
337,Angelegenheit::N,sak,жұмыс
338,Angelegenheit::N,anliggende,жұмыс
339,Anzahl::N,antall,сан
340,Anzahl::N,antall,саны
341,Art::N,art,түр
342,Art::N,slag,түр
343,Stück::N,stykke,тілім
344,Teil::N,del,үлес
345,Teil::N,del,бөлшек
346,Hälfte::N,halvdel,жарты
347,Kreis::N,ring,шеңбер
348,Kreis::N,sirkel,шеңбер
349,Kreuz::N,kors,крест
350,Kreuz::N,kryss,крест
351,Linie::N,linje,сызық
352,Strich::N,strek,сызық
353,Abstand::N,avstand,ара
354,Abstand::N,avstand,аралық
355,Entfernung::N,avstand,аралық
356,Gegend::N,strøk,өңір
357,Platz::N,plass,орны
358,Ort::N,sted,орын
359,Seite::N,side,жақ
360,Seite::N,side,бүйір
361,Mitte::N,midte,ортасы
362,Gegenstand::N,gjenstand,зат
363,Gegenstand::N,gjenstand,нәрсе
364,Sache::N,sak,бұйым
365,Rand::N,rand,шет
366,Rand::N,rand,шеті
367,Kante::N,kant,қыр
368,Kante::N,kant,қыры
369,Ecke::N,hjørne,қыры
370,Ecke::N,hjørne,бұрыш
371,Spitze::N,spiss,ұшы
372,Ende::N,ende,аяқ
373,Ende::N,ende,соңы
374,Loch::N,hull,тесік
375,Winkel::N,vinkel,мүйіс
376,Muster::N,mønster,мәнер
377,Größe::N,størrelse,ауқым
378,Größe::N,størrelse,көлемдік
379,Länge::N,lengde,бой
380,Länge::N,lengde,ұзындық
381,Höhe::N,høyde,жоғарылық
382,Höhe::N,høyde,биіктік
383,Gewicht::N,vekt,салмақ
384,Menge::N,mengde,мөлшер
385,Haufen::N,haug,үйме
386,Haufen::N,haug,үйінді
387,Haufen::N,bunke,үйме
388,Haufen::N,bunke,үйінді
389,Reihe::N,rekke,сап
390,Boot::N,båt,қайық
391,Ruder::N,åre,ескек
392,Schlitten::N,slede,шана
393,Schlitten::N,kjelke,шана
394,Ski::N,ski,шаңғы
395,Lagerfeuer::N,leirbål,алау
396,Last::N,bør,ауырлық
397,Last::N,bør,ауыр зат
398,Last::N,last,ауырлық
399,Last::N,last,ауыр зат
400,Gang::N,gang,жүріс
401,Schritt::N,steg,адым
402,Schritt::N,skritt,адым
403,Norden::N,nord,солтүстік
404,Norden::N,nord,терістік
405,Süden::N,sør,оңтүстік
406,Westen::N,vest,батыс
407,Osten::N,øst,күншығыс
408,Holz::N,tre,ағаш
409,Holz::N,tre,сүрек
410,Brett::N,fjøl,тақта
411,Brett::N,brett,тақта
412,Platte::N,plate,тақта
413,Stütze::N,støtte,тіреу
414,Stange::N,stang,қада
415,Stock::N,pinne,сойыл
416,Stab::N,stav,сырық
417,Stab::N,kjepp,сырық
418,Rohr::N,rør,құбыр
419,Haus::N,hus,үй
420,Heim::N,hjem,үйлі
421,Heim::N,hjem,шаңырақ
422,Ofen::N,ovn,ошақ
423,Ofen::N,ovn,пеш
424,Fußboden::N,gulv,еден
425,Tisch::N,bord,үстел
426,Stuhl::N,stol,орындық
427,Wiege::N,vogge,бесік
428,Bett::N,seng,кереует
429,Regal::N,reol,сөре
430,Regal::N,hylle,сөре
431,Kiste::N,kasse,жәшік
432,Fenster::N,vindu,терезе
433,Tür::N,dør,есік
434,Tor::N,port,дарбаза
435,Zaun::N,gjerde,дуал
436,Dach::N,tak,шатыр
437,Leiter::N,stige,саты
438,Leiter::N,stige,басқыш
439,Besen::N,kost,сыпырғыш
440,Spaten::N,spade,күрек
441,Schaufel::N,skuffe,қалақ
442,Gabel::N,gaffel,аша
443,Gabel::N,gaffel,шанышқы
444,Löffel::N,skje,қасық
445,Messer::N,kniv,пышақ
446,Nagel::N,spiker,мық
447,Nagel::N,spiker,шеге
448,Netz::N,nett,керегекөз
449,Haken::N,krok,ілмек
450,Griff::N,tak,сап
451,Griff::N,tak,тұтқа
452,Griff::N,håndtak,сап
453,Griff::N,håndtak,тұтқа
454,Schloss::N,lås,құлып
455,Schloss::N,lås,бекіткіш
456,Bild::N,bilde,сурет
457,Figur::N,figur,тұлға
458,Puppe::N,dukke,қуыршақ
459,Beutel::N,pose,қапшық
460,Bündel::N,bylt,байлам
461,Tasche::N,veske,дорба
462,Eimer::N,bøtte,шелек
463,Deckel::N,lokk,жапқыш
464,Geschirr::N,kjøkkentøy,ыдыс
465,Sack::N,sekk,қап
466,Tasse::N,kopp,шыныаяқ
467,Topf::N,gryte,кәстрөл
468,Kessel::N,kjele,қазан
469,Essen::N,mål,ас
470,Nahrung::N,mat,ас
471,Nahrung::N,mat,тамақ
472,Nahrung::N,næring,ас
473,Nahrung::N,næring,тамақ
474,Speise::N,matrett,тағам
475,Fleisch::N,kjøtt,ет
476,Getreide::N,korn,дәнді
477,Brei::N,grøt,ботқа
478,Brot::N,brød,күлше
479,Scheibe::N,skive,тілім
480,Fett::N,fett,май
481,Butter::N,smør,май
482,Öl::N,olje,май
483,Salz::N,salt,тұз
484,Suppe::N,suppe,көже
485,Honig::N,honning,бал
486,Milch::N,melk,сүт
487,Tee::N,te,шай
488,Leder::N,lær,көн
489,Leder::N,skinn,көн
490,Wolle::N,ull,жүн
491,Stoff::N,tøy,мата
492,Stoff::N,tøy,кездеме
493,Stoff::N,stoff,мата
494,Stoff::N,stoff,кездеме
495,Nadel::N,nål,ине
496,Faden::N,tråd,жіп
497,Knopf::N,knapp,түйме
498,Knoten::N,knute,түйін
499,Farbe::N,farge,рең
500,Kleidung::N,påkledning,киім
501,Hemd::N,skjorte,жейде
502,Kragen::N,krage,жаға
503,Ärmel::N,erme,жең
504,Hose::N,bukse,шалбар
505,Gürtel::N,belte,белбеу
506,Mütze::N,lue,қалпақ
507,Schuh::N,sko,кебіс
508,Stiefel::N,støvel,етік
509,Ring::N,ring,жүзік
510,Band::N,band,таспа
511,Kamm::N,kam,тарақ
512,Spiegel::N,speil,айна
513,Riemen::N,rem,қайыс
514,Schnur::N,snor,жіп
515,Leine::N,line,тізгін
516,Decke::N,teppe,көрпе
517,Kissen::N,pute,жастық
518,Tuch::N,tøy,орамал
519,Handtuch::N,håndkle,сүлгі
520,Kraft::N,kraft,қуат
521,Kraft::N,kraft,қарқын
522,Kraft::N,kraft,әл-шама
523,Kraft::N,kraft,әл-дәрмен
524,Stärke::N,styrke,әл
525,Stärke::N,styrke,күш
526,Gesundheit::N,helse,денсаулык
527,Gesundheit::N,sunnhet,денсаулык
528,Krankheit::N,syke,ауру
529,Krankheit::N,sykdom,ауру
530,Schmerz::N,smerte,ауру
531,Wunde::N,sår,зақым
532,Wunde::N,sår,жарақат
533,Fieber::N,feber,безгек
534,Fieber::N,feber,қалтырау
535,Fieber::N,feber,қызу көтерілуі
536,Arznei::N,medisin,дәрі
537,Arznei::N,medisin,дәрі-дәрмек
538,Arznei::N,legemiddel,дәрі
539,Arznei::N,legemiddel,дәрі-дәрмек
540,Brücke::N,bro,көпір
541,Brunnen::N,brønn,құдық
542,Weide::N,beite,өріс
543,Weide::N,beite,жайылым
544,Pfad::N,sti,жол
545,Weg::N,vei,жол
546,Straße::N,gate,жол
547,Dorf::N,landsby,ауыл
548,Stadt::N,by,қала
549,Stadt::N,by,шаһар
550,Brief::N,brev,хат
551,Brief::N,brev,жазу
552,Buch::N,bok,кітап
553,Buchstabe::N,bokstav,әріп
554,Buchstabe::N,bokstav,қаріп
555,Zeitung::N,avis,газет
556,Leben::N,liv,өмір
557,Leben::N,liv,тіршілік
558,Tod::N,død,опат
559,Grab::N,grav,мола
560,Grab::N,grav,мазар
561,Kirche::N,kirke,шіркеу
562,Sünde::N,synd,күнә
563,Gott::N,gud,алла
564,Gott::N,gud,құдай
565,Gott::N,gud,тәңірі
566,Gott::N,gud,пәруардігер
567,Gott::N,gud,жаратқан тәңірі
568,Arbeiter::N,arbeider,жүмысшы
569,Chef::N,sjef,басшы
570,Chef::N,sjef,жұмыс басқарушысы
571,Meister::N,mester,шебер
572,Meister::N,mester,өнерпаз
573,Arzt::N,lege,дәрігер
574,Lehrer::N,lærer,мұғалім
575,Geld::N,penger,пұл
576,Geschäft::N,forretning,бизнес
577,Laden::N,butikk,дүкен
578,Preis::N,pris,ақы
579,Preis::N,pris,құны
580,Preis::N,pris,нарық
581,Ware::N,vare,тауар
582,Nutzen::N,nytte,пайда
583,Reichtum::N,rikdom,бақ-дәулет
584,Welt::N,verden,әлем
585,Welt::N,verden,жиһан
586,Land::N,land,аймақ
587,Staat::N,stat,мемлекет
588,König::N,konge,патша
589,Macht::N,makt,өкімет
590,Macht::N,makt,қожалық
591,Grenze::N,grense,шек
592,Krieg::N,krig,соғыс
593,Feind::N,fiende,жау
594,Feind::N,fiende,дұшпан
595,Gewalt::N,vold,зорлык
596,Gewalt::N,vold,зорлық-зомбылык
597,Kampf::N,kamp,күрес
598,Kampf::N,kamp,алыспақ
599,Bogen[Waffe]::N,bue,саржа
600,Pfeil::N,pil,жебе
601,Gewehr::N,gevær,қару
602,Fehler::N,feil,әбес
603,Fehler::N,feil,қаталық
604,Lüge::N,løgn,өтірік
605,Schaden::N,skade,зиян
606,Schaden::N,skade,зарар
607,Unglück::N,uhell,пәле
608,Unglück::N,uhell,қасырет
609,Unglück::N,uhell,ауыртпалық
610,Schuld::N,skyld,айыптылық
611,Alter::N,alder,жас
612,Alter::N,alder,жас шамасы
613,Schluss::N,slutt,ада
614,Schluss::N,slutt,бітуі
615,Zeit::N,tid,уақыт
616,Tag::N,dag,күн
617,Morgen::N,morgen,таң
618,Morgen::N,morgen,таңертең
619,Mittag::N,middag,талтүс
620,Abend::N,aften,кеш
621,Nacht::N,natt,түн
622,Woche::N,uke,апта
623,Monat::N,måned,ай
624,Jahr::N,år,жыл
625,Frühling::N,vår,көктем
626,Sommer::N,sommer,жаз
627,Herbst::N,høst,күз
628,Winter::N,vinter,қыс
629,Januar::N,januar,каңтар
630,Februar::N,februar,ақпан
631,März::N,mars,наурыз
632,April::N,april,сәуір
633,Mai::N,mai,мамыр
634,Juni::N,juni,маусым
635,Juli::N,juli,шілде
636,August::N,august,сүмбіле
637,August::N,august,тамыз
638,September::N,september,қыркүйек
639,Oktober::N,oktober,ақырап
640,November::N,november,қараша
641,Dezember::N,desember,желтоқсан
642,Montag::N,mandag,дүйсенбі
643,Dienstag::N,tirsdag,сейсенбі
644,Mittwoch::N,onsdag,сәрсенбі
645,Donnerstag::N,torsdag,бейсенбі
646,Freitag::N,fredag,жұма
647,Samstag::N,lørdag,сенбі
648,Sonntag::N,søndag,жексембі
649,groß::A,stor,алпамсадай
650,klein::A,liten,кішкене
651,klein::A,liten,қарғадай
652,lang::A,lang,сопақ
653,lang::A,lang,сорайған
654,kurz::A,kort,кеспелтек
655,breit::A,bred,айдынды
656,schmal::A,smal,қысық
657,dicht::A,tett,жиі
658,dick[Gegenstand]::A,tykk,шомбал
659,dünn::A,tynn,жұқа
660,dünn::A,tynn,жіңішке
661,fein::A,fin,қаңылтақ
662,fest::A,fast,берік
663,fest::A,fast,мызғымас
664,flach::A,flat,жалпак
665,glatt::A,glatt,типыл
666,hart::A,hard,қатты
667,weich::A,myk,жұмсақ
668,weich::A,bløt,жұмсақ
669,rund::A,rund,домалақ
670,spitz::A,spiss,үшкір
671,scharf::A,kvass,сүйрік
672,stumpf::A,stubb,доғал
673,stumpf::A,stubb,өтпейтін
674,schwer::A,tung,салмақты
675,schön::A,pen,сұлу
676,schön::A,vakker,сұлу
677,heiß::A,het,ыссы
678,warm::A,varm,жылы
679,kalt::A,kald,аязды
680,kühl::A,kjølig,салқын
681,frisch::A,fersk,таза
682,frisch::A,fersk,жаңа
683,feucht::A,fuktig,нам
684,feucht::A,fuktig,дымқылды
685,nass::A,våt,сулы
686,trocken::A,tørr,құрғақ
687,voll::A,full,толы
688,leer::A,tom,бос
689,offen::A,åpen,ашып қойылған
690,geschlossen::A,lukket,жабулы
691,sauber::A,ren,дақсыз
692,sauber::A,ren,мұнтаздай
693,schmutzig::A,skitten,айғыз
694,schmutzig::A,skitten,сатпақ
695,schmutzig::A,skitten,сатал-сатал
696,roh::A,rå,шикі
697,reif::A,moden,піскен
698,lecker::A,lekker,дәмді
699,süß::A,søt,тәтті
700,bitter::A,besk,ащы
701,bitter::A,bitter,ащы
702,sauer::A,sur,қышқыл
703,hell::A,lys,жарық
704,hell::A,lys,жарқын
705,dunkel::A,mørk,қараңғы
706,schwarz::A,svart,қара
707,weiß::A,hvit,ақ
708,rot::A,rød,қызыл
709,gelb::A,gul,сары
710,blau::A,blå,көк
711,grün::A,grønn,жасыл
712,grau::A,grå,бозамық
713,bunt::A,broket,алабажак
714,billig::A,billig,арзан
715,teuer::A,dyr,бағалы
716,wertvoll::A,verdifull,құнды
717,wertvoll::A,verdifull,қымбат
718,blind::A,blind,көзсіз
719,blind::A,blind,көр
720,blind::A,blind,көр_соқыр
721,taub::A,døv,керең
722,taub::A,døv,саңырау
723,kräftig::A,kraftig,қуатты
724,kräftig::A,kraftig,қарымды
725,stark::A,sterk,білекті
726,schwach::A,svak,әлсіз
727,schwach::A,svak,күшсіз
728,schwach::A,svak,қайратсыз
729,fett::A,fet,семіз
730,schlank::A,slank,ашаң
731,hübsch::A,pen,ажарлы
732,hübsch::A,pen,шырайлы
733,böse::A,slem,өш
734,böse::A,slem,сұм
735,böse::A,slem,жауыз
736,dumm::A,dum,көкми
737,dumm::A,dum,ақымақ
738,dumm::A,dum,миы жоқ
739,faul::A,lat,жалқау
740,faul::A,lat,еріншек
741,faul::A,doven,жалқау
742,faul::A,doven,еріншек
743,fleißig::A,flittig,ұқыпты
744,geizig::A,gjerrig,сараң
745,klug::A,klok,жетік
746,klug::A,klok,ақылды
747,geschickt::A,hendig,шебер
748,geschickt::A,skikket,шебер
749,lieb::A,kjær,абзал
750,lieb::A,kjær,айналайын
751,lieb::A,snill,абзал
752,lieb::A,snill,айналайын
753,lustig::A,morsom,көңілді
754,sanft::A,blid,жуас
755,hungrig::A,sulten,аш
756,krank::A,syk,кеселді
757,nackt::A,naken,жалаңаш
758,traurig::A,sørgmodig,қапа
759,lebendig::A,levende,тірі
760,lebendig::A,levende,жанды
761,gut::A,god,жақсы
762,schlecht::A,dårlig,жаман
763,richtig::A,riktig,дұрыс
764,schlimm::A,slem,жаман
765,wahr::A,sann,нағыз
766,alt::A,gammel,ескі
767,neu::A,ny,жаңа
768,ehemalig::A,forhenværende,өткен
769,ehemalig::A,forhenværende,бұрынғы
770,alt[Lebewesen]::A,gammel,кексе
771,jung::A,ung,науша
772,arm::A,fattig,кедей
773,arm::A,fattig,дәулетсіз
774,reich::A,rik,малды
775,bekannt::A,kjent,таныс
776,bekannt::A,kjent,көзтаныс
777,berühmt::A,berømt,атақты
778,fremd::A,fremmed,бөтен
779,verschieden::A,forskjellig,түрлі
780,nah::A,nær,жуық
781,nah::A,nær,етене
782,fern::A,fjern,алыс
783,fern::A,fjern,алыстағы
784,linker::A,venstre,сол
785,linker::A,venstre,солшыл
786,rechter::A,høyre,оң
787,anderer::A,annen,өзге
788,anderer::A,annen,былайғы
789,erster::A,første,алғашқы
790,zweiter::A,annen,екінші
791,dritter::A,tredje,үшінші
792,letzter::A,sist,артқы
793,letzter::A,sist,кейінгі
794,allein::ADV,alene,серіксіз
795,auf einmal::ADV,med ett,бірден
796,zusammen::ADV,sammen,бірлесіп
797,lange::ADV,lenge,ұзақ
798,plötzlich::ADV,plutselig,кенет
799,sofort::ADV,straks,әне-міне дегенше
800,später::ADV,senere,артынан
801,jetzt::ADV,nå,енді
802,jetzt::ADV,nå,қазір
803,heute::ADV,i dag,бүгін
804,morgen::ADV,i morgen,ертең
805,bald::ADV,snart,тез
806,dann::ADV,så,онан соң
807,dann::ADV,så,сонан соң
808,gestern::ADV,i går,кеше
809,einst::ADV,engang,бірде
810,einst::ADV,engang,бір кезде
811,damals::ADV,den gang,анада
812,danach::ADV,deretter,онан соң
813,danach::ADV,deretter,сонан соң
814,vorher::ADV,før,бұрын
815,vorher::ADV,i forveien,бұрын
816,zuerst::ADV,først,әуелі
817,zuerst::ADV,først,алдымен
818,einmal::ADV,en gang,бір жолы
819,manchmal::ADV,somme tider,кейде
820,oft::ADV,ofte,ылғи
821,immer::ADV,alltid,өнебойы
822,niemals::ADV,aldri,ешуақытта
823,hier::ADV,her,бұнда
824,hier::ADV,her,осында
825,hierhin::ADV,hit,бермен
826,von hier::ADV,herfra,бер жақтан
827,dort::ADV,der,анда
828,dorthin::ADV,dit,әрі
829,geradeaus::ADV,rett fram,тура
830,vorwärts::ADV,fram,ілгері
831,vorwärts::ADV,framover,ілгері
832,rückwärts::ADV,baklengs,артқа
833,zurück::ADV,tilbake,кейін қарай
834,unten::ADV,nede,төменде
835,hinab::ADV,ned,астына
836,hinab::ADV,ned,төмен
837,hinab::ADV,nedover,астына
838,hinab::ADV,nedover,төмен
839,oben::ADV,oppe,жоғарыда
840,oben::ADV,ovenpå,жоғарыда
841,hinauf::ADV,opp,өрге
842,hinauf::ADV,oppover,өрге
843,überall::ADV,overalt,әрқайда
844,nicht::ADV,ikke,емес
845,ein wenig::ADV,litt,азырақ
846,ein wenig::ADV,litt,аздаған
847,ein wenig::ADV,litt,азғантай
848,kaum::ADV,neppe,зорға
849,sehr::ADV,svært,орасан
850,so::ADV,så,бұлай
851,so::ADV,så,былайша
852,noch::ADV,enda,әлі
853,nur::ADV,bare,ғана
854,schon::ADV,alt,түге
855,schon::ADV,allerede,түге
856,wieder::ADV,igjen,жаңа
857,wieder::ADV,igjen,қайта
858,wieder::ADV,igjen,жаңадан
859,vergebens::ADV,forgjeves,бекер
860,vor::PRP,foran,алды
861,vor::PRP,utenfor,алды
862,hinter::PRP,bak,артынан
863,hinter::PRP,bakom,артынан
864,unter::PRP,under,түп
865,unter::PRP,under,маңында
866,durch::PRP,gjennom,арқылы
867,durch::PRP,igjennom,арқылы
868,neben::PRP,ved siden av,іргеде
869,neben::PRP,ved siden av,жанында
870,zwischen::PRP,mellom,арада
871,wegen::PRP,på grunn av,үшін
872,dies::PRN,dette,бұ
873,dies::PRN,dette,осы
874,das::PRN,det,сол
875,alles::PRN,alt,дүйім
876,alles::PRN,alt,күллі
877,ich::PRN,jeg,мен
878,du::PRN,du,сен
879,er::PRN,han,ол
880,wir::PRN,vi,біз
881,ihr::PRN,dere,сіз
882,sie::PRN,de,олар
883,was::FPRN,hva,не
884,wer::FPRN,hvem,кім
885,wo::FADV,hvor,кәні
886,wo::FADV,hvor,қайда
887,wohin::FADV,hvor ... hen,қайда
888,wie::FADV,hvordan,калай
889,warum::FADV,hvorfor,неғып
890,wieviel::FNUM,hvor mye,неше
891,wieviel::FNUM,hvor mye,қанша
892,eins::NUM,en,бір
893,eins::NUM,ett,бір
894,zwei::NUM,to,екі
895,drei::NUM,tre,үш
896,vier::NUM,fire,төрт
897,fünf::NUM,fem,бес
898,sechs::NUM,seks,алты
899,sieben::NUM,sju,жеті
900,acht::NUM,åtte,сегіз
901,neun::NUM,ni,тоғыз
902,zehn::NUM,ti,он
903,elf::NUM,elleve,он бір
904,zwölf::NUM,tolv,он екі
905,zwanzig::NUM,tjue,жиырма
906,dreißig::NUM,tretti,отыз
907,vierzig::NUM,førti,қырық
908,fünfzig::NUM,femti,елу
909,sechzig::NUM,seksti,алпыс
910,siebzig::NUM,sytti,жетпіс
911,achtzig::NUM,åtti,сексен
912,neunzig::NUM,nitti,тоқсан
913,hundert::NUM,hundre,жүз
914,tausend::NUM,tusen,мың
915,und::CNJ,og,та
916,oder::CNJ,eller,әлде
917,oder::CNJ,eller,немесе
918,stehen::V,stå,тұру
919,sitzen::V,sitte,отыру
920,liegen::V,ligge,жату
921,hängen::V,henge,ілу
922,werden::V,bli,болу
923,werden::V,bli,түрегелу
924,passieren::V,skje,болу
925,passieren::V,hende,болу
926,beginnen::V,begynne,басталу
927,enden::V,ende,ада болу
928,enden::V,slutte,ада болу
929,wechseln::V,veksle,құбылу
930,wechseln::V,veksle,өзгеру
931,aufgehen[Sonne]::V,stå opp,шығу
932,untergehen[Sonne]::V,gå ned,батыру
933,scheinen[Sonne]::V,skinne,жылтырау
934,donnern::V,tordne,күркіреу
935,wehen::V,blåse,огып тур
936,strömen::V,strømme,сорғалау
937,fließen::V,flyte,ағу
938,sich drehen::V,dreie seg,айналу
939,schwanken::V,svaie,толықсу
940,schwingen::V,svinge,тербелу
941,fallen::V,falle,құлау
942,fallen::V,falle,жығылу
943,fallen::V,falle,төмендеу
944,brennen::V,brenne,жану
945,rauchen::V,ryke,түтету
946,regnen::V,regne,жауу
947,gefrieren::V,fryse,мұздай қату
948,gefrieren::V,fryse,мұз боп қату
949,tauen::V,tine,жібу
950,schmelzen::V,smelte,еру
951,trocknen::V,tørre,курау
952,sieden::V,koke,қайнау
953,faulen::V,råtne,иістену
954,verfaulen::V,råtne,шіру
955,reißen::V,briste,жыртылу
956,versinken::V,synke,малтығу
957,versinken::V,synke ned,малтығу
958,vergehen::V,forløpe,өту
959,erscheinen::V,synes,көріну
960,erscheinen::V,synes,көрініп қалу
961,verschwinden::V,forsvinne,ғайып_болу
962,sinken::V,synke,ылдилау
963,sinken::V,synke,төмендеу
964,abnehmen::V,avta,кемітілу
965,abnehmen::V,minske,кемітілу
966,zunehmen::V,tilta,көбею
967,steigen::V,stige,қобу
968,steigen::V,stige,көтерілу
969,steigen::V,stige,жоғарылау
970,wachsen::V,gro,өсу
971,wachsen::V,vokse,өсу
972,glänzen::V,skinne,жалтырау
973,funkeln::V,tindre,жарқырау
974,funkeln::V,tindre,нұрлану
975,funkeln::V,tindre,жылтылдау
976,lärmen::V,bråke,шулау
977,lärmen::V,bråke,шуылдау
978,läuten::V,ringe,қоңыраулату
979,klingeln::V,ringe,дыңғырлау
980,klirren::V,klirre,дыңылдату
981,brausen::V,bruse,тасу
982,rauschen::V,suse,сусылдау
983,rauschen::V,suse,сыбдырлау
984,klingen::V,lyde,дыбыс шығару
985,klingen::V,klinge,дыбыс шығару
986,bellen::V,gjø,үру
987,bellen::V,bjeffe,үру
988,heulen::V,ule,ұлу
989,blasen::V,blåse,үру
990,pfeifen::V,plystre,ысқыру
991,schreien::V,skrike,шыңғыру
992,schreien::V,skrike,айғайлау
993,schreien::V,skrike,байбайлау
994,schreien::V,skrike,бажалақтау
995,stöhnen::V,stønne,ыңырсу
996,stöhnen::V,stønne,ыңкылдау
997,zittern::V,dirre,қалш
998,zittern::V,dirre,қалшылдату
999,zittern::V,skjelve,қалш
1000,zittern::V,skjelve,қалшылдату
1001,leben::V,leve,жасау
1002,leben::V,leve,күнелту
1003,leben::V,leve,күн көру
1004,leben::V,leve,тіршілік ету
1005,geboren werden::V,fødes,туу
1006,atmen::V,ånde,дем алу
1007,atmen::V,ånde,ауа жұту
1008,atmen::V,puste,дем алу
1009,atmen::V,puste,ауа жұту
1010,trinken::V,drikke,ішу
1011,trinken::V,drikke,ұрттау
1012,essen::V,spise,жеу
1013,essen::V,spise,тамақтану
1014,schlucken::V,svelge,жұту
1015,müde werden::V,bli trett,болдыру
1016,einschlafen::V,sovne,үйыктап калу
1017,schlafen::V,sove,ұйықтау
1018,aufwachen::V,våkne,ояну
1019,aufstehen::V,stå opp,ояну
1020,sich erholen::V,bli bra,тынығу
1021,sich erholen::V,komme seg,тынығу
1022,krank werden::V,bli syk,кеселдену
1023,krank werden::V,bli syk,сырқаттану
1024,krank werden::V,bli syk,ауырып қалу
1025,krank werden::V,bli syk,ауыра бастау
1026,krank werden::V,bli syk,кеселге ұшырау
1027,krank werden::V,bli syk,сырқаттанып қалу
1028,krank sein::V,være syk,ауыру
1029,krank sein::V,være syk,сырқаттану
1030,schmerzen::V,gjøre vondt,ауырады
1031,husten::V,hoste,жөтелу
1032,genesen::V,komme seg,айығу
1033,sterben::V,dø,өлу
1034,sterben::V,dø,қайтыс
1035,sterben::V,dø,жантапсыру
1036,umkommen::V,omkomme,өлу
1037,umkommen::V,omkomme,қаза табу
1038,sich bewegen::V,bevege seg,жылжу
1039,sich rühren::V,røre på seg,қыбырлау
1040,sich erheben::V,reise seg,тұру
1041,sich setzen::V,sette sig,отыру
1042,hinfallen::V,falle over ende,жығылу
1043,laufen::V,løpe,жояу жүру
1044,schreiten::V,skride,кадамдау
1045,spazierengehen::V,spasere,қыдыру
1046,spazierengehen::V,gå en tur,қыдыру
1047,eilen::V,ile,асығу
1048,eilen::V,ile,жеделдену
1049,eilen::V,ile,жедепдеу
1050,sich beeilen::V,skynde seg,асығу
1051,sich beeilen::V,skynde seg,жеделдену
1052,sausen::V,suse,заулау
1053,rennen::V,løpe,жүгіру
1054,springen::V,hoppe,секіру
1055,springen::V,springe,секіру
1056,klettern::V,klatre,өрмелеп шығу
1057,schaukeln::V,huske,тербелу
1058,kriechen::V,krype,еңбектеу
1059,schwimmen::V,svømme,жүзу
1060,schwimmen::V,svømme,малту
1061,schwimmen::V,svømme,қалықтау
1062,tauchen::V,dykke,сүңгу
1063,rudern::V,ro,есу
1064,fahren::V,kjøre,бару
1065,fliegen::V,fly,ұшу
1066,gehen::V,gå,бару
1067,weggehen::V,gå bort,кету
1068,abfahren::V,reise,жөнелу
1069,anhalten::V,stanse,тоқтау
1070,hineingehen::V,gå inn,кіру
1071,eintreten::V,tre inn,ену
1072,kommen::V,komme,жету
1073,ankommen::V,ankomme,келу
1074,ankommen::V,komme til,келу
1075,zurückkommen::V,komme tilbake,қайту
1076,bleiben::V,bli,қалу
1077,bleiben::V,forbli,қалу
1078,warten::V,vente,тосу
1079,erwarten::V,vente,күту
1080,suchen::V,søke,іздеу
1081,finden::V,finne,табу
1082,versuchen::V,prøve,талпыну
1083,versuchen::V,forsøke,талпыну
1084,vorbereiten::V,forberede,әзірлеу
1085,lieben::V,elske,сүю
1086,mögen::V,like,жарату
1087,mögen::V,like,жақсы_көру
1088,lachen::V,le,күлу
1089,lachen::V,le,күлісу
1090,rühren::V,røre,көңілін бұзу
1091,weinen::V,gråte,жылау
1092,schimpfen::V,skjelle,ақырып-бақыру
1093,sich ärgern::V,ergre seg,ашулану
1094,sich fürchten::V,være redd,сескену
1095,fürchten::V,være redd for,қауіптену
1096,fürchten::V,være redd for,сақсыну
1097,fliehen::V,rømme,қашу
1098,fliehen::V,rømme,қашып кету
1099,fliehen::V,flykte,қашу
1100,fliehen::V,flykte,қашып кету
1101,flüchten::V,flykte,қашу
1102,flüchten::V,flykte,қашып кету
1103,sehen::V,se,көру
1104,anschauen::V,se på,назар салу
1105,anschauen::V,betrakte,назар салу
1106,ansehen::V,anse,тамашалау
1107,hören::V,høre,есту
1108,zuhören::V,tilhøre,тыңдау
1109,zuhören::V,tilhøre,құлақ қою
1110,probieren::V,smake,тату
1111,probieren::V,smake,дәм тату
1112,probieren::V,smake på,тату
1113,probieren::V,smake på,дәм тату
1114,riechen::V,lukte,иіскеу
1115,fühlen::V,føle,сезу
1116,fühlen::V,føle,сезіну
1117,scheinen::V,se ut,болып көріну
1118,zu sehen sein::V,synes,көріну
1119,vernehmen::V,få vite,есту
1120,vernehmen::V,få vite,есітіп қалу
1121,frieren::V,fryse,тоңу
1122,frieren::V,fryse,жаурау
1123,tun::V,gjøre,ету
1124,tun::V,gjøre,істеу
1125,können::V,kunne,білу
1126,wollen::V,ville,қалау
1127,anfangen::V,begynne,бастау
1128,beenden::V,avslutte,бітіру
1129,beenden::V,avslutte,адақтау
1130,beenden::V,avslutte,тамамдау
1131,beenden::V,avslutte,аяқтап шығу
1132,aufhören::V,slutte,доғару
1133,aufhören::V,holde opp,доғару
1134,gelingen::V,lykkes,жолы түсу
1135,geraten::V,bli,калу
1136,öffnen::V,åpne,ашу
1137,öffnen::V,åpne,ашып қою
1138,schließen::V,lukke,жабу
1139,schließen::V,stenge,жабу
1140,stellen::V,stille,қою
1141,stellen::V,stille,қойдыру
1142,setzen::V,sette,отырғызу
1143,legen::V,legge,салу
1144,legen::V,legge,калау
1145,berühren::V,berøre,тию
1146,verbinden::V,forbinde,байлап алу
1147,verbinden::V,forbinde,сабақтастыру
1148,bedecken::V,dekke,бүркеу
1149,aufhängen::V,henge,ілу
1150,aufhängen::V,henge,асып қою
1151,aufhängen::V,henge opp,ілу
1152,aufhängen::V,henge opp,асып қою
1153,anzünden::V,tenne,тұтату
1154,anzünden::V,antenne,тұтату
1155,anzünden::V,tenne på,тұтату
1156,aufheben::V,løfte,көтеру
1157,aufheben::V,ta opp,көтеру
1158,zurücklassen::V,slippe tilbake,қалдыру
1159,verlieren::V,miste,жоғалту
1160,fallen lassen::V,droppe,құлатып алу
1161,fallen lassen::V,droppe,қолдан түсіріп алу
1162,fallen lassen::V,la falle,құлатып алу
1163,fallen lassen::V,la falle,қолдан түсіріп алу
1164,machen::V,lage,ету
1165,machen::V,lage,жасау
1166,machen::V,lage,жасап шығару
1167,machen::V,gjøre,ету
1168,machen::V,gjøre,жасау
1169,machen::V,gjøre,жасап шығару
1170,herstellen::V,fremstille,жасап шығару
1171,bauen::V,bygge,тұрғызу
1172,reparieren::V,reparere,оңдау
1173,verbessern::V,rette,дұрыстау
1174,verbessern::V,forbedre,дұрыстау
1175,ändern::V,forandre,өзгерту
1176,graben::V,grave,үңгу
1177,beugen::V,bøye,буғу
1178,biegen::V,bøye,ию
1179,biegen::V,bøye,майыстыру
1180,drehen::V,dreie,айналдыру
1181,wenden::V,vende,екінші жағын айналдыру
1182,umdrehen::V,snu,бұру
1183,heben::V,heve,көтеру
1184,hochheben::V,løfte,жоғарылату
1185,hochheben::V,løfte,көтеру
1186,ergreifen::V,gripe,бас_салу
1187,ergreifen::V,gripe,шап_беріп_ұстап_алу
1188,ergreifen::V,gripe,шап_беру
1189,ergreifen::V,gripe,шап_ете_түсу
1190,ergreifen::V,få tak i,бас_салу
1191,ergreifen::V,få tak i,шап_беріп_ұстап_алу
1192,ergreifen::V,få tak i,шап_беру
1193,ergreifen::V,få tak i,шап_ете_түсу
1194,halten::V,holde,тұту
1195,halten::V,holde,ұстау
1196,drücken::V,trykke,басу
1197,schieben::V,skyve,итеру
1198,kratzen::V,klø,қыру
1199,kratzen::V,klore,қыру
1200,lecken::V,slikke,жалау
1201,beißen::V,bite,қабу
1202,beißen::V,bite,тістеу
1203,beißen::V,bite,қауып алу
1204,abreißen::V,rive av,үзу
1205,abschneiden::V,skjære av,қырқу
1206,binden::V,binde,байланыстыру
1207,binden::V,binde,байлап_алу
1208,binden::V,binde,байластыру
1209,binden::V,binde,байлау
1210,binden::V,binde,буу
1211,binden::V,binde,матау
1212,binden::V,binde,сабақтастыру
1213,binden::V,binde,ұштастыру
1214,stecken::V,stikke,сұғу
1215,brechen::V,bryte,сындыру
1216,brechen::V,briste,сындыру
1217,klopfen::V,banke,қағу
1218,hauen::V,hogge,соғу
1219,kleben::V,klistre,желімдеу
1220,reiben::V,gni,үйкеу
1221,streichen::V,stryke,сүйкеу
1222,schleifen::V,slipe,егеу
1223,schleifen::V,slipe,қайрау
1224,schleifen::V,slipe,егеулеу
1225,schneiden::V,klippe,кесу
1226,rütteln::V,ruske,қозғау
1227,rütteln::V,ruske,жұлмалау
1228,schütteln::V,riste,дірілдету
1229,schütteln::V,riste,селкілдету
1230,schwenken::V,svinge,бұлғау
1231,schwenken::V,svinge,сермеу
1232,schütten::V,helle,құю
1233,füllen::V,fylle,толтыру
1234,einwickeln::V,vikle inn,орау
1235,tragen::V,bære,алып жүру
1236,schleppen::V,slepe,тарту
1237,ziehen::V,dra,тарту
1238,ziehen::V,trekke,тарту
1239,aufbewahren::V,oppbevare,сақтау
1240,aufbewahren::V,ta vare på,сақтау
1241,werfen::V,kaste,лақтыру
1242,fangen::V,fange,қармау
1243,fangen::V,fange,қағып алу
1244,packen::V,gripe,шап беру
1245,packen::V,gripe,шап ете түсу
1246,packen::V,gripe,шап беріп ұстап алу
1247,packen::V,gripe tak i,шап беру
1248,packen::V,gripe tak i,шап ете түсу
1249,packen::V,gripe tak i,шап беріп ұстап алу
1250,verstecken::V,gjemme,тығу
1251,verstecken::V,gjemme,жасыру
1252,teilen::V,dele,бөлу
1253,schicken::V,sende,жіберу
1254,bringen::V,bringe,әкелу
1255,bringen::V,bringe,алып келу
1256,hinzufügen::V,tilføye,қосу
1257,hinzufügen::V,tilføye,үстеу
1258,bekommen::V,få,алу
1259,erhalten::V,få,алмақ
1260,nehmen::V,ta,алу
1261,nehmen::V,ta,алмақ
1262,wählen::V,velge,таңдау
1263,auswählen::V,velge ut,екшеу
1264,auswählen::V,velge ut,саралау
1265,auswählen::V,velge ut,сұрыптау
1266,auswählen::V,velge ut,сайлап алу
1267,bewahren::V,bevare,сақтау
1268,behindern::V,hindre,оралғы болу
1269,behindern::V,forhindre,оралғы болу
1270,verderben::V,ødelegge,бүлдіру
1271,beschädigen::V,skade,бұзу
1272,zerbrechen::V,brekke i stykker,уату
1273,zerreißen::V,rive i stykker,жырту
1274,zerstören::V,ødelegge,қирату
1275,zerstören::V,ødelegge,талқандау
1276,verbrennen::V,brenne,өртеу
1277,verbrennen::V,brenne,жандыру
1278,verbrennen::V,brenne,өртеп жіберу
1279,verbrennen::V,brenne,жандырып жіберу
1280,verbrennen::V,brenne opp,өртеу
1281,verbrennen::V,brenne opp,жандыру
1282,verbrennen::V,brenne opp,өртеп жіберу
1283,verbrennen::V,brenne opp,жандырып жіберу
1284,geben::V,gi,беру
1285,reichen::V,rekke,беру
1286,schenken::V,forære,тарту
1287,schenken::V,skjenke,тарту
1288,versprechen::V,love,уәде беру
1289,wünschen::V,ønske,тілеу
1290,loben::V,rose,мақтау
1291,loben::V,rose,дәріптеу
1292,küssen::V,kysse,сүю
1293,wiegen::V,vogge,тербеу
1294,zudecken::V,dekke til,бүркеу
1295,wecken::V,vekke,ояту
1296,zeigen::V,vise,көрсету
1297,führen::V,føre,ерту
1298,führen::V,føre,жетектеу
1299,lehren::V,lære,оқыту
1300,unterrichten::V,undervise,оқыту
1301,aufziehen::V,oppdra,бағу
1302,leiten::V,lede,басқару
1303,leiten::V,lede,жетекшілік ету
1304,antreiben::V,drive på,асықтыру
1305,lassen::V,få til å,-ткізу
1306,lassen::V,få til å,мәжбүр ету
1307,einladen::V,be,шақыру
1308,einladen::V,invitere,шақыру
1309,vereinigen::V,forene,біріктіру
1310,vereinigen::V,forene,біріктіріп қою
1311,besuchen::V,besøke,кіріп шығу
1312,besuchen::V,besøke,барып шығу
1313,treffen::V,møte,кездесу
1314,treffen::V,treffe,кездесу
1315,sich versammeln::V,forsamles,топталу
1316,spielen::V,leke,ойнау
1317,spielen::V,spille,ойнау
1318,singen::V,synge,сайрау
1319,tanzen::V,danse,билеу
1320,sich trennen::V,skilles,айрылысу
1321,verlassen::V,forlate,тастау
1322,retten::V,redde,құтқару
1323,bewachen::V,bevokte,күзету
1324,schützen::V,verne,жақтау
1325,schützen::V,verne,жақтасу
1326,schützen::V,beskytte,жақтау
1327,schützen::V,beskytte,жақтасу
1328,verteidigen::V,forsvare,қорғау
1329,sich schlagen::V,slåss,алысу
1330,schießen::V,skyte,ату
1331,siegen::V,seire,жеңу
1332,ärgern::V,ergre,ашуландыру
1333,treten::V,sparke,тебу
1334,stechen::V,stikke,шаншу
1335,stoßen::V,støte,түрту
1336,stehlen::V,stjele,ұрлау
1337,stören::V,forstyrre,кесірлен
1338,belästigen::V,plage,мазасын алу
1339,belästigen::V,sjenere,мазасын алу
1340,verbergen::V,gjemme,сездірмеу
1341,täuschen::V,villede,жалған айту
1342,betrügen::V,bedra,алдау
1343,betrügen::V,bedra,алдап кету
1344,betrügen::V,bedra,ақымақ қылу
1345,töten::V,drepe,құрту
1346,töten::V,drepe,өлтіру
1347,wohnen::V,bo,мекендеу
1348,wohnen::V,bo,өмір сүру
1349,arbeiten::V,arbeide,істеу
1350,arbeiten::V,arbeide,еңбектену
1351,sammeln::V,samle,жыю
1352,pflücken::V,plukke,жұлу
1353,jagen::V,jage,аулау
1354,fischen::V,fiske,балык_аулау
1355,fassen::V,fange,ұстау
1356,hüten::V,vokte,жаю
1357,hüten::V,vokte,бағу
1358,treiben::V,drive,айдау
1359,anbinden::V,feste,байлау
1360,füttern::V,fore,ас ішкізу
1361,füttern::V,fore,азықтандыру
1362,füttern::V,fore,қоректендіру
1363,melken::V,melke,сауу
1364,hacken::V,hakke,турау
1365,gießen::V,helle,суару
1366,reifen::V,modne,жетілу
1367,zubereiten::V,lage,даяр ету
1368,zubereiten::V,tilberede,даяр ету
1369,kochen::V,koke,асу
1370,backen::V,bake,пісіру
1371,braten::V,steke,қуыру
1372,umrühren::V,røre om,былғалау
1373,umrühren::V,røre om,сапырылыстыру
1374,stricken::V,strikke,торлау
1375,stricken::V,strikke,тоқу
1376,nähen::V,sy,тігу
1377,färben::V,farge,бояу
1378,färben::V,farge,сырлау
1379,reinigen::V,rense,аршу
1380,reinigen::V,rense,тазалау
1381,reinigen::V,gjøre ren,аршу
1382,reinigen::V,gjøre ren,тазалау
1383,waschen::V,vaske,жуу
1384,abwischen::V,tørke av,сүрту
1385,spülen::V,spyle,шаю
1386,spülen::V,skylle,шаю
1387,fegen::V,feie,сыпыру
1388,kehren::V,koste,сыпыру
1389,baden::V,bade,шомылу
1390,sich waschen::V,vaske seg,жуыну
1391,ausziehen::V,ta av,шешу
1392,anziehen::V,ta på,кигізу
1393,sich anziehen::V,kle på seg,киіну
1394,kämmen::V,gre,тарау
1395,kämmen::V,kjemme,тарау
1396,schmücken::V,pynte,әсемдеу
1397,schmücken::V,pynte,мәнерлеу
1398,schmücken::V,pynte,көріктендіру
1399,schmücken::V,smykke,әсемдеу
1400,schmücken::V,smykke,мәнерлеу
1401,schmücken::V,smykke,көріктендіру
1402,sagen::V,si,деу
1403,sagen::V,si,айту
1404,sprechen::V,snakke,деу
1405,sprechen::V,snakke,айту
1406,reden::V,tale,сөйлеу
1407,reden::V,tale,сөйлесу
1408,reden::V,tale,тіл қатысу
1409,reden::V,snakke,сөйлеу
1410,reden::V,snakke,сөйлесу
1411,reden::V,snakke,тіл қатысу
1412,sich unterhalten::V,samtale,сұхбаттасу
1413,fragen::V,spørre,сұрау
1414,bitten::V,be,өтіну
1415,bitten::V,be,жалыну
1416,erzählen::V,fortelle,айту
1417,mitteilen::V,meddele,білдіру
1418,nennen::V,kalle,атау
1419,rufen::V,rope,шақыру
1420,prahlen::V,skryte,бөсу
1421,übersetzen::V,oversette,аудару
1422,denken::V,tenke,ойлау
1423,glauben::V,tro,нану
1424,glauben::V,tro,илану
1425,bemerken::V,bemerke,аңғару
1426,bemerken::V,legge merke til,аңғару
1427,erkennen::V,gjenkjenne,тану
1428,begreifen::V,begripe,ұғу
1429,begreifen::V,begripe,аңғарып алу
1430,verstehen::V,forstå,пайым
1431,verstehen::V,forstå,түсіну
1432,verstehen::V,skjønne,пайым
1433,verstehen::V,skjønne,түсіну
1434,lernen::V,lære,оқу
1435,wissen::V,vite,хабардар болу
1436,sich erinnern an::V,huske på,еске түсіру
1437,vergessen::V,glemme,ұмыту
1438,messen::V,måle,өлшеу
1439,zählen::V,telle,санау
1440,rechnen::V,regne,санап шығару
1441,rechnen::V,regne,санап шығу
1442,rechnen::V,regne,санау
1443,lesen::V,lese,оқу
1444,malen::V,male,сурет салу
1445,zeichnen::V,tegne,сурет салу
1446,schreiben::V,skrive,жазу
1447,besitzen::V,eie,болу
1448,besitzen::V,inneha,болу
1449,kaufen::V,kjøpe,алу
1450,kaufen::V,kjøpe,әперу
1451,verkaufen::V,selge,сату
1452,bezahlen::V,betale,төлеу
1453,bezahlen::V,betale,ақы беру
1454,bezahlen::V,betale,ақы төлеу
1455,zahlen::V,betale,төлеу
1456,beherrschen::V,beherske,билеу
1457,ertragen::V,orke,төзу
1458,ertragen::V,orke,шыдау
1459,schlagen::V,,ұру
