word	count
ne?	7187
efendim?	559
neredesin?	409
neden?	333
pardon?	325
kim?	287
alo?	276
merhaba?	270
evet?	268
nerede?	260
anlamadım?	259
ha?	233
sen?	224
?	206
baba?	184
anne?	180
nasıl?	154
nasılsın?	105
jack?	102
neyi?	88
tatlım?	78
niye?	75
affedersiniz?	64
nasılsınız?	62
nereye?	56
kimsiniz?	54
affedersin?	50
huh?	49
tamam?	47
şimdi?	46
hayır?	42
hannah?	39
anlayamadım?	37
ve?	34
nerdesin?	33
afedersin?	33
niçin?	32
neredeler?	32
n'aber?	32
kırmızı?	31
lütfen?	31
kimsin?	30
rachel?	30
summersisle?	30
kimi?	29
hı?	29
neresi?	28
david?	27
steve?	27
kahve?	26
hey?	26
walter?	26
ben?	25
duyamadım?	25
i̇ssa?	25
alice?	24
pete?	24
myoko?	24
neredesiniz?	23
tim?	23
ney?	22
rach?	22
çay?	21
neredeydin?	21
trent?	21
marilyn?	21
michael?	20
burası?	20
karen?	20
eh?	20
bayonne?	20
he?	20
şeyh?	20
{\i1\1ch00ffff}ne?	20
joe?	20
jackson?	20
çocuklar?	19
doktor?	19
gerçekten?	19
ne...?	18
cumartesi?	18
tania?	18
noah?	18
tom?	18
hmm?	17
nick?	17
yani?	17
lenny?	17
neye?	17
cooper?	17
hanginiz?	17
babacığım?	17
celia?	17
sarah?	16
sonra?	16
koruma?	16
katie?	16
matthew?	16
hazır?	16
antiseptik?	16
johnson?	16
pilot?	16
kime?	15
nne?	15
bebeğim?	15
alex?	15
senin?	14
kaç?	14
helpmann?	14
eminmisin?	14
ethan?	14
cq15?	14
spence?	14
anna?	14
daniel?	14
anneciğim?	14
franklin?	14
bayım?	13
i̇pucu?	13
angela?	13
bu?	13
hangisi?	13
uhura?	13
chekov?	13
sulu?	13
sakız?	13
nerelisin?	13
jules?	13
hm?	13
burada?	13
bunu?	13
janice?	13
miles?	13
marco?	13
vincent?	13
tony?	12
adını?	12
jennifer?	12
marcus?	12
johnny?	12
bambi?	12
albay?	12
tehlikeye?	12
benim?	12
thomas?	12
henry?	12
jess?	12
brittany?	12
mia?	12
mühendislik?	12
güldür?	11
maaş?	11
bayan?	11
mösyö?	11
neredeyiz?	11
mike?	11
timon?	11
başka?	11
sullivan?	11
acaba...?	11
iz?	11
trish?	11
napoleon?	11
neydi?	11
chrisko?	11
amelia?	11
i̇sim?	11
parker?	10
romanyalı?	10
shino?	10
elizabeth?	10
nasıi?	10
ya?	10
sam?	10
hanımefendi?	10
charlie?	10
müslüman?	10
rubin?	10
büyükanne?	10
andrew?	10
joel?	10
eddie?	10
selam?	10
tavuk?	10
graf'la?	10
ivan?	10
nina?	10
robin?	10
jimmy?	10
sammy?	10
cuma?	10
köpeğiniz?	10
majesteleri?	10
havacı?	10
harrison?	10
mindy?	10
{\pos(640,675)\blur2\bord1\fscy1\fscx150\t(\fscx200)}?	10
nereli?	9
parrish?	9
what?	9
wilson?	9
nerelerdeydin?	9
nesin?	9
amerikalılar?	9
i̇le?	9
munder?	9
paul?	9
arkadaşlarınla?	9
victoria?	9
c?	9
monica?	9
jan?	9
hayatın?	9
claire?	9
john?	9
mark?	9
edward?	9
steven?	9
adam?	9
jeremy?	9
i.ö.h.?	9
uyuşturucu?	9
haley?	9
yoksa?	9
grenouille?	9
kızlar?	9
nim?	9
may?	9
emma?	9
kamera?	9
julie?	9
altı?	9
ölmesini?	9
tivnan?	9
turnbull?	9
welsh?	9
{\pos(640,675)\bord0.667\blur3.333}?	9
bak?	8
i̇ki?	8
peder?	8
bob?	8
sid?	8
kimin?	8
neyin?	8
carl?	8
neredeydiniz?	8
oniki?	8
frankie?	8
supe?	8
yahudi?	8
ee?	8
sidney?	8
gale?	8
kimleri?	8
günbatımı?	8
londra?	8
n'oluyor?	8
teri?	8
rain?	8
noldu?	8
n'oldu?	8
klavyeler?	8
yemek?	8
june?	8
helen?	8
naber?	8
rick?	8
danny?	8
jim?	8
i̇nek?	8
sophia?	8
coll?	8
popo?	8
max?	8
i̇yimisin?	7
sessizce?	7
şef?	7
afedersiniz?	7
billy?	7
alkol?	7
tanka?	7
fbl?	7
hıh?	7
ah?	7
paran?	7
ray?	7
şuraya?	7
okyanus?	7
matty?	7
capote?	7
gandalf?	7
mara?	7
(nerede?	7
yamashitasan?	7
banyoda?	7
kiryk?	7
saklambaç?	7
nehir?	7
schimanski?	7
melman?	7
gloria?	7
em?	7
romantik?	7
ruby?	7
beauty?	7
umqra?	7
brian?	7
i̇çki?	7
kyle?	7
libby?	7
powerpoint?	7
i̇nşaat?	7
sean?	7
will?	7
chewie?	7
sally?	7
tahnitçilik?	7
krista?	7
dişlerini?	7
francine?	7
boi?	7
kontes?	7
şeftali?	7
britney?	7
joy?	7
rudy?	7
'holmes?	7
neşe?	7
kurtarma?	7
lewis?	6
biarritz?	6
pazarlama?	6
sence?	6
bürstner?	6
virginia?	6
emily?	6
hah?	6
kirk?	6
sandra?	6
sen...?	6
melvin?	6
kalemin?	6
kimler?	6
yunusla?	6
diane?	6
neee?	6
davies?	6
gilbert?	6
'şapşal?	6
150?	6
i̇spanya?	6
annen?	6
tyler?	6
dümen?	6
yelken?	6
esmeralda?	6
donnelly?	6
zigaretten?	6
üzgünüm?	6
nane?	6
nani?	6
hasta?	6
herkese?	6
nee?	6
nereyi?	6
süt?	6
siri?	6
saquê?	6
glow?	6
al?	6
tommy?	6
brad?	6
randall?	6
robot?	6
arthur?	6
buyur?	6
amfetaminler?	6
françoise?	6
albine?	6
kelli?	6
spencer?	6
cahill?	6
kima?	6
tulo?	6
tumi?	6
patron?	6
clark?	6
natsume?	6
reynivír'i?	6
nehring?	6
christine?	6
nathaniel?	6
hal?	6
stephen?	6
nate?	6
samuel?	6
julia?	6
graham?	6
peaches?	6
denizci?	6
mutlu?	6
dahl?	6
johnna?	6
aynsley?	6
musa?	6
staska?	6
ödev?	6
toma?	6
walsh?	6
gps?	6
primitivo?	5
william?	5
karı?	5
büyükbaba?	5
nerdesiniz?	5
ann?	5
griff?	5
yarın?	5
ted?	5
buttle?	5
freddy?	5
frank?	5
çikolata?	5
hayrola?	5
çukulata?	5
nişanlı?	5
gus?	5
marge?	5
sende?	5
buyrun?	5
senden?	5
heh?	5
balık?	5
hmmm?	5
onunla?	5
liam?	5
kadın?	5
pençe?	5
eve?	5
ağızlık?	5
bomba?	5
joshua?	5
lennie?	5
n'apıyorlar?	5
mutfağınkini?	5
dylan?	5
başak?	5
monsieur?	5
mineral?	5
commodus?	5
kabız?	5
lara?	5
muhasebeci?	5
lisa?	5
marmelat?	5
nemo?	5
şeytan?	5
"""penis""?"	5
kardeşine?	5
ahbap?	5
ftl?	5
jake?	5
patty?	5
country?	5
hamburger?	5
clucky's?	5
"""raisinette""?"	5
herpes?	5
annie?	5
hımm?	5
lugosi?	5
ş?	5
sue?	5
taşınmışsın?	5
koşrov?	5
obelisk?	5
karartma?	5
parola?	5
grundarhol'u?	5
james?	5
bongo?	5
mary?	5
nerdeydin?	5
okey?	5
neyim?	5
eli?	5
tanrı?	5
averill?	5
veronica?	5
chise?	5
vekilin?	5
nathan?	5
clint?	5
kasim?	5
figüranlar?	5
şiddet?	5
allerji?	5
willie?	5
marnie?	5
ayna?	5
chloe?	5
astrid?	5
kate?	5
tiffany?	5
mikey?	5
cam?	5
clonazepam?	5
ativan?	5
15?	5
abraham?	5
yürümek?	5
yurgie?	5
dinamo?	5
mimi?	4
çocuk?	4
peter?	4
altar?	4
stefanowski?	4
georgievsk'e?	4
chalmo...?	4
donna?	4
sara?	4
bowser?	4
clegg?	4
margaret?	4
köpek?	4
menajersin?	4
bill?	4
oxo?	4
maddy?	4
kadınlar?	4
doris?	4
dayanabilirmisin?	4
resimler?	4
koç?	4
daha?	4
nasıldı?	4
leo?	4
mm?	4
numara?	4
patch?	4
charown?	4
ashe?	4
nedir?	4
nerde?	4
kahvaltı?	4
lardner?	4
tamammı?	4
eee?	4
kenny?	4
gabrielle?	4
grace?	4
right?	4
tuvalet?	4
sheikh?	4
hello?	4
sors'dan?	4
birazcık?	4
kahretsin,nerede?	4
heinkel?	4
marisa?	4
silahlar?	4
harry?	4
j.j.?	4
leslie?	4
paula?	4
phil?	4
arturo?	4
seth?	4
9l49?	4
silvia?	4
elendim?	4
leonie?	4
lars?	4
ghost?	4
brigitte?	4
(merhaba?	4
ronon?	4
neredesizniz?	4
yakınlık?	4
başkası?	4
kabakulak?	4
homo?	4
hawk?	4
toplantı?	4
tair?	4
eureka?	4
siegfried?	4
kimmiş?	4
jaekyung?	4
aquaman?	4
skills?	4
bevin?	4
real?	4
rita?	4
shane?	4
thor?	4
50?	4
jarrod?	4
pantolon?	4
tekrarla?	4
levye?	4
mengene?	4
iyimisin?	4
jorel?	4
claudette?	4
spike?	4
camille?	4
owen?	4
bruno?	4
yakışıklı?	4
beyaz?	4
siyah?	4
wiggs?	4
şakacıktan?	4
yezid?	4
jenniffer?	4
jessica?	4
job?	4
lily?	4
marshall?	4
söyle?	4
nerdeler?	4
reese?	4
wes?	4
romantizm?	4
nasil?	4
cole?	4
ryan?	4
dean?	4
yoshiyamakun?	4
mitchell?	4
barbie?	4
seninki?	4
başkan?	4
kousaka?	4
sebastian?	4
eeee?	4
dick?	4
(?	4
rin?	4
anahtar?	4
kanatlar?	4
problem?	4
mühürler?	4
dört?	4
molly?	4
dave?	4
gözleme?	4
merlin?	4
30?	4
amber?	4
isaac?	4
laila?	4
i̇sa?	4
ellie?	4
christina?	4
ambrose?	4
charlene?	4
soos?	4
veer?	4
i̇letişimler?	4
tıbbî?	4
lucas?	4
lydia?	4
i̇letişim?	4
angel?	4
patatesini?	4
puro?	3
siz?	3
adın?	3
yemekleri?	3
temmuzda?	3
para?	3
hay?	3
agnes?	3
adınız?	3
dan?	3
vittoria?	3
kolchin?	3
nimmo?	3
hıı?	3
yumurta?	3
pisicik?	3
quentin?	3
296?	3
telsizler?	3
779?	3
hamile?	3
hemingway?	3
freud?	3
hitler?	3
russel?	3
anladınız?	3
anderson?	3
susan?	3
solak?	3
n'oluyoruz?	3
jacob?	3
adres?	3
cidden?	3
louis?	3
öyleyse?	3
duyuyormusun?	3
nadia?	3
büyükannen?	3
kapan?	3
sağırmısın?	3
şerif?	3
trevor?	3
madeni?	3
house?	3
luigi?	3
benimleyken?	3
kaptan?	3
karısınınki?	3
diyabet?	3
char?	3
downey'ninkini?	3
lucy?	3
ally?	3
keane?	3
eğer?	3
kimmy?	3
i̇lişkiniz?	3
tifo?	3
nerelisiniz?	3
kanka?	3
billy'de?	3
kumanya?	3
mickey?	3
nami?	3
neeeeee?	3
verdiniz?	3
madam?	3
coby?	3
henüz?	3
ginger?	3
rosa?	3
haaa?	3
omürlü?	3
teyze?	3
toolan?	3
sefton?	3
o'connor?	3
makunouchi?	3
{\i1\1ch00ffff}nasıl?	3
gretchen?	3
prezervatifler?	3
sensei?	3
zack?	3
eminsin?	3
belleğini?	3
lorri?	3
jane?	3
morino...?	3
dövüştünüz?	3
patates?	3
kokteyl?	3
radyolara?	3
telefon?	3
kimdi?	3
roy?	3
şişiyor?	3
yaşasın?	3
hatırlıyormusun?	3
#deşebilirmisin?	3
fenomi?	3
yewon?	3
arkadaşın?	3
patti?	3
yoruichisan?	3
ne..?	3
gowa?	3
dondochakka?	3
pesche?	3
caleb?	3
asteğmen?	3
bunalım?	3
sheila?	3
fumisan?	3
doooougal?	3
marty?	3
harper?	3
daima?	3
aktris?	3
56?	3
kai?	3
odasında?	3
lupita?	3
nimmy?	3
ab?	3
mitsuko?	3
buyurun?	3
hiç?	3
bulamıyorum?	3
çiçekler?	3
burnun?	3
mack?	3
ashley?	3
neeeee?	3
mcgonigle?	3
aaron?	3
ike?	3
robert?	3
"""kuklacı""?"	3
oh?	3
sukyoung?	3
portmanto?	3
justin?	3
sekiutsukun?	3
sasuke?	3
anni?	3
eşcinselmisin?	3
cutter?	3
dale?	3
enerji?	3
theodore?	3
gozu?	3
rebecca?	3
'alo?	3
freddie?	3
çoraplar?	3
lezbiyen?	3
simit?	3
fanilayı?	3
george?	3
callahan?	3
mavi?	3
adı?	3
gözlerim?	3
ağzım?	3
yulin?	3
april?	3
biliyorsun?	3
brondin?	3
scott?	3
sophie?	3
greed?	3
konuşsana?	3
adrian?	3
myspace?	3
linkedin?	3
twitter?	3
aristo?	3
fliminadifiser?	3
depremleri?	3
yılanları?	3
allison?	3
kolon?	3
ağız?	3
gırtlak?	3
göğüs?	3
kalp?	3
pankreas?	3
beyin?	3
kemik?	3
cilt?	3
karides?	3
grabiela?	3
melly?	3
natha?	3
kodai?	3
brett?	3
cia?	3
kgb?	3
sgk?	3
silka?	3
laura?	3
natsuki?	3
tsukekun?	3
misebon?	3
ahırda?	3
caroline?	3
hanımlar?	3
abla?	3
myka?	3
greg?	3
mater?	3
tatildesin?	3
kurtadam?	3
81?	3
violet?	3
40?	3
ev?	3
babacım?	3
1060)}ne?	3
unni?	3
baling?	3
kara?	3
kimle?	3
carson?	3
neyimize?	3
bali?	3
honey?	3
debbie?	3
janpen?	3
johansen?	3
20?	3
dennis?	3
"""queenoa""?"	3
hindiizm?	3
amsterdam?	3
ed?	3
leela?	3
buras?	3
migren?	3
jinora?	3
mandy?	3
ateş?	3
rut?	3
uffe?	3
avitene?	3
liv?	3
dolar?	3
su?	3
kelly?	3
narcy?	3
gidelim?	3
cameron?	3
clara?	3
ernest?	3
samantha?	3
şerefin?	3
torna?	3
wash?	3
bunamayla?	3
bodruma?	3
sharp?	3
baban?	3
lucia?	3
heather?	3
erlich?	3
hanshireikan?	3
telgraf?	2
kibrit?	2
lastikler?	2
tamamen?	2
coşkulu?	2
kadercilik?	2
lance?	2
yaralamak?	2
korkutmak?	2
harding?	2
painter?	2
comedy?	2
annabella?	2
peki?	2
açlık?	2
simone?	2
dövüşler?	2
karin?	2
n?	2
güvenlik?	2
etmeyenler?	2
yalancılık?	2
haa?	2
hassan?	2
alma?	2
hemşire?	2
radyoyu?	2
que?	2
treece?	2
xena?	2
jones?	2
maddeselleşmesine?	2
dostların?	2
kronometre?	2
dünya?	2
yaa?	2
bonnie?	2
murdock?	2
nedenmiş?	2
necdet?	2
holmes?	2
çinli?	2
marley?	2
kacricon?	2
hani?	2
konu?	2
ali?	2
dax?	2
corbin?	2
howard?	2
luke?	2
çekiç?	2
keski?	2
ron?	2
jerry?	2
snapple?	2
hedeflemeci?	2
tracy?	2
börek?	2
silah?	2
saksafon?	2
elaine?	2
tansiyon?	2
kolesterol?	2
muskat?	2
şişko?	2
yetenek?	2
logan?	2
myra?	2
uly?	2
kim...?	2
fritz,saklanıyormusun?	2
valerie?	2
boynunda?	2
shinjikun?	2
"""kim?"	2
rumbo?	2
hiperlipidemya?	2
metronomu?	2
hall?	2
neredeyim?	2
jordan?	2
sandviç?	2
horst?	2
heejin?	2
morse?	2
tekrar?	2
bunlar...?	2
betsey?	2
zeyna?	2
maggie?	2
bea?	2
arbogast?	2
kain?	2
hharry?	2
aisha?	2
debra?	2
talyn?	2
gary?	2
ara?	2
nnniye?	2
bellemere?	2
trafalgar?	2
luffysan?	2
shshanks?	2
okama?	2
beyazsakal?	2
dduvarlar?	2
collins?	2
evans?	2
scully?	2
hükümet?	2
anlaşıldımı?	2
nasılız?	2
richie?	2
normal?	2
zangırdama?	2
manaka?	2
tamura?	2
sato?	2
tsuji?	2
{\i1\1ch00ffff}neden?	2
{\i1\1ch00ffff}hangisi?	2
limonata?	2
külah?	2
n'apıyorsun?	2
borçlumuyum?	2
e?	2
napıyorsun?	2
mirus?	2
burt?	2
i̇htiyar?	2
leon?	2
söylemedin?	2
demedin?	2
kamui?	2
asansör?	2
halüsinasyonlar?	2
nelle?	2
darla?	2
sfenks?	2
seks?	2
keith?	2
lavinia?	2
chad?	2
carpy?	2
sunny?	2
astsubay?	2
karabuğdayım?	2
zee?	2
kullanabilecekmisin?	2
tansy?	2
kızın?	2
aaa?	2
normaie?	2
sir?	2
kürekçiler?	2
sevgiliniz?	2
kaitlin?	2
komutanım?	2
mullin?	2
marguerite?	2
philippe?	2
ramon?	2
havaalanları?	2
kogenta?	2
ren?	2
maraine?	2
bobby?	2
geldikmi?	2
sandy?	2
balayı?	2
rocky?	2
taş?	2
kaya?	2
...var?	2
haro?	2
sımsıkı?	2
sevdinmi?	2
dougie?	2
tanrıya?	2
briggs?	2
annene?	2
momosan?	2
yumichika?	2
hakufuku?	2
narunosukekun?	2
abi?	2
inoue?	2
kitaplar?	2
albert?	2
chris?	2
eğlenceli?	2
zamanını?	2
i̇şin?	2
mikoto?	2
tate?	2
midorichan?	2
taciz?	2
mai?	2
duma?	2
alvey?	2
doğru?	2
zochor?	2
amca?	2
gülfize?	2
terrance?	2
70?	2
nniye?	2
nneye?	2
nokama?	2
[neredesin?	2
prenses?	2
jesse?	2
colin?	2
sookie?	2
sevmeye?	2
brooke?	2
tru?	2
—teröristler?	2
çakılıyor?	2
renton?	2
gekko?	2
nirvash?	2
sakal?	2
uhosuke?	2
beelzebub?	2
benkei?	2
karla?	2
grant?	2
zeig?	2
marian?	2
mici?	2
merrick?	2
nefalin?	2
hyunjung?	2
terry?	2
dürüstçe?	2
foote?	2
aloo?	2
frost?	2
i̇kimizle?	2
seksten?	2
kimbilir?	2
cheolsu?	2
shinpachikun?	2
sahne?	2
brit?	2
jenny?	2
koume?	2
bret?	2
turuncu?	2
makoto?	2
matt?	2
gaymisin?	2
çocuklara?	2
lilly?	2
yazıyormusun?	2
lökosit?	2
ipod?	2
crank?	2
marie?	2
hazel?	2
1.sınıf?	2
mel?	2
manish?	2
muoi?	2
gandhi?	2
varmadıkmı?	2
burke?	2
benten?	2
akamaru?	2
mantar?	2
penny?	2
jazz?	2
vegas?	2
hardison?	2
marschz?	2
enzo?	2
memleketime?	2
neha?	2
kunal?	2
cass?	2
pbj?	2
emmy?	2
sevgiye?	2
akane?	2
sturmbannführer?	2
abe?	2
oyun?	2
biraz?	2
peyniri?	2
saitamax?	2
bebo?	2
düğün?	2
eric?	2
evelyn?	2
jose?	2
hector?	2
erica?	2
rakı?	2
tesisatçı?	2
eevet?	2
motorlar?	2
erkut?	2
bahriyeli?	2
macao?	2
fievel?	2
noon?	2
wilmer?	2
joana?	2
samson?	2
bilmiyormusun?	2
jamie?	2
jinx?	2
dönek?	2
dikkatler?	2
kavun?	2
ananas?	2
elma?	2
sünnetlerde?	2
cenazede?	2
akichan?	2
sigma?	2
juvia?	2
dostum?	2
po?	2
lillian?	2
stink?	2
amy?	2
lot?	2
çinlimisiniz?	2
pretzels?	2
mac?	2
değerli?	2
profesör?	2
hazırmısınız?	2
dedektif?	2
jed?	2
rivers?	2
günlük?	2
sutton?	2
dimple?	2
kolyem?	2
nezamanbuluşabiliriz?	2
jirou?	2
savio?	2
clyde?	2
rumpertumpskin?	2
chester?	2
gai?	2
ian?	2
georgia?	2
bonny?	2
charlotte?	2
i̇zinversevgininhayalleri?	2
hamam?	2
candice?	2
helius?	2
ernst?	2
martini?	2
andrews?	2
savaşmazsak?	2
natsumekun?	2
aşk?	2
yukiatsu?	2
mataemon?	2
*evet?	2
200?	2
kenzie?	2
kaitlyn?	2
nabız?	2
liseden?	2
yoruko?	2
cicciolina?	2
tamara?	2
tamere?	2
kud?	2
hala?	2
"""queeneeee""?"	2
jefffuh?	2
yönetmenimizi?	2
emil?	2
39?	2
55?	2
32?	2
36?	2
barry?	2
karın?	2
denise?	2
adi?	2
avlanmak?	2
sabine?	2
saffron?	2
lillith?	2
biraz..?	2
schneider?	2
yamada?	2
freya?	2
[alo?	2
audrey?	2
yahoo?	2
facebook?	2
herkül?	2
valide?	2
polisin?	2
damien?	2
3?	2
anneanne?	2
petra?	2
i̇nsan?	2
sunni?	2
lavaş?	2
neal?	2
lexington'daki?	2
maya?	2
tup?	2
'nasılsın?	2
natalie?	2
çikolatalı?	2
pamela?	2
kitaplarını?	2
chappie?	2
telefonun?	2
fylingdales?	2
üçüncü?	2
dvorak?	2
temizle?	2
evelio?	2
gordon?	2
slater?	2
alistair?	2
carol?	2
willow?	2
murphy?	2
felicity?	2
catherine?	2
mangal?	2
beyefendi?	2
tiggs?	2
arial?	2
anlamıyorum?	2
schmidty?	2
ekselansları?	2
ade?	2
lolly?	2
gelecek?	2
emir?	2
killian?	2
saklar?	2
sawyer?	2
sağlık?	2
18?	2
46?	2
ayakkabı?	2
lizzie?	2
boom?	2
doc?	2
melissa?	2
stiles?	2
sekou?	2
canary?	2
clary?	2
avometre?	2
wally?	2
monty?	2
♪aklımnerede?	2
diana?	2
raven?	2
athan?	2
bal?	2
