,Concept_ID,ady,kk
0,Auge::N,нэ,көз
1,Ohr::N,тхьакӏу́м,құлақ
2,Nase::N,пэ,мұрын
3,Mund::N,жэ,ауыз
4,Zahn::N,цэ,тіс
5,Zunge::N,бзэгу,тіл
6,Lippe::N,ӏупшӏэ́,ерін
7,Wange::N,нэкӏу́шъу,ұрт
8,Gesicht::N,нэ́гу,бет-аузы
9,Stirn::N,натӏэ́,маңдай
10,Haar::N,шъхьацы́,қыл
11,Bart::N,жакӏэ́,сақал
12,Kinn::N,жэкӏэпэпкъ,иек
13,Kiefer[Anatomie]::N,жэпкъы́,жақ
14,Kehle::N,чый,алқым
15,Hals::N,пшъэ,мойын
16,Genick::N,шъхьэпхэтыку,желке
17,Kopf::N,шъхьэ́,кәллә
18,Rücken::N,кӏыбы́,арқа
19,Bauch::N,ныбэ́,қарын
20,Busen::N,бгъэ́,омырау
21,Brust::N,бгъэ́,кеуде
22,Schulter::N,блыпкъ,иық
23,Arm::N,ӏэ,қол
24,Ellenbogen::N,ӏэнтэ́гъу,шынтақ
25,Hand::N,ӏэтхьэцу,қол
26,Handfläche::N,ӏэ́гу,алақан
27,Finger::N,ӏэхъуа́мб,саусақ
28,Fingernagel::N,ӏэбжъа́н,тырнақ
29,Nagel[Anatomie]::N,ӏэбжъа́н,тырнақ
30,Zeh::N,ӏэхъуа́мб,тырнақ
31,Zeh::N,ӏэхъуа́мб,тұяқ
32,Fuß::N,лъэгу,аяқ-басы
33,Ferse::N,лъэдакъэ,өкше
34,Ferse::N,лъэдакъэ,өкшелік
35,Knie::N,лъагуа́ндж,тізе
36,Oberschenkel::N,ко,жамбас
37,Bein::N,лъакъо́,аяқ
38,Körper::N,пкъышъол,дене
39,Haut::N,кӏы́шъу,тері
40,Blut::N,лъы,қан
41,Ader::N,льытф,көктамыр
42,Ader::N,льытф,күретамыр
43,Sehne::N,фэ,сіңір
44,Knochen::N,къупшъхьэ́,жілік
45,Gehirn::N,куцӏы,ми
46,Herz::N,гу,жүрек
47,Magen::N,мышкӏу,асқазан
48,Leber::N,шӏу,бауыр
49,Atem::N,къэщэныр,леп
50,Hunger::N,гъаблэ́,ашаршылық
51,Träne::N,нэпсы,жас
52,Geschmack::N,ӏэшӏугъа́кӏ,дәм
53,Geschmack::N,ӏэшӏугъа́кӏ,татым
54,Geschmack::N,ӏэшӏугъа́кӏ,талғам
55,Geruch::N,мэ,иіс
56,Schlaf::N,пчыхьы́пӏ,ұйқы
57,Schlaf::N,пчыхьы́пӏ,ұйықтау
58,Traum::N,пчыхьы́пӏ,түс
59,Himmel::N,уашъо́,аспан
60,Himmel::N,уашъо́,көқ
61,Himmel::N,уашъо́,таңдай
62,Sonne::N,тыгъэ,күн
63,Mond::N,мазэ,ай
64,Stern::N,жъуагъо́,жұлдыз
65,Luft::N,жьы,әуе
66,Wind::N,жьыбгъэ́,жел
67,Welle::N,ор,толқын
68,Welle::N,оры,толқын
69,Wasser::N,псы,су
70,Stein::N,мыжъо́,тас
71,Boden::N,чӏ́ыгу,қыртыс
72,Erde::N,чӏ́ыгу,топырақ
73,Staub::N,сап,шаң
74,Rauch::N,ӏугъо́,түтін
75,Funke::N,мэшӏуа́ч,ұшқын
76,Feuer::N,машӏо́,алау
77,Licht::N,нэфы,шұғыла
78,Licht::N,нэфын,шұғыла
79,Schatten::N,жьау́,көлеңке
80,Schatten::N,ныбжьыкъу,көлеңке
81,Nebel::N,пща́гъу,тұман
82,Wolke::N,ошъуапщэ,бұлт
83,Regen::N,ощхы,жаңбыр
84,Schnee::N,осы́,қар
85,Eis::N,мылы,мұз
86,Kälte::N,чъыӏэ́,ызғар
87,Kälte::N,чъыӏэ́,суықтық
88,Hitze::N,фэба́е,аптап
89,Regenbogen::N, лэгъупэкъо́пс,кемпірқосақ
90,Donner::N,шыблэ́,күн күркіреу
91,Strömung::N,ток,ағын
92,Tropfen::N,ткӏопс,тамшы
93,Tropfen::N,гъуаткӏу,тамшы
94,Schaum::N,тхъурбэ,көбік
95,Schmutz::N,псынжъы,кір
96,See::N,хыку́м,көл
97,See::N,псыхъура́й,көл
98,Sumpf::N,орыжъ,саз
99,Moor::N,орыжъ,саз
100,Wiese::N,хъупӏэ́,шалғын
101,Wiese::N,мэкъупӏ,шалғын
102,Wald::N,мэзы́,орман
103,Hügel::N,ӏуашъхь,төбе
104,Hügel::N,ӏуашъхь,белес
105,Hügel::N,ӏуашъхь,белес-белес
106,Anhöhe::N,чӏыӏэтыгъ,дөң
107,Anhöhe::N,чӏыӏэтыгъ,адыр
108,Anhöhe::N,чӏыӏэтыгъ,қырат
109,Berg::N,къушъхьэ́,тау
110,Gipfel::N,шыгу,төбе
111,Höhle::N,гъочӏэгъ,үңгір
112,Abhang::N,чапэ,бауыр
113,Quelle::N,псынэчэ́чъ,қайнар
114,Bach::N,псышкуашку,жылға
115,Fluss::N,псыхъо́,өзен
116,Ufer::N,нэпкъы,жиек
117,Küste::N,ӏушъо,жиегі
118,Küste::N,ӏушъо,жағалау
119,Festland::N,чӏл́ыгу,құрылық
120,Meer::N,хы,теңіз
121,Bucht::N,хыблыгу,шығанақ
122,Insel::N,хыгъэхъу́н,арал
123,Blume::N,къэгъа́гь,гүл
124,Gras::N,уцы́,от
125,Wurzel::N,лъапсэ́,түбір
126,Baum::N,чъыгы́,ағаш
127,Baum::N,чъыгы́,дарақ
128,Stamm::N,пкъы,сояу
129,Stamm::N,пкъы,оқпан
130,Rinde::N,пхъашъо́,қабық
131,Ast::N,куамэ,бұтақ
132,Zweig::N,къутамэ́,шыбық
133,Blatt::N,тхьап,жапырақ
134,Birke::N,пчэн,қайың
135,Kiefer[Baum]::N,сэснэй,қарағай
136,Weide[Baum]::N,пце́л,тал
137,Tanne::N,ель,шырша
138,Horn::N,бжъэ,мүйіз
139,Feder::N,къамӏы́й,қаламұш
140,Fell::N,шъо,тері
141,Flügel::N,тамэ́,қанат
142,Klaue::N,лъэбжъа́н,тырнақ
143,Kralle::N,лъакъо,аяқ
144,Schwanz::N,кӏэ,құйрық
145,Ei::N,кӏэнкӏэ́,жұмыртқа
146,Nest::N,набгъо́,ұя
147,Bau::N,гъу,жатақ
148,Bau::N,бы,жатақ
149,Tier::N,псэу́шъхь,айуан
150,Tier::N,псэу́шъхь,жануар
151,Herde::N,ӏэхъогъу,пада
152,Kuh::N,чэмы́,сиыр
153,Bulle::N,цу,өгіз
154,Pferd::N,шы,жылқы
155,Schaf::N,мэлы́,қой
156,Schwein::N,къо,шошқа
157,Hund::N,бьэ,ит
158,Katze::N,чэты́у,мысық
159,Bär::N,мышъэ́,аю
160,Eichhörnchen::N,цызэ́,тиін
161,Elch::N,лось,бұғы
162,Fuchs::N,баджэ́,түлкі
163,Hase::N,тхьакӏумкӏы́хь,қоян
164,Maus::N,цыгъо́,қаптесер
165,Wolf::N,тыгъу́жъ,бөрі
166,Wolf::N,тыгъу́жъ,қасқыр
167,Vogel::N,бзы́у,құс
168,Schwarm::N,отэр,топ
169,Schwarm::N,отэр,үйір
170,Huhn::N,чэты́,тауық
171,Huhn::N,чэты́,мекиен
172,Hahn::N,атакъэ́,әтеш
173,Hahn::N,атакъэ́,қораз
174,Gans::N,къа́з,қаз
175,Ente::N,псычэ́т,үйрек
176,Eule::N,тыгъурыгъу,жапалақ
177,Kranich::N,къэрэ́у,тырна
178,Krähe::N,къолэ́жъ,қарға
179,Kuckuck::N,куку́у,көкек
180,Fisch::N,пцэжъы́й,балық
181,Barsch::N,тхыкъэц,алабұға
182,Hecht::N,лэнд,шортан
183,Schlange[Tier]::N,блэ́,жылан
184,Wurm::N,хьамлыу,шұбалшаң
185,Spinne::N,бэдж,өрмекші
186,Ameise::N,къамзэ́гу,қүмырска
187,Laus::N,цӏэ,бит
188,Mücke::N,аргъо́й,маса
189,Fliege::N,бадзэ́,шыбын
190,Schmetterling::N,хьампӏыра́шъу,көбелек
191,Beere::N,маткӏо,жидек
192,Apfel::N,мыӏэры́с,алма
193,Pilz::N,хьаӏу,қозықұйрық
194,Pilz::N,хьаӏу,саңыраукулақ
195,Zwiebel::N,бжьыны́,жуа
196,Saat::N,чылапхъ,тұқым
197,Korn::N,цэ,дән
198,Heu::N,мэкъу,шөп
199,Schale::N,кӏы́шъу,қабық
200,Schale::N,кӏы́шъу,қабығы
201,Grube::N,машэ́,ор
202,Falle::N,зэраубытырэ́ ӏэмэпсы́м,дұзақ
203,Falle::N,зэраубытырэ́ ӏэмэпсы́м,қақпан
204,Schlinge::N,бзыуубыт,ілмек
205,Spur::N,ужы,із
206,Spur::N,лъэуж,із
207,Asche::N,яжьэ́,күл
208,Dreck::N,псынжъы,былғаныш
209,Eisen::N,гыучӏы́,темір
210,Eisen::N,къэнджа́л,темір
211,Gold::N,дышъэ́,алтын
212,Silber::N,тыжьы́н,күміс
213,Kohle::N,шӏомыкӏ,көмір
214,Glas::N,апч,шыны
215,Lehm::N,етӏагъо́,балшық
216,Sand::N,пшахъо,құм
217,Mensch::N,цӏыфы́,адам
218,Mann::N,хъулъфы́гъ,еркек
219,Mann::N,хъулъфы́гъ,ер адам
220,Frau::N,бӏылъфыгъэ́,бике
221,Frau::N,бӏылъфыгъэ́,қатын
222,Kind::N,кӏэлэцӏы́кӏу,бала
223,Kind::N,кӏэлэцӏы́кӏу,перзент
224,Junge::N,кӏэлэцӏы́кӏу,бала
225,Junge::N,кӏэлэцӏы́кӏу,ер бала
226,Mädchen::N,пшъэшъэжъый,қыз
227,Familie::N,быны́,жанұя
228,Familie::N,уна́гъу,жанұя
229,Großvater::N,тэтэ́жъ,ата
230,Großmutter::N,нэнэ́жъ,әже
231,Großmutter::N,нэнэ́жъ,әжей
232,Eltern::N,ны-тыхэ́р,ата-аналар
233,Vater::N,ты,әке
234,Mutter::N,ны,ана
235,Sohn::N,къо,ұл
236,Tochter::N,пхъу,қызым
237,Bruder::N,шы,бауырым
238,Schwester::N,шы́пхъу,әпке
239,Onkel::N,янэ́ш,көке
240,Tante::N,атэшыпхъу,тәте
241,Ehemann::N,лӏы,ер
242,Ehefrau::N,шъу́з,зайып
243,Freude::N,гушӏуа́гъу,қуаныш
244,Freude::N,гушӏуа́гъу,сүйініш
245,Freude::N,гушӏуа́гъу,шат-думан
246,Freude::N,гушӏуа́гъу,қуаныштылық
247,Gelächter::N,щхыныр,күлу
248,Glück::N,насы́п,бақыт
249,Glück::N,насы́п,бақыттылық
250,Kummer::N,тхьамыкӏагъу,аза
251,Kummer::N,тхьамыкӏагъу,қайғы
252,Kummer::N,тхьамыкӏагъу,қасырет
253,Wunsch::N,шӏонгъоны́гъ,мүдде
254,Lust::N,шӏонгъоны́гъ,тәбет
255,Lust::N,шӏонгъоны́гъ,ынтызар
256,Lust::N,шӏонгъоны́гъ,құштарлық
257,Geist::N,гу,рух
258,Gedanke::N,гупшыс,ой
259,Gedächtnis::N,память,ес
260,Gedächtnis::N,память,жады
261,Gedächtnis::N,память,ақыл-ес
262,Verstand::N,акъы́л,ақыл
263,Verstand::N,акъы́л,парасат
264,Sinn::N,мэхьанэ,мән
265,Sinn::N,мэхьанэ,маныз
266,Sinn::N,мэхьанэ,мағына
267,Sinn::N,мэхьанэ,мән-мағына
268,Grund::N,ушъхьагъу,себеп
269,Wahrheit::N,шъыпкъэ́,рас
270,Gespräch::N,гущыӏ,әңгіме
271,Märchen::N,пшысэ,ертеп
272,Märchen::N,пшысэ,ертек
273,Erzählung::N,къэба́р,әңгіме
274,Nachricht::N,къэба́р,хабар
275,Neuigkeit::N,къэбарыкӏ,жаңалық
276,Name::N,цӏэ,ат
277,Name::N,цӏэ,атау
278,Rätsel::N,коджэхь-къоджэшх,жұмбақ
279,Rede::N,гущыӏ,сөз
280,Sprache::N,бзэ,тіл
281,Stimme::N,макъэ́,үн
282,Stimme::N,макъэ́,әуен
283,Stimme::N,макъэ́,дауыс
284,Wort::N,гущыӏ,сөз
285,Zeichen::N,тамы́гъ,ишара
286,Ruf::N,джэ макъ,айғай
287,Lärm::N,макъэ,айғай-шу
288,Lärm::N,макъэ,айғай-ұйғай
289,Laut::N,макъэ,дыбыс
290,Laut::N,макъэ,дауыс
291,Lied::N,орэ́д,ән
292,Lied::N,орэ́д,жыр
293,Lied::N,орэ́д,ән-жыр
294,Ruhe::N,самбырыныгъ,тыныштық
295,Leute::N,цӏыфхэ́р,кісілер
296,Volk::N,цӏыф лъэпкъ,халық
297,Arbeit::N,ӏофшӏакӏэ́н,еңбек
298,Gast::N,хьакӏэ́,қонақ
299,Gast::N,хьакӏэ́,мейман
300,Geschenk::N,шӏухьафтын,қадия
301,Spiel::N,еоны́р,ойын
302,Spiel::N,джэгуны́р,ойын
303,Spiel::N,къегъэӏоны́р,ойын
304,Gesellschaft::N,обществ,қауым
305,Gesellschaft::N,обществ,жұртшылық
306,Hilfe::N,ӏэпыӏэгъу,жэрдем
307,Freund::N,ныбджэгъу,дос
308,Kamerad::N,ныбджэгъу,дос-жар
309,Angelegenheit::N,ӏофы́,жұмыс
310,Anzahl::N,пчъагъэ́,сан
311,Anzahl::N,пчъагъэ́,саны
312,Art::N,изэрэщы́т,түр
313,Art::N,лъэпкъ,түр
314,Stück::N,такъы́р,тілім
315,Teil::N,щыщ,үлес
316,Teil::N,щыщ,бөлшек
317,Teil::N,ӏахь,үлес
318,Teil::N,ӏахь,бөлшек
319,Hälfte::N,ныкъо́,жарты
320,Kreis::N,хъура́й,шеңбер
321,Kreuz::N,къащ,крест
322,Linie::N,хъахъ,сызық
323,Linie::N,итхъа́гъ,сызық
324,Strich::N,хъахъ,сызық
325,Strich::N,итхъагъ,сызық
326,Abstand::N,азыфагу,ара
327,Abstand::N,азыфагу,аралық
328,Entfernung::N,чӏыгууанэ,аралық
329,Gegend::N,чӏыпӏэ́,өңір
330,Platz::N,азыфагу,орны
331,Ort::N,чӏыпӏэ́,орын
332,Seite::N,лъэны́къу,жақ
333,Seite::N,лъэны́къу,бүйір
334,Mitte::N,гузэ́гу,ортасы
335,Gegenstand::N,пкъыгъо,зат
336,Gegenstand::N,пкъыгъо,нәрсе
337,Rand::N,цакӏэ́,шет
338,Rand::N,цакӏэ́,шеті
339,Kante::N,цэгэналъ,қыр
340,Kante::N,цэгэналъ,қыры
341,Ecke::N,къогъу,қыры
342,Ecke::N,къогъу,бұрыш
343,Spitze::N,пакӏэ,ұшы
344,Ende::N,кӏэ,аяқ
345,Ende::N,кӏэ,соңы
346,Loch::N,гъуа́н,тесік
347,Winkel::N,къогъу,мүйіс
348,Muster::N,тхыпхъэ,мәнер
349,Größe::N,иина́гъ,ауқым
350,Größe::N,иина́гъ,көлемдік
351,Länge::N,икӏыхьа́гъ,бой
352,Länge::N,икӏыхьа́гъ,ұзындық
353,Höhe::N,лъэгагъ,жоғарылық
354,Höhe::N,лъэгагъ,биіктік
355,Gewicht::N,онтэгъугъэ́,салмақ
356,Menge::N,пчъагъэ́,мөлшер
357,Haufen::N,ӏат,үйме
358,Haufen::N,ӏат,үйінді
359,Reihe::N,саты́р,сап
360,Boot::N,къуашъо́,қайық
361,Ruder::N,къошъобэ́щ,ескек
362,Ski::N,лыжэхэр,шаңғы
363,Lagerfeuer::N,пхъэмашӏу,алау
364,Gang::N,кӏоныр,жүріс
365,Schritt::N,лъэубэ́къу,адым
366,Norden::N,темы́р,солтүстік
367,Norden::N,темы́р,терістік
368,Süden::N,къыблэ́,оңтүстік
369,Westen::N,тыгъэкъохьа́пӏ,батыс
370,Osten::N,тыгьэкъокӏы́пӏ,күншығыс
371,Holz::N,чъыгы́,ағаш
372,Holz::N,чъыгы́,сүрек
373,Brett::N,пхъэ́мбгъу,тақта
374,Platte::N,упсыхьагъ,тақта
375,Stütze::N,кӏэгъэкъон,тіреу
376,Stange::N,къорэ́гъ,қада
377,Stock::N,бэщ,сойыл
378,Stab::N,бэщ кӏы́хь,сырық
379,Rohr::N,онджэкъ,құбыр
380,Haus::N,унэ́,үй
381,Heim::N,унэ́,үйлі
382,Heim::N,унэ́,шаңырақ
383,Ofen::N,гъэжъэн,ошақ
384,Ofen::N,гъэжъэн,пеш
385,Fußboden::N,джэхашъу,еден
386,Tisch::N,стол,үстел
387,Stuhl::N,пхъэнтӏэ́кӏу,орындық
388,Wiege::N,кушъэ́,бесік
389,Bett::N,пӏэкӏо́р,кереует
390,Regal::N,мэкӏай,сөре
391,Kiste::N,ящык,жәшік
392,Fenster::N,шъхьаныгъу́пчъ,терезе
393,Tür::N,пчъэ,есік
394,Tor::N,къэла́пчъ,дарбаза
395,Zaun::N,шӏыхьагъэ́,дуал
396,Dach::N,шъхьэ́,шатыр
397,Leiter::N,лъэо́й,саты
398,Leiter::N,лъэо́й,басқыш
399,Leiter::N,дэкӏояпӏэ́,саты
400,Leiter::N,дэкӏояпӏэ́,басқыш
401,Besen::N,пхъэнкӏы́пхъ,сыпырғыш
402,Spaten::N,къазгъы́р,күрек
403,Schaufel::N,хэӏалъ,қалақ
404,Gabel::N,цацэ,аша
405,Gabel::N,цацэ,шанышқы
406,Löffel::N,джэмы́шх,қасық
407,Messer::N,шъэжъы́й,пышақ
408,Nagel::N,гъучӏыӏу́н,мық
409,Nagel::N,гъучӏыӏу́н,шеге
410,Netz::N,хъытыу,керегекөз
411,Haken::N,хьажтӏаркъу,ілмек
412,Griff::N,къопс,сап
413,Griff::N,къопс,тұтқа
414,Schloss::N,ӏункӏы́бз,құлып
415,Schloss::N,ӏункӏы́бз,бекіткіш
416,Bild::N,сурэ́т,сурет
417,Puppe::N,нысхъа́п,қуыршақ
418,Beutel::N,дзыо́,қапшық
419,Tasche::N,ӏэлъмэ́къ,дорба
420,Eimer::N,щалъ,шелек
421,Deckel::N,шъхьэ,жапқыш
422,Geschirr::N,хьакъу-шыкъу,ыдыс
423,Sack::N,дзыо́,қап
424,Tasse::N,чашк,шыныаяқ
425,Topf::N,кастрюль,кәстрөл
426,Kessel::N,шыуа́н,қазан
427,Essen::N,шхэн,ас
428,Nahrung::N,шхэн,ас
429,Nahrung::N,шхэн,тамақ
430,Speise::N,шхыныгъу,тағам
431,Fleisch::N,лы,ет
432,Getreide::N,лэжьыгъацэ́,дәнді
433,Brei::N,пӏастэ́,ботқа
434,Brot::N,хьалыгъу,күлше
435,Scheibe::N,такъы́р,тілім
436,Fett::N,дагъэ́,май
437,Butter::N,тхъу,май
438,Öl::N,тхъу,май
439,Salz::N,щыгъу,тұз
440,Suppe::N,хьантхъупс,көже
441,Honig::N,шъоу́,бал
442,Milch::N,щэ,сүт
443,Tee::N,щай,шай
444,Leder::N,кӏы́шъу,көн
445,Wolle::N,цы,жүн
446,Stoff::N,шэкӏы,мата
447,Stoff::N,шэкӏы,кездеме
448,Nadel::N,бгъэ́хаӏу,ине
449,Faden::N,ӏуда́н,жіп
450,Knopf::N,занкӏэу,түйме
451,Knoten::N,зэкъодзапӏэ,түйін
452,Farbe::N,краск,рең
453,Kleidung::N,щыгъы́ны,киім
454,Hemd::N,джан,жейде
455,Kragen::N,пшъапӏ,жаға
456,Ärmel::N,гъуап,жең
457,Hose::N,гъончэ́дж,шалбар
458,Gürtel::N,бгыры́пх,белбеу
459,Mütze::N,паӏо́,қалпақ
460,Stiefel::N,щазым,етік
461,Ring::N,ӏэлъы́н,жүзік
462,Band::N,лент,таспа
463,Kamm::N,мажь,тарақ
464,Spiegel::N,гъундж,айна
465,Riemen::N,бгыры́пх,қайыс
466,Schnur::N,кӏапсэ́,жіп
467,Leine::N,шъокӏапс,тізгін
468,Decke::N,чыхӏэн,көрпе
469,Kissen::N,шъхьант,жастық
470,Tuch::N,шъхьэтехъу,орамал
471,Handtuch::N,ӏаплъэкӏ,сүлгі
472,Kraft::N,къары́у,қуат
473,Kraft::N,къары́у,қарқын
474,Kraft::N,къары́у,әл-шама
475,Kraft::N,къары́у,әл-дәрмен
476,Kraft::N,кӏуачӏэ́,қуат
477,Kraft::N,кӏуачӏэ́,қарқын
478,Kraft::N,кӏуачӏэ́,әл-шама
479,Kraft::N,кӏуачӏэ́,әл-дәрмен
480,Stärke::N,кӏуачӏэ́,әл
481,Stärke::N,кӏуачӏэ́,күш
482,Gesundheit::N,псауныгъ,денсаулык
483,Krankheit::N,узы,ауру
484,Schmerz::N,узы,ауру
485,Wunde::N,уӏагъэ́,зақым
486,Wunde::N,уӏагъэ́,жарақат
487,Fieber::N,техьа́гъу,безгек
488,Fieber::N,техьа́гъу,қалтырау
489,Fieber::N,техьа́гъу,қызу көтерілуі
490,Fieber::N,жъоку,безгек
491,Fieber::N,жъоку,қалтырау
492,Fieber::N,жъоку,қызу көтерілуі
493,Arznei::N,ӏэзэ́гъу,дәрі
494,Arznei::N,ӏэзэ́гъу,дәрі-дәрмек
495,Brücke::N,лъэмы́д ж,көпір
496,Brunnen::N,псынэ́,құдық
497,Weide::N,хъупӏэ́,өріс
498,Weide::N,хъупӏэ́,жайылым
499,Pfad::N,лъагъу,жол
500,Weg::N,гъо́гу,жол
501,Straße::N,гъо́гу,жол
502,Dorf::N,къуа́дж,ауыл
503,Stadt::N,къалэ́,қала
504,Stadt::N,къалэ́,шаһар
505,Brief::N,тхэн,хат
506,Brief::N,тхэн,жазу
507,Brief::N,письмэ,хат
508,Brief::N,письмэ,жазу
509,Buch::N,тхы́лъ,кітап
510,Buchstabe::N,хьары́ф,әріп
511,Buchstabe::N,хьары́ф,қаріп
512,Zeitung::N,газет,газет
513,Leben::N,гъашӏэ́,өмір
514,Leben::N,гъашӏэ́,тіршілік
515,Tod::N,аджал,опат
516,Grab::N,бэны́,мола
517,Grab::N,бэны́,мазар
518,Kirche::N,чылы́с,шіркеу
519,Sünde::N,гунахь,күнә
520,Gott::N,тхьэ,алла
521,Gott::N,тхьэ,құдай
522,Gott::N,тхьэ,тәңірі
523,Gott::N,тхьэ,пәруардігер
524,Gott::N,тхьэ,жаратқан тәңірі
525,Arbeiter::N,рабоч,жүмысшы
526,Chef::N,гъэр,басшы
527,Chef::N,гъэр,жұмыс басқарушысы
528,Meister::N,ӏэпыӏа́с,шебер
529,Meister::N,ӏэпыӏа́с,өнерпаз
530,Lehrer::N,кӏэлэегъа́дж,мұғалім
531,Geld::N,ахъщ,пұл
532,Geschäft::N,ӏофшӏэн,бизнес
533,Laden::N,туча́н,дүкен
534,Preis::N,уасэ́,ақы
535,Preis::N,уасэ́,құны
536,Preis::N,уасэ́,нарық
537,Ware::N,хьап-щып,тауар
538,Nutzen::N,чар,пайда
539,Nutzen::N,федэ́,пайда
540,Reichtum::N,байныгъ,бақ-дәулет
541,Welt::N,дуна́й,әлем
542,Welt::N,дуна́й,жиһан
543,Land::N,хэгъэ́́гу,аймақ
544,Staat::N,къэралыгъу,мемлекет
545,König::N,пачъы́хь,патша
546,Macht::N,шынэгъакзэ́,өкімет
547,Macht::N,шынэгъакзэ́,қожалық
548,Grenze::N,гъуна́пкъ,шек
549,Krieg::N,зао́,соғыс
550,Feind::N,пы́и,жау
551,Feind::N,пы́и,дұшпан
552,Gewalt::N,егъэзыгъэныгъ,зорлык
553,Gewalt::N,егъэзыгъэныгъ,зорлық-зомбылык
554,Kampf::N,бэнэныгъ,күрес
555,Kampf::N,бэнэныгъ,алыспақ
556,Bogen[Waffe]::N,щабз,саржа
557,Pfeil::N,щэбза́щ,жебе
558,Gewehr::N,шхонч,қару
559,Fehler::N,хэукъоныгъ,әбес
560,Fehler::N,хэукъоныгъ,қаталық
561,Lüge::N,пцӏы,өтірік
562,Schaden::N,зэра́р,зиян
563,Schaden::N,зэра́р,зарар
564,Unglück::N,тхьамыкӏагъу,пәле
565,Unglück::N,тхьамыкӏагъу,қасырет
566,Unglück::N,тхьамыкӏагъу,ауыртпалық
567,Schuld::N,мысагъэ́,айыптылық
568,Alter::N,ныбжь,жас
569,Alter::N,ныбжь,жас шамасы
570,Schluss::N,кӏэ,ада
571,Schluss::N,кӏэ,бітуі
572,Zeit::N,уахътэ́,уақыт
573,Tag::N,мафэ́,күн
574,Morgen::N,пчэды́жь,таң
575,Morgen::N,пчэды́жь,таңертең
576,Mittag::N,щэджагьу́,талтүс
577,Abend::N,пчыхьэ́,кеш
578,Nacht::N,чэщы́,түн
579,Woche::N,тхьамафэ́,апта
580,Monat::N,мазэ́,ай
581,Jahr::N,илъэ́с,жыл
582,Frühling::N,гъатхэ́,көктем
583,Sommer::N,гъэмафэ́,жаз
584,Herbst::N,бжыхьэ́,күз
585,Winter::N,кӏыма́ф,қыс
586,Januar::N,январь,каңтар
587,Februar::N,февраль,ақпан
588,März::N,март,наурыз
589,April::N,апрель,сәуір
590,Mai::N,май,мамыр
591,Juni::N,июнь,маусым
592,Juli::N,июль,шілде
593,August::N,август,сүмбіле
594,August::N,август,тамыз
595,September::N,сентябрь,қыркүйек
596,Oktober::N,октябрь,ақырап
597,November::N,ноябрь,қараша
598,Dezember::N,декабрь,желтоқсан
599,Montag::N,блыпэ́,дүйсенбі
600,Dienstag::N,гъубдж,сейсенбі
601,Mittwoch::N,бэрэскэжъый,сәрсенбі
602,Donnerstag::N,мэфэ́ку,бейсенбі
603,Freitag::N,бэрэскэшху,жұма
604,Samstag::N,шэмбэ́т,сенбі
605,Sonntag::N,тхьаума́ф,жексембі
606,groß::A,ины́,алпамсадай
607,klein::A,цӏы́кӏу,кішкене
608,klein::A,цӏы́кӏу,қарғадай
609,lang::A,кӏыхьэ́,сопақ
610,lang::A,кӏыхьэ́,сорайған
611,kurz::A,кӏэкӏы́,кеспелтек
612,breit::A,шъуамбгъо́,айдынды
613,schmal::A,бгъузэ́,қысық
614,dicht::A,ӏужъу́,жиі
615,dick[Gegenstand]::A,ӏужъу́,шомбал
616,dünn::A,пӏуакӏэ́,жұқа
617,dünn::A,пӏуакӏэ́,жіңішке
618,fein::A,пӏуакӏэ́,қаңылтақ
619,fest::A,пытэ́,берік
620,fest::A,пытэ́,мызғымас
621,flach::A,тешъо́,жалпак
622,glatt::A,зэны́бжь,типыл
623,hart::A,пытэ́,қатты
624,weich::A,шъабэ́,жұмсақ
625,rund::A,хъура́й,домалақ
626,spitz::A,папцӏэ́,үшкір
627,scharf::A,чан,сүйрік
628,stumpf::A,цако́,доғал
629,stumpf::A,цако́,өтпейтін
630,schwer::A,онтэ́гъу,салмақты
631,schön::A,дахэ́,сұлу
632,heiß::A,жъо́ркъ,ыссы
633,warm::A,фабэ́у,жылы
634,kalt::A,чъыӏэ́,аязды
635,kühl::A,чъыӏэтагъ,салқын
636,frisch::A,чъыӏэтагъ,таза
637,frisch::A,чъыӏэтагъ,жаңа
638,feucht::A,шынагъэ зиӏэ,нам
639,feucht::A,шынагъэ зиӏэ,дымқылды
640,feucht::A,шынэгъакӏэ зиӏэ,нам
641,feucht::A,шынэгъакӏэ зиӏэ,дымқылды
642,nass::A,цӏынэ́,сулы
643,trocken::A,гъушъ,құрғақ
644,trocken::A,чъэпхъыгъ,құрғақ
645,voll::A,из,толы
646,voll::A,изыбз,толы
647,leer::A,нэкӏы́,бос
648,offen::A,зэдэхыгъэ,ашып қойылған
649,geschlossen::A,зэфэшӏыгъ,жабулы
650,sauber::A,къабзэ́,дақсыз
651,sauber::A,къабзэ́,мұнтаздай
652,schmutzig::A,шӏо́и,айғыз
653,schmutzig::A,шӏо́и,сатпақ
654,schmutzig::A,шӏо́и,сатал-сатал
655,roh::A,мыжъо́,шикі
656,reif::A,чъэпхъыгъ,піскен
657,lecker::A,го́хьы,дәмді
658,süß::A,ӏэшӏу,тәтті
659,bitter::A,дыджы́,ащы
660,sauer::A,хафэ́,қышқыл
661,hell::A,нэфын,жарық
662,hell::A,нэфын,жарқын
663,dunkel::A,мэзэхэ,қараңғы
664,schwarz::A,шӏуцӏэ,қара
665,weiß::A,фыжьы́,ақ
666,rot::A,плъыжьы́,қызыл
667,gelb::A,гъожьы́,сары
668,blau::A,шхъуантӏэ,көк
669,grün::A,шхъуантӏэ,жасыл
670,grau::A,шхъо,бозамық
671,bunt::A,къолэны,алабажак
672,billig::A,пыут,арзан
673,teuer::A,сикӏа́с,бағалы
674,teuer::A,силъа́пӏ,бағалы
675,wertvoll::A,пкӏэ зиӏ,құнды
676,wertvoll::A,пкӏэ зиӏ,қымбат
677,wertvoll::A,уасэ́ зыфа́шӏ,құнды
678,wertvoll::A,уасэ́ зыфа́шӏ,қымбат
679,blind::A,нэшъу́,көзсіз
680,blind::A,нэшъу́,көр
681,blind::A,нэшъу́,көр_соқыр
682,taub::A,дэгу,керең
683,taub::A,дэгу,саңырау
684,kräftig::A,лъэ́ш,қуатты
685,kräftig::A,лъэ́ш,қарымды
686,stark::A,лъэ́ш,білекті
687,schwach::A,хъыбэй,әлсіз
688,schwach::A,хъыбэй,күшсіз
689,schwach::A,хъыбэй,қайратсыз
690,fett::A,пщэры́,семіз
691,schlank::A,ищыгъэ,ашаң
692,hübsch::A,дахэ́,ажарлы
693,hübsch::A,дахэ́,шырайлы
694,böse::A,ябгэ,өш
695,böse::A,ябгэ,сұм
696,böse::A,ябгэ,жауыз
697,dumm::A,делэ,көкми
698,dumm::A,делэ,ақымақ
699,dumm::A,делэ,миы жоқ
700,faul::A,шъхьахы́нэ,жалқау
701,faul::A,шъхьахы́нэ,еріншек
702,fleißig::A,егугъурэ,ұқыпты
703,geizig::A,тхьацэ,сараң
704,klug::A,акъылышӏу́,жетік
705,klug::A,акъылышӏу́,ақылды
706,geschickt::A,ӏэпэӏэсэ́,шебер
707,geschickt::A,шо́у шӏыгъэ́,шебер
708,lieb::A,псэм фэд,абзал
709,lieb::A,псэм фэд,айналайын
710,lustig::A,чэф,көңілді
711,sanft::A,ӏушъа́б,жуас
712,hungrig::A,гъаблэ́,аш
713,krank::A,сыма́дж,кеселді
714,nackt::A,пцӏанэ́,жалаңаш
715,traurig::A,нэшхъэй,қапа
716,gut::A,дэгъу́,жақсы
717,schlecht::A,дэи,жаман
718,richtig::A,тэрэз,дұрыс
719,schlimm::A,щынэгъо,жаман
720,wahr::A,шъыпкъэ́,нағыз
721,alt::A,жъы,ескі
722,neu::A,кӏэ,жаңа
723,ehemalig::A,-щтыгъэ,өткен
724,ehemalig::A,-щтыгъэ,бұрынғы
725,ehemalig::A,-гъэ,өткен
726,ehemalig::A,-гъэ,бұрынғы
727,alt[Lebewesen]::A,жъы,кексе
728,jung::A,ныбжьыкӏэ́,науша
729,arm::A,тхьамы́кӏ,кедей
730,arm::A,тхьамы́кӏ,дәулетсіз
731,reich::A,бай,малды
732,bekannt::A,нэӏуа́с,таныс
733,bekannt::A,нэӏуа́с,көзтаныс
734,berühmt::A,цӏэры́ӏу,атақты
735,fremd::A,хымэ,бөтен
736,verschieden::A,зэфэшъхьафы,түрлі
737,nah::A,благъэ́,жуық
738,nah::A,благъэ́,етене
739,fern::A,чыжьэ,алыс
740,fern::A,чыжьэ,алыстағы
741,linker::A,сэмэ́гу,сол
742,linker::A,сэмэ́гу,солшыл
743,rechter::A,джабгъу,оң
744,anderer::A,нэмы́кӏ,өзге
745,anderer::A,нэмы́кӏ,былайғы
746,erster::A,апэр,алғашқы
747,zweiter::A,я́тӏонэр,екінші
748,dritter::A,ящэнэр,үшінші
749,letzter::A,аужыр,артқы
750,letzter::A,аужыр,кейінгі
751,allein::ADV,зы,серіксіз
752,auf einmal::ADV,ардэдэм,бірден
753,auf einmal::ADV,асыхьатым,бірден
754,zusammen::ADV,зэгъусэхэ́у,бірлесіп
755,lange::ADV,бэрэ́,ұзақ
756,plötzlich::ADV,зэкӏэм,кенет
757,sofort::ADV,ардэдэм,әне-міне дегенше
758,sofort::ADV,асыхьатым,әне-міне дегенше
759,später::ADV,нэужым,артынан
760,jetzt::ADV,джы,енді
761,jetzt::ADV,джы,қазір
762,heute::ADV,непэ́,бүгін
763,morgen::ADV,неу́щы,ертең
764,bald::ADV,псынкӏэу,тез
765,dann::ADV,нэужым,онан соң
766,dann::ADV,нэужым,сонан соң
767,gestern::ADV,тыгъуа́с,кеше
768,einst::ADV,зэгорэ́м,бірде
769,einst::ADV,зэгорэ́м,бір кезде
770,damals::ADV,армэ,анада
771,damals::ADV,ащыгъум,анада
772,danach::ADV,нэужым,онан соң
773,danach::ADV,нэужым,сонан соң
774,vorher::ADV,нахьыпэм,бұрын
775,einmal::ADV,зэ,бір жолы
776,oft::ADV,бэрэ,ылғи
777,immer::ADV,ренэ́у,өнебойы
778,dort::ADV,модэ,анда
779,dorthin::ADV,модэ́,әрі
780,geradeaus::ADV,занкӏэу,тура
781,vorwärts::ADV,ыпэкӏэ,ілгері
782,rückwärts::ADV,ыужыкӏэ́,артқа
783,zurück::ADV,ыужыкӏэ́,кейін қарай
784,unten::ADV,ычӏэкӏэ́,төменде
785,hinab::ADV,ычӏэгъы́,астына
786,hinab::ADV,ычӏэгъы́,төмен
787,hinab::ADV,ычӏэкӏэ́,астына
788,hinab::ADV,ычӏэкӏэ́,төмен
789,oben::ADV,ышъхьагъы,жоғарыда
790,hinauf::ADV,ышъхьагъыкӏэ,өрге
791,überall::ADV,тыди́,әрқайда
792,überall::ADV,тыдэкӏи́,әрқайда
793,nicht::ADV,-п,емес
794,nicht::ADV,мы-,емес
795,ein wenig::ADV,тӏэкӏу,азырақ
796,ein wenig::ADV,тӏэкӏу,аздаған
797,ein wenig::ADV,тӏэкӏу,азғантай
798,kaum::ADV,къоды́й,зорға
799,sehr::ADV,дэд,орасан
800,so::ADV,ащ фэд,бұлай
801,so::ADV,ащ фэд,былайша
802,so::ADV,мыщ фэд,бұлай
803,so::ADV,мыщ фэд,былайша
804,so::ADV,джащ фэд,бұлай
805,so::ADV,джащ фэд,былайша
806,noch::ADV,джыри,әлі
807,nur::ADV,ныӏэ́п,ғана
808,wieder::ADV,джыри,жаңа
809,wieder::ADV,джыри,қайта
810,wieder::ADV,джыри,жаңадан
811,vergebens::ADV,пкӏэнчъэ́у,бекер
812,vor::PRP,пашъхьэ́,алды
813,hinter::PRP,кӏы́б,артынан
814,unter::PRP,чӏэ-,түп
815,unter::PRP,чӏэ-,маңында
816,durch::PRP,пхыры-,арқылы
817,neben::PRP,дэжь,іргеде
818,neben::PRP,дэжь,жанында
819,zwischen::PRP,азыфа́гу,арада
820,wegen::PRP,къы-,үшін
821,dies::PRN,ар,бұ
822,dies::PRN,ар,осы
823,das::PRN,а,сол
824,das::PRN,мо,сол
825,alles::PRN,зэкӏэ́,дүйім
826,alles::PRN,зэкӏэ́,күллі
827,ich::PRN,сэ,мен
828,du::PRN,о,сен
829,er::PRN,ар,ол
830,wir::PRN,тэ,біз
831,ihr::PRN,шъо,сіз
832,sie::PRN,ахэр,олар
833,was::FPRN,сыд,не
834,wer::FPRN,хэт,кім
835,wo::FADV,тыдэ́,кәні
836,wo::FADV,тыдэ́,қайда
837,wohin::FADV,тыдэ́,қайда
838,wie::FADV,сыдэущтэ́у,калай
839,warum::FADV,сыд пае́,неғып
840,wieviel::FNUM,тхьапш,неше
841,wieviel::FNUM,тхьапш,қанша
842,wieviel::FNUM,сыд фэди́з,неше
843,wieviel::FNUM,сыд фэди́з,қанша
844,eins::NUM,зы,бір
845,zwei::NUM,тӏу,екі
846,drei::NUM,щы,үш
847,vier::NUM,плӏы,төрт
848,fünf::NUM,тфы,бес
849,sechs::NUM,хы,алты
850,sieben::NUM,блы,жеті
851,acht::NUM,и,сегіз
852,neun::NUM,бгъу,тоғыз
853,zehn::NUM,пшӏы,он
854,elf::NUM,пшӏыкӏузы́,он бір
855,zwölf::NUM,пшӏыкӏутӏу,он екі
856,zwanzig::NUM,тӏокӏы́,жиырма
857,dreißig::NUM,щэкӏы,отыз
858,vierzig::NUM,тӏокӏи́тӏу,қырық
859,fünfzig::NUM,шъэны́ыкъу,елу
860,sechzig::NUM,тӏокӏи́щ,алпыс
861,siebzig::NUM,тӏокӏищырэ́ пшӏырэ́,жетпіс
862,achtzig::NUM,тӏокӏи́пӏ,сексен
863,neunzig::NUM,тӏокӏиилӏырэ́ пшӏырэ́,тоқсан
864,hundert::NUM,шъэ,жүз
865,tausend::NUM,мин,мың
866,und::CNJ,ыкӏи,та
867,oder::CNJ,е,әлде
868,oder::CNJ,е,немесе
869,stehen::V,ущытын,тұру
870,stehen::V,умыхъыен,тұру
871,sitzen::V,уисын,отыру
872,sitzen::V,утесын,отыру
873,liegen::V,телъы́н,жату
874,hängen::V,къыщылэлын,ілу
875,hängen::V,къыщылэлын щыгъын быхъур,ілу
876,werden::V,хъун,болу
877,werden::V,хъун,түрегелу
878,passieren::V,къэхъун,болу
879,beginnen::V,къежьэн,басталу
880,beginnen::V,къыублэн,басталу
881,enden::V,ухы́н,ада болу
882,wechseln::V,зэхъожьы́н,құбылу
883,wechseln::V,зэхъожьы́н,өзгеру
884,aufgehen[Sonne]::V,къыкъокӏы́н,шығу
885,untergehen[Sonne]::V,къохьан,батыру
886,scheinen[Sonne]::V,къепсыи,жылтырау
887,donnern::V,гъогъон,күркіреу
888,wehen::V,епщэ́н,огып тур
889,strömen::V,чъэн,сорғалау
890,fließen::V,чъэн,ағу
891,sich drehen::V,зыгъэчэрэгъу́н,айналу
892,schwanken::V,хъые́н,толықсу
893,schwingen::V,зыгъэхъые́н,тербелу
894,fallen::V,къефэхы́н,құлау
895,fallen::V,къефэхы́н,жығылу
896,fallen::V,къефэхы́н,төмендеу
897,brennen::V,стын,жану
898,rauchen::V,ӏугъо къикӏын,түтету
899,regnen::V,къещхы́н,жауу
900,gefrieren::V,дыкъын,мұздай қату
901,gefrieren::V,дыкъын,мұз боп қату
902,tauen::V,жъун,жібу
903,schmelzen::V,ткӏун,еру
904,trocknen::V,гъушъы́н,курау
905,trocknen::V,чъэпхъу́н,курау
906,sieden::V,жъон,қайнау
907,faulen::V,шъун,иістену
908,verfaulen::V,шъун,шіру
909,reißen::V,зэӏэтхъы́н,жыртылу
910,versinken::V,чӏихьан,малтығу
911,vergehen::V,блэкӏы́н,өту
912,erscheinen::V,къэлъэгъон,көріну
913,erscheinen::V,къэлъэгъон,көрініп қалу
914,verschwinden::V,кӏодыжьы́н,ғайып_болу
915,abnehmen::V,къыкӏичын,кемітілу
916,zunehmen::V,хэхъо́н,көбею
917,steigen::V,къежьэн,қобу
918,steigen::V,къежьэн,көтерілу
919,steigen::V,къежьэн,жоғарылау
920,wachsen::V,хэхъо́н,өсу
921,wachsen::V,къэкӏы́н,өсу
922,glänzen::V,цӏыу́н,жалтырау
923,funkeln::V,жъыу́н,жарқырау
924,funkeln::V,жъыу́н,нұрлану
925,funkeln::V,жъыу́н,жылтылдау
926,lärmen::V,бырсыры́н,шулау
927,lärmen::V,бырсыры́н,шуылдау
928,läuten::V,теон,қоңыраулату
929,klingeln::V,теон,дыңғырлау
930,brausen::V,шъуин,тасу
931,rauschen::V,макъэ гъэӏун,сусылдау
932,rauschen::V,макъэ гъэӏун,сыбдырлау
933,klingen::V,къыхэӏукӏын,дыбыс шығару
934,bellen::V,хьакъу́н,үру
935,heulen::V,быун,ұлу
936,blasen::V,епщэ́н,үру
937,pfeifen::V,шъуин,ысқыру
938,schreien::V,куо́н,шыңғыру
939,schreien::V,куо́н,айғайлау
940,schreien::V,куо́н,байбайлау
941,schreien::V,куо́н,бажалақтау
942,schreien::V,кӏыи́н,шыңғыру
943,schreien::V,кӏыи́н,айғайлау
944,schreien::V,кӏыи́н,байбайлау
945,schreien::V,кӏыи́н,бажалақтау
946,stöhnen::V,щэӏун,ыңырсу
947,stöhnen::V,щэӏун,ыңкылдау
948,zittern::V,кӏэзэзын,қалш
949,zittern::V,кӏэзэзын,қалшылдату
950,leben::V,псэу́н,жасау
951,leben::V,псэу́н,күнелту
952,leben::V,псэу́н,күн көру
953,leben::V,псэу́н,тіршілік ету
954,geboren werden::V,къэхъун,туу
955,atmen::V,жьы къэщэ́н,дем алу
956,atmen::V,жьы къэщэ́н,ауа жұту
957,trinken::V,ешъо́н,ішу
958,trinken::V,ешъо́н,ұрттау
959,essen::V,шхын,жеу
960,essen::V,шхын,тамақтану
961,schlucken::V,бдырыин,жұту
962,müde werden::V,пшъын,болдыру
963,einschlafen::V,хэчъыен,үйыктап калу
964,schlafen::V,чъые́н,ұйықтау
965,aufwachen::V,къэущы́н,ояну
966,aufstehen::V,уцу́н,ояну
967,sich erholen::V,зыгъэпсэфын,тынығу
968,krank werden::V,сымаджэ́ хъун,кеселдену
969,krank werden::V,сымаджэ́ хъун,сырқаттану
970,krank werden::V,сымаджэ́ хъун,ауырып қалу
971,krank werden::V,сымаджэ́ хъун,ауыра бастау
972,krank werden::V,сымаджэ́ хъун,кеселге ұшырау
973,krank werden::V,сымаджэ́ хъун,сырқаттанып қалу
974,krank sein::V,сымэджэ́н,ауыру
975,krank sein::V,сымэджэ́н,сырқаттану
976,schmerzen::V,сымэджэ́н,ауырады
977,husten::V,пскэ́н,жөтелу
978,genesen::V,хъужьын,айығу
979,sterben::V,лӏэн,өлу
980,sterben::V,лӏэн,қайтыс
981,sterben::V,лӏэн,жантапсыру
982,umkommen::V,хэкӏодэн,өлу
983,umkommen::V,хэкӏодэн,қаза табу
984,sich bewegen::V,хъые́н,жылжу
985,sich rühren::V,хъые́н,қыбырлау
986,sich erheben::V,къэтэджын,тұру
987,sich setzen::V,тӏысы́н,отыру
988,hinfallen::V,ебэджы́н,жығылу
989,laufen::V,кӏон,жояу жүру
990,schreiten::V,кӏон,кадамдау
991,spazierengehen::V,къэкӏухьэн,қыдыру
992,eilen::V,гузэжъон,асығу
993,eilen::V,гузэжъон,жеделдену
994,eilen::V,гузэжъон,жедепдеу
995,sich beeilen::V,гуӏэ́н,асығу
996,sich beeilen::V,гуӏэ́н,жеделдену
997,sausen::V,псынкӏэ́у чъэн,заулау
998,rennen::V,чъэн,жүгіру
999,springen::V,пкӏэн,секіру
1000,klettern::V,дэцохъоен,өрмелеп шығу
1001,schaukeln::V,уешӏэн,тербелу
1002,kriechen::V,цохъо́н,еңбектеу
1003,schwimmen::V,есы́н,жүзу
1004,schwimmen::V,есы́н,малту
1005,schwimmen::V,есы́н,қалықтау
1006,tauchen::V,зычӏэгъэо́н,сүңгу
1007,rudern::V,къошъо бэщкӏэ фын,есу
1008,fahren::V,кӏон,бару
1009,fliegen::V,быбы́н,ұшу
1010,gehen::V,кӏон,бару
1011,weggehen::V,ӏукӏын,кету
1012,abfahren::V,ежьэн,жөнелу
1013,anhalten::V,къэуцу́н,тоқтау
1014,hineingehen::V,ихьан,кіру
1015,eintreten::V,чӏэхьан,ену
1016,kommen::V,къэкӏо́н,жету
1017,ankommen::V,къэсы́н,келу
1018,zurückkommen::V,гъэзэжьын,қайту
1019,bleiben::V,къэнэ́н,қалу
1020,warten::V,пэплъэ́н,тосу
1021,erwarten::V,ежэн,күту
1022,suchen::V,лъыхъу́н,іздеу
1023,finden::V,къэгъоты́н,табу
1024,finden::V,къыхэгъэщы́н,табу
1025,versuchen::V,пылъы́н,талпыну
1026,vorbereiten::V,гъэхьазыры́н,әзірлеу
1027,lieben::V,шӏу плъэгъу́н,сүю
1028,mögen::V,шӏу плъэгъу́н,жарату
1029,mögen::V,шӏу плъэгъу́н,жақсы_көру
1030,lachen::V,щхын,күлу
1031,lachen::V,щхын,күлісу
1032,rühren::V,гур гъэузын,көңілін бұзу
1033,weinen::V,гъын,жылау
1034,schimpfen::V,хъонэн,ақырып-бақыру
1035,sich ärgern::V,губжы́н,ашулану
1036,sich fürchten::V,щынэ́н,сескену
1037,fürchten::V,щынэ́н,қауіптену
1038,fürchten::V,щынэ́н,сақсыну
1039,sehen::V,льэгъу́н,көру
1040,anschauen::V,плъэн,назар салу
1041,anschauen::V,еплъы́н,назар салу
1042,ansehen::V,плъэн,тамашалау
1043,hören::V,зэхэхын,есту
1044,zuhören::V,дэӏо́н,тыңдау
1045,zuhören::V,дэӏо́н,құлақ қою
1046,probieren::V,хэӏэн,тату
1047,probieren::V,хэӏэн,дәм тату
1048,riechen::V,пэмэ́н,иіскеу
1049,fühlen::V,зэхэпшӏэн,сезу
1050,fühlen::V,зэхэпшӏэн,сезіну
1051,scheinen::V,уащыхъу́н,болып көріну
1052,scheinen::V,уашӏошӏы́н,болып көріну
1053,zu sehen sein::V,зэрэлъэгъу́н,көріну
1054,vernehmen::V,зэхэхын,есту
1055,vernehmen::V,зэхэхын,есітіп қалу
1056,frieren::V,дыкъын,тоңу
1057,frieren::V,дыкъын,жаурау
1058,frieren::V,пӏыкӏэн,тоңу
1059,frieren::V,пӏыкӏэн,жаурау
1060,frieren::V,чъыӏэ́ лӏэн,тоңу
1061,frieren::V,чъыӏэ́ лӏэн,жаурау
1062,tun::V,шӏын,ету
1063,tun::V,шӏын,істеу
1064,können::V,лъэкӏы́н,білу
1065,wollen::V,фэе́н,қалау
1066,anfangen::V,ублэн,бастау
1067,beenden::V,ухы́н,бітіру
1068,beenden::V,ухы́н,адақтау
1069,beenden::V,ухы́н,тамамдау
1070,beenden::V,ухы́н,аяқтап шығу
1071,aufhören::V,щыгъэтын,доғару
1072,gelingen::V,хъун,жолы түсу
1073,öffnen::V,ӏухы́н,ашу
1074,öffnen::V,ӏухы́н,ашып қою
1075,schließen::V,игъэсэн,жабу
1076,stellen::V,бгъэуцун,қою
1077,stellen::V,бгъэуцун,қойдыру
1078,setzen::V,гъэтӏысы́н,отырғызу
1079,legen::V,хэлъхьа́н,салу
1080,legen::V,хэлъхьа́н,калау
1081,berühren::V,эӏэн,тию
1082,berühren::V,нэсын,тию
1083,verbinden::V,зэхэпхэ́н,байлап алу
1084,verbinden::V,зэхэпхэ́н,сабақтастыру
1085,verbinden::V,пхын,байлап алу
1086,verbinden::V,пхын,сабақтастыру
1087,bedecken::V,техъо́н,бүркеу
1088,aufhängen::V,пылъэ́н,ілу
1089,aufhängen::V,пылъэ́н,асып қою
1090,anzünden::V,хэгъэнэ́н,тұтату
1091,zurücklassen::V,къэгъэнэ́н,қалдыру
1092,verlieren::V,чӏэ́нэн,жоғалту
1093,verlieren::V,шӏокӏоды́н,жоғалту
1094,fallen lassen::V,чӏэунэн,құлатып алу
1095,fallen lassen::V,чӏэунэн,қолдан түсіріп алу
1096,fallen lassen::V,пӏэпызын,құлатып алу
1097,fallen lassen::V,пӏэпызын,қолдан түсіріп алу
1098,machen::V,шӏын,ету
1099,machen::V,шӏын,жасау
1100,machen::V,шӏын,жасап шығару
1101,herstellen::V,шӏы́н,жасап шығару
1102,bauen::V,шӏы́н,тұрғызу
1103,reparieren::V,дыжьы́н,оңдау
1104,verbessern::V,нахьышӏу пшӏын,дұрыстау
1105,verbessern::V,нахь дэгъу пшӏын,дұрыстау
1106,ändern::V,зэблэхъу́н,өзгерту
1107,graben::V,тӏын,үңгу
1108,biegen::V,уфэн,ию
1109,biegen::V,уфэн,майыстыру
1110,drehen::V,гъэчэрегъу́,айналдыру
1111,wenden::V,пӏонтӏэн,екінші жағын айналдыру
1112,wenden::V,бгъэзэн,екінші жағын айналдыру
1113,wenden::V,уӏубын,екінші жағын айналдыру
1114,heben::V,ӏэты́н,көтеру
1115,hochheben::V,ӏэты́н,жоғарылату
1116,hochheben::V,ӏэты́н,көтеру
1117,ergreifen::V,къэубыты́н,бас_салу
1118,ergreifen::V,къэубыты́н,шап_беріп_ұстап_алу
1119,ergreifen::V,къэубыты́н,шап_беру
1120,ergreifen::V,къэубыты́н,шап_ете_түсу
1121,halten::V,ӏыгъы́н,тұту
1122,halten::V,ӏыгъы́н,ұстау
1123,drücken::V,тэӏункӏэн,басу
1124,schieben::V,уеӏункӏын,итеру
1125,schieben::V,уетӏыргун,итеру
1126,kratzen::V,цӏэнтхъун,қыру
1127,lecken::V,бзэи́н,жалау
1128,beißen::V,ецэкъэ́н,қабу
1129,beißen::V,ецэкъэ́н,тістеу
1130,beißen::V,ецэкъэ́н,қауып алу
1131,abreißen::V,къичын,үзу
1132,abreißen::V,пытхъын,үзу
1133,abschneiden::V,пыупкӏын,қырқу
1134,abschneiden::V,гобзыкӏын,қырқу
1135,binden::V,епхын,байланыстыру
1136,binden::V,епхын,байлап_алу
1137,binden::V,епхын,байластыру
1138,binden::V,епхын,байлау
1139,binden::V,епхын,буу
1140,binden::V,епхын,матау
1141,binden::V,епхын,сабақтастыру
1142,binden::V,епхын,ұштастыру
1143,stecken::V,хэсэн,сұғу
1144,brechen::V,зэпыпкӏын,сындыру
1145,klopfen::V,теон,қағу
1146,hauen::V,теон,соғу
1147,kleben::V,щхэн,желімдеу
1148,reiben::V,пӏотын,үйкеу
1149,streichen::V,щыфэн,сүйкеу
1150,schleifen::V,гъэчаны́н,егеу
1151,schleifen::V,гъэчаны́н,қайрау
1152,schleifen::V,гъэчаны́н,егеулеу
1153,schleifen::V,кӏэлыкӏы́н,егеу
1154,schleifen::V,кӏэлыкӏы́н,қайрау
1155,schleifen::V,кӏэлыкӏы́н,егеулеу
1156,schneiden::V,бзын,кесу
1157,rütteln::V,гъэсысын,қозғау
1158,rütteln::V,гъэсысын,жұлмалау
1159,schütteln::V,гъэсысын,дірілдету
1160,schütteln::V,гъэсысын,селкілдету
1161,schwenken::V,ӏэ шӏын,бұлғау
1162,schwenken::V,ӏэ шӏын,сермеу
1163,schütten::V,икӏэ́н,құю
1164,füllen::V,из шӏын,толтыру
1165,einwickeln::V,кӏоцӏыщыхьа́н,орау
1166,tragen::V,хьын,алып жүру
1167,schleppen::V,пхьын,тарту
1168,schleppen::V,плъэшъун,тарту
1169,ziehen::V,пкъудыин,тарту
1170,ziehen::V,пщэн,тарту
1171,ziehen::V,плъэшъун,тарту
1172,aufbewahren::V,пӏыгъын,сақтау
1173,aufbewahren::V,уухъумэн,сақтау
1174,werfen::V,дзын,лақтыру
1175,fangen::V,къэубыты́н,қармау
1176,fangen::V,къэубыты́н,қағып алу
1177,packen::V,къэубыты́н,шап беру
1178,packen::V,къэубыты́н,шап ете түсу
1179,packen::V,къэубыты́н,шап беріп ұстап алу
1180,verstecken::V,бгъэбылъын,тығу
1181,verstecken::V,бгъэбылъын,жасыру
1182,teilen::V,гощы́н,бөлу
1183,schicken::V,гъахьы́н,жіберу
1184,bringen::V,къэхьы́н,әкелу
1185,bringen::V,къэхьы́н,алып келу
1186,hinzufügen::V,хэгъэхъо́н,қосу
1187,hinzufügen::V,хэгъэхъо́н,үстеу
1188,nehmen::V,къытехы́н,алу
1189,nehmen::V,къытехы́н,алмақ
1190,wählen::V,къыхэхы́н,таңдау
1191,auswählen::V,къыхэхы́н,екшеу
1192,auswählen::V,къыхэхы́н,саралау
1193,auswählen::V,къыхэхы́н,сұрыптау
1194,auswählen::V,къыхэхы́н,сайлап алу
1195,bewahren::V,къэухъумэн,сақтау
1196,behindern::V,пэрыохъу хъун,оралғы болу
1197,verderben::V,къутэн,бүлдіру
1198,beschädigen::V,къутэн,бұзу
1199,zerbrechen::V,къутэн,уату
1200,zerreißen::V,зэӏэтхъы́н,жырту
1201,zerstören::V,къутэ́н,қирату
1202,zerstören::V,къутэ́н,талқандау
1203,verbrennen::V,гъэсты́н,өртеу
1204,verbrennen::V,гъэсты́н,жандыру
1205,verbrennen::V,гъэсты́н,өртеп жіберу
1206,verbrennen::V,гъэсты́н,жандырып жіберу
1207,geben::V,еты́н,беру
1208,reichen::V,еты́н,беру
1209,schenken::V,еты́н,тарту
1210,versprechen::V,гъэгугъэ́н,уәде беру
1211,wünschen::V,шӏоигъо́н,тілеу
1212,loben::V,щытхъун,мақтау
1213,loben::V,щытхъун,дәріптеу
1214,küssen::V,ебэу́н,сүю
1215,wiegen::V,гъэхъыен,тербеу
1216,zudecken::V,техъо́н,бүркеу
1217,wecken::V,къэгъэущы́н,ояту
1218,zeigen::V,гъэлъэгъо́н,көрсету
1219,führen::V,щэн,ерту
1220,führen::V,щэн,жетектеу
1221,lehren::V,егъэджэ́н,оқыту
1222,lehren::V,егъэшӏэн,оқыту
1223,unterrichten::V,егъэджэ́н,оқыту
1224,aufziehen::V,пӏун,бағу
1225,leiten::V,гъэзекӏон,басқару
1226,leiten::V,гъэзекӏон,жетекшілік ету
1227,antreiben::V,къепфылӏэн,асықтыру
1228,lassen::V,еты́н,-ткізу
1229,lassen::V,еты́н,мәжбүр ету
1230,einladen::V,къегъэблэгъэн,шақыру
1231,vereinigen::V,зэгогъэхьан,біріктіру
1232,vereinigen::V,зэгогъэхьан,біріктіріп қою
1233,besuchen::V,щыӏэ́н,кіріп шығу
1234,besuchen::V,щыӏэ́н,барып шығу
1235,treffen::V,ӏукӏэ́н,кездесу
1236,treffen::V,пэгъокӏы́н,кездесу
1237,sich versammeln::V,зэхэхьан,топталу
1238,spielen::V,джэгу́н,ойнау
1239,singen::V,орэ́д къэӏо́н,сайрау
1240,tanzen::V,къэшъо́н,билеу
1241,sich trennen::V,зэгокӏыжьы́ных,айрылысу
1242,verlassen::V,бгынэн,тастау
1243,verlassen::V,хэкӏыжьын,тастау
1244,retten::V,къыхэпхыжьын,құтқару
1245,retten::V,къэбгъэнэжьын,құтқару
1246,bewachen::V,къэгъэгъунэн,күзету
1247,schützen::V,ухъумэ́н,жақтау
1248,schützen::V,ухъумэ́н,жақтасу
1249,verteidigen::V,къэухъумэн,қорғау
1250,sich schlagen::V,эзэон,алысу
1251,schießen::V,он,ату
1252,siegen::V,текӏо́н,жеңу
1253,ärgern::V,бгъэгубжын,ашуландыру
1254,schlagen::V,ео́н,ұру
1255,stechen::V,хэӏун,шаншу
1256,stoßen::V,тӏыро́н,түрту
1257,stoßen::V,уеӏункӏын,түрту
1258,stehlen::V,тыгъу́н,ұрлау
1259,stören::V,бгъэгумэкӏын,кесірлен
1260,belästigen::V,бгъэгумэкӏын,мазасын алу
1261,verbergen::V,ушъэфын,сездірмеу
1262,täuschen::V,гъэпцӏэ́н,жалған айту
1263,betrügen::V,гъэпцӏэ́н,алдау
1264,betrügen::V,гъэпцӏэ́н,алдап кету
1265,betrügen::V,гъэпцӏэ́н,ақымақ қылу
1266,töten::V,уикӏын,құрту
1267,töten::V,уикӏын,өлтіру
1268,wohnen::V,дэсын,мекендеу
1269,wohnen::V,дэсын,өмір сүру
1270,arbeiten::V,лэжьэ́н,істеу
1271,arbeiten::V,лэжьэ́н,еңбектену
1272,sammeln::V,угъои́н,жыю
1273,pflücken::V,къыпычы́н,жұлу
1274,jagen::V,шэкӏон,аулау
1275,jagen::V,ешэкӏон,аулау
1276,fischen::V,пцэжъые уешэн,балык_аулау
1277,fassen::V,къэубыты́н,ұстау
1278,hüten::V,хэхъо́н,жаю
1279,hüten::V,хэхъо́н,бағу
1280,treiben::V,пфын,айдау
1281,anbinden::V,епхын,байлау
1282,füttern::V,гъэшхэ́н,ас ішкізу
1283,füttern::V,гъэшхэ́н,азықтандыру
1284,füttern::V,гъэшхэ́н,қоректендіру
1285,melken::V,щын,сауу
1286,hacken::V,упкӏэтэн,турау
1287,gießen::V,тепкӏэн,суару
1288,reifen::V,игъо хъун,жетілу
1289,zubereiten::V,бгъэхьазырын,даяр ету
1290,kochen::V,шӏы́н,асу
1291,backen::V,гъэжъэ́н,пісіру
1292,braten::V,гъэжъэ́н,қуыру
1293,umrühren::V,зэхэгъэкӏухьан,былғалау
1294,umrühren::V,зэхэгъэкӏухьан,сапырылыстыру
1295,stricken::V,хъын,торлау
1296,stricken::V,хъын,тоқу
1297,nähen::V,дэн,тігу
1298,färben::V,бгъэлэн,бояу
1299,färben::V,бгъэлэн,сырлау
1300,reinigen::V,укъэбзы́н,аршу
1301,reinigen::V,укъэбзы́н,тазалау
1302,waschen::V,бгыкӏын,жуу
1303,abwischen::V,лъэкӏы́н,сүрту
1304,spülen::V,дэгъэчъыхьан,шаю
1305,fegen::V,пхъэнкӏы́н,сыпыру
1306,kehren::V,пхъэнкӏы́н,сыпыру
1307,baden::V,зыгъэпскӏын,шомылу
1308,sich waschen::V,зытхьакӏы́н,жуыну
1309,ausziehen::V,къытехы́н,шешу
1310,anziehen::V,щылъэ́н,кигізу
1311,sich anziehen::V,зыфэпэн,киіну
1312,kämmen::V,жьын,тарау
1313,schmücken::V,гъэдэхэ́н,әсемдеу
1314,schmücken::V,гъэдэхэ́н,мәнерлеу
1315,schmücken::V,гъэдэхэ́н,көріктендіру
1316,sagen::V,къэӏон,деу
1317,sagen::V,къэӏон,айту
1318,sprechen::V,псэлъэ́н,деу
1319,sprechen::V,псэлъэ́н,айту
1320,reden::V,гущыӏэ́н,сөйлеу
1321,reden::V,гущыӏэ́н,сөйлесу
1322,reden::V,гущыӏэ́н,тіл қатысу
1323,sich unterhalten::V,зэдэгущыӏэн,сұхбаттасу
1324,fragen::V,упчӏэ́н,сұрау
1325,bitten::V,лъэӏо́н,өтіну
1326,bitten::V,лъэӏо́н,жалыну
1327,erzählen::V,къэпӏотэ́н,айту
1328,mitteilen::V,макъэ егъэӏун,білдіру
1329,nennen::V,цӏэ фэусы́н,атау
1330,rufen::V,джэн,шақыру
1331,prahlen::V,узыщытхъужьы́н,бөсу
1332,übersetzen::V,бгъэкӏотэн,аудару
1333,denken::V,егупшысэ́н,ойлау
1334,glauben::V,уивыхъэ́ телъы́н,нану
1335,glauben::V,уивыхъэ́ телъы́н,илану
1336,bemerken::V,гу лъыптэ́н,аңғару
1337,erkennen::V,зэхэпхын,тану
1338,erkennen::V,зэбгъэшӏэн,тану
1339,begreifen::V,гурыӏо́н,ұғу
1340,begreifen::V,гурыӏо́н,аңғарып алу
1341,verstehen::V,зэхэхын,пайым
1342,verstehen::V,зэхэхын,түсіну
1343,lernen::V,еджэ́н,оқу
1344,wissen::V,шӏэн,хабардар болу
1345,sich erinnern an::V,къэшӏэжьын,еске түсіру
1346,vergessen::V,пщыгъупшэжьы́н,ұмыту
1347,messen::V,шын,өлшеу
1348,zählen::V,плъытэ́н,санау
1349,rechnen::V,плъытэ́н,санап шығару
1350,rechnen::V,плъытэ́н,санап шығу
1351,rechnen::V,плъытэ́н,санау
1352,rechnen::V,угугъэ́н,санап шығару
1353,rechnen::V,угугъэ́н,санап шығу
1354,rechnen::V,угугъэ́н,санау
1355,lesen::V,еджэ́н,оқу
1356,malen::V,шӏын,сурет салу
1357,zeichnen::V,шӏын,сурет салу
1358,schreiben::V,тхын,жазу
1359,besitzen::V,иӏэн,болу
1360,kaufen::V,щэфы́н,алу
1361,kaufen::V,щэфы́н,әперу
1362,verkaufen::V,щэн,сату
1363,bezahlen::V,птын,төлеу
1364,bezahlen::V,птын,ақы беру
1365,bezahlen::V,птын,ақы төлеу
1366,bezahlen::V,лъыптын,төлеу
1367,bezahlen::V,лъыптын,ақы беру
1368,bezahlen::V,лъыптын,ақы төлеу
1369,bezahlen::V,птыжьы́н,төлеу
1370,bezahlen::V,птыжьы́н,ақы беру
1371,bezahlen::V,птыжьы́н,ақы төлеу
1372,zahlen::V,птын,төлеу
1373,zahlen::V,лъыптын,төлеу
1374,beherrschen::V,иунаеу иӏэн,билеу
1375,ertragen::V,щэчы́н,төзу
1376,ertragen::V,щэчы́н,шыдау
1377,Schnurrbart::N,,мұрт
1378,Nabel::N,,кіндік
1379,Wetter::N,,ауа райы
1380,Frost::N,,суық
1381,Raureif::N,,қырау
1382,Adler::N,,бүркіт
1383,Schwan::N,,аққу
1384,Ton::N,,әуен
1385,Sache::N,,бұйым
1386,Schlitten::N,,шана
1387,Last::N,,ауырлық
1388,Last::N,,ауыр зат
1389,Figur::N,,тұлға
1390,Bündel::N,,байлам
1391,Schuh::N,,кебіс
1392,Arzt::N,,дәрігер
1393,lebendig::A,,тірі
1394,lebendig::A,,жанды
1395,zuerst::ADV,,әуелі
1396,zuerst::ADV,,алдымен
1397,manchmal::ADV,,кейде
1398,niemals::ADV,,ешуақытта
1399,hier::ADV,,бұнда
1400,hier::ADV,,осында
1401,hierhin::ADV,,бермен
1402,von hier::ADV,,бер жақтан
1403,schon::ADV,,түге
1404,sinken::V,,ылдилау
1405,sinken::V,,төмендеу
1406,klirren::V,,дыңылдату
1407,fliehen::V,,қашу
1408,fliehen::V,,қашып кету
1409,flüchten::V,,қашу
1410,flüchten::V,,қашып кету
1411,geraten::V,,калу
1412,aufheben::V,,көтеру
1413,beugen::V,,буғу
1414,umdrehen::V,,бұру
1415,bekommen::V,,алу
1416,erhalten::V,,алмақ
1417,treten::V,,тебу
