,Concept_ID,az,cy
0,Auge::N,göz,llygad
1,Ohr::N,qulaq,clust
2,Nase::N,burun,trwyn
3,Mund::N,ağız,ceg
4,Zahn::N,diş,dant
5,Zunge::N,dil,tafod
6,Lippe::N,dodaq,gwefus
7,Wange::N,yanaq,boch
8,Gesicht::N,üz,wyneb
9,Stirn::N,alın,talcen
10,Haar::N,saç,blew
11,Schnurrbart::N,bığ,mwstas
12,Bart::N,saqqal,barf
13,Kinn::N,çənə,gên
14,Kiefer[Anatomie]::N,çənə,gên
15,Kehle::N,boğaz,gwddf
16,Hals::N,boyun,gwddf
17,Genick::N,ənsə,gwar
18,Genick::N,ənsə,gwegil
19,Kopf::N,baş,pen
20,Rücken::N,bel,cefn
21,Bauch::N,qarın,bol
22,Nabel::N,göbək,bogail
23,Busen::N,məmə,bron
24,Brust::N,döş,brest
25,Schulter::N,çiyin,ysgwydd
26,Arm::N,qol,braich
27,Ellenbogen::N,dirsək,penelin
28,Hand::N,əl,llaw
29,Handfläche::N,ovuc,palf
30,Finger::N,barmaq,bys
31,Fingernagel::N,barmaq dırnağı,ewin
32,Nagel[Anatomie]::N,dırnak,ewin
33,Zeh::N,ayaq barmağı,bys troed
34,Fuß::N,ayaq,troed
35,Ferse::N,daban,sawdl
36,Knie::N,diz,glin
37,Oberschenkel::N,bud,clun
38,Bein::N,qıç,coes
39,Körper::N,əndam,corff
40,Haut::N,dəri,croen
41,Blut::N,qan,gwaed
42,Ader::N,damar,gwythïen
43,Sehne::N,vətər,gewyn
44,Knochen::N,sümük,asgwrn
45,Gehirn::N,beyin,ymennydd
46,Herz::N,ürək,calon
47,Magen::N,mədə,cylla
48,Magen::N,mədə,stumog
49,Leber::N,qara ciyər,iau
50,Atem::N,nəfəs,anadl
51,Hunger::N,aclıq,newyn
52,Träne::N,göz yaşı,deigryn
53,Geschmack::N,tam,cyflas
54,Geschmack::N,ləzzət,cyflas
55,Geruch::N,qoxu,aroglau
56,Schlaf::N,yuxu,cwsg
57,Traum::N,röya,breuddwyd
58,Himmel::N,göy,awyr
59,Himmel::N,səma,awyr
60,Sonne::N,günəş,haul
61,Mond::N,ay,lleuad
62,Stern::N,ulduz,seren
63,Luft::N,hava,awyr
64,Wind::N,yel,gwynt
65,Wind::N,külək,gwynt
66,Welle::N,dalğa,ton
67,Wasser::N,su,dŵr
68,Stein::N,daş,carreg
69,Boden::N,yer,llawr
70,Boden::N,zəmin,llawr
71,Erde::N,yer torpaq,pridd
72,Staub::N,toz,llwch
73,Rauch::N,tüstü,mwg
74,Funke::N,qığılcım,gwreichioni
75,Feuer::N,od,tân
76,Licht::N,işıq,golau
77,Schatten::N,kölgə,cysgod
78,Wetter::N,hava,tywydd
79,Nebel::N,duman,niwl
80,Wolke::N,bulud,cwmwl
81,Regen::N,yağış,glaw
82,Regen::N,yağmur,glaw
83,Schnee::N,qar,ôd
84,Schnee::N,qar,eira
85,Eis::N,buz,iâ
86,Frost::N,ayaz,rhew
87,Kälte::N,soyuq,oerni
88,Kälte::N,soyuq,annwyd
89,Hitze::N,coşğunluq,gwres
90,Raureif::N,qırov,barrug
91,Regenbogen::N,göy qurşağı,enfys
92,Donner::N,göy gurultusu,tyrfau
93,Strömung::N,axın,cerrynt
94,Tropfen::N,damcı,dafn
95,Tropfen::N,damcı,diferyn
96,Schaum::N,köpük,ewyn
97,Schmutz::N,çamır,baw
98,Schmutz::N,çamır,budreddi
99,See::N,göl,llyn
100,Sumpf::N,bataqlıq,cors
101,Moor::N,bataqlıq,rhos
102,Wiese::N,çəmən,dôl
103,Wald::N,meşə,coedwig
104,Hügel::N,təpə,bryn
105,Anhöhe::N,təpə,bryn
106,Berg::N,dağ,mynydd
107,Gipfel::N,zirvə,copa
108,Höhle::N,mağara,ogof
109,Abhang::N,yamac,llethr
110,Quelle::N,bulaq,tarddiad
111,Quelle::N,bulaq,ffynhonnell
112,Bach::N,kiçik çay,nant
113,Bach::N,kiçik çay,afonig
114,Bach::N,kiçik çay,cornant
115,Fluss::N,çay,afon
116,Ufer::N,kənar,glan
117,Küste::N,sahil,traeth
118,Küste::N,sahil,arfordir
119,Festland::N,materik,tir
120,Meer::N,dəniz,môr
121,Bucht::N,körfəz,bae
122,Insel::N,ada,ynys
123,Blume::N,çiçək,blodyn
124,Gras::N,ot,glaswellt
125,Wurzel::N,kök,gwreiddyn
126,Baum::N,ağac,coeden
127,Stamm::N,gövdə,colfen
128,Stamm::N,gövdə,boncyff
129,Rinde::N,qabıq,rhisgl
130,Ast::N,şax,cangen
131,Zweig::N,budaq,cainc
132,Zweig::N,budaq,cangen
133,Blatt::N,yarpaq,deilen
134,Birke::N,tozağacı,bedwen
135,Kiefer[Baum]::N,şam,pinwydden
136,Weide[Baum]::N,söyüd,helygen
137,Tanne::N,küknar,ffynidwydden
138,Horn::N,buynuz,corn
139,Feder::N,tük,plufyn
140,Feder::N,lələk,plufyn
141,Fell::N,xəz,ffwr
142,Flügel::N,qanad,adain
143,Klaue::N,pəncə,crafanc
144,Kralle::N,dırnaq,ewin
145,Schwanz::N,quyruq,cwt
146,Schwanz::N,quyruq,cynffon
147,Ei::N,yumurta,wy
148,Nest::N,yuva,nyth
149,Bau::N,yuva,ffau
150,Tier::N,heyvan,anifail
151,Herde::N,sürü,praidd
152,Herde::N,sürü,diadell
153,Kuh::N,inək,buwch
154,Bulle::N,öküz,tarw
155,Pferd::N,at,ceffyl
156,Schaf::N,qoyun,dafad
157,Schwein::N,donuz,mochyn
158,Hund::N,it,ci
159,Hund::N,köpək,ci
160,Katze::N,pişik,cath
161,Bär::N,ayı,arth
162,Eichhörnchen::N,dələ,gwiwer
163,Elch::N,sığın,elc
164,Fuchs::N,tülkü,cadno
165,Hase::N,dovşan,ysgyfarnog
166,Maus::N,siçan,llygoden
167,Wolf::N,qurd,blaidd
168,Vogel::N,quş,aderyn
169,Schwarm::N,sürü,haid
170,Huhn::N,toyuq,cyw
171,Hahn::N,xoruz,ceiliog
172,Gans::N,qaz,gŵydd
173,Adler::N,qartal,eryr
174,Adler::N,qaraquş,eryr
175,Ente::N,ördək,hwyad
176,Eule::N,bayquş,tylluan
177,Kranich::N,durna,garan
178,Kranich::N,durna,crychydd
179,Krähe::N,qarğa,brân
180,Kuckuck::N,ququ,cog
181,Kuckuck::N,ququ,cwcw
182,Schwan::N,qu quşu,alarch
183,Fisch::N,balıq,pysgod
184,Barsch::N,tar,draenog
185,Hecht::N,durnabalığı,penhwyad
186,Schlange[Tier]::N,ilan,neidr
187,Wurm::N,qurd,abwydyn
188,Wurm::N,qurd,pryf genwair
189,Spinne::N,hörümçək,cor
190,Spinne::N,hörümçək,pryf copyn
191,Ameise::N,qarışqa,morgrugyn
192,Laus::N,bit,lleuen
193,Mücke::N,ağcaqanad,gwybedyn
194,Fliege::N,milçək,cleren
195,Schmetterling::N,kəpənək,glöyn byw
196,Schmetterling::N,kəpənək,iâr fach yr haf
197,Beere::N,gilə,aeronen
198,Apfel::N,alma,afal
199,Pilz::N,göbələk,madarch
200,Zwiebel::N,soğan,nionyn
201,Zwiebel::N,soğan,winwnsyn
202,Saat::N,əkin,had
203,Korn::N,taxıl,grawn
204,Heu::N,quru ot,gwair
205,Schale::N,qabıq,croen
206,Schale::N,qabıq,plisgyn
207,Grube::N,çuxur,pwll
208,Grube::N,çuxur,pydew
209,Falle::N,tələ,magl
210,Falle::N,duzaq,magl
211,Schlinge::N,ilmək,cwlwm rhedeg
212,Spur::N,iz,ôl
213,Asche::N,kül,lludw
214,Dreck::N,kir,baw
215,Dreck::N,kir,budreddi
216,Eisen::N,dəmir,haearn
217,Gold::N,altun,aur
218,Silber::N,gümüş,arian
219,Kohle::N,kömür,glo
220,Glas::N,şüşə,gwydr
221,Lehm::N,gil,clai
222,Lehm::N,palçıq,clai
223,Sand::N,qum,tywod
224,Mensch::N,adam,dyn
225,Mensch::N,insan,dyn
226,Mann::N,kişi,dyn
227,Frau::N,qadın,merch
228,Frau::N,qadın,gwraig
229,Kind::N,uşaq,plentyn
230,Junge::N,oğlan,hogyn
231,Junge::N,oğlan,bachgen
232,Mädchen::N,qız,merch
233,Mädchen::N,qız,geneth
234,Familie::N,ailə,teulu
235,Familie::N,ailə,tylwyth
236,Großvater::N,baba,taid
237,Großvater::N,baba,tad-cu
238,Großmutter::N,nənə,nain
239,Großmutter::N,nənə,mam-gu
240,Eltern::N,valideyn,rhieni
241,Vater::N,ata,tad
242,Mutter::N,ana,mam
243,Sohn::N,oğul,mab
244,Tochter::N,qız,merch
245,Bruder::N,qardaş,brawd
246,Schwester::N,bacı,chwaer
247,Onkel::N,əmi,ewythr
248,Onkel::N,dayı,ewythr
249,Tante::N,bibi,modryb
250,Ehemann::N,ər,gŵr
251,Ehefrau::N,arvad,gwraig
252,Freude::N,nəşə,gorfoledd
253,Freude::N,sevinc,gorfoledd
254,Gelächter::N,gülüş,chwerthin
255,Gelächter::N,qəhqəhə,chwerthin
256,Glück::N,səadət,hapusrwydd
257,Glück::N,xoşbəxtlik,hapusrwydd
258,Kummer::N,qəm,galar
259,Kummer::N,kədər,galar
260,Wunsch::N,arzu,dymuniad
261,Lust::N,həvəs,chwant
262,Geist::N,ruh,ysbryd
263,Gedanke::N,fikir,meddwl
264,Gedanke::N,düşüncə,meddwl
265,Gedächtnis::N,xatir,cof
266,Gedächtnis::N,hafizə,cof
267,Verstand::N,ağıl,meddwl
268,Sinn::N,məna,ystyr
269,Grund::N,səbəb,achos
270,Grund::N,səbəb,rheswm
271,Wahrheit::N,haqq,gwir
272,Wahrheit::N,haqq,gwirionedd
273,Wahrheit::N,doğruluq,gwir
274,Wahrheit::N,doğruluq,gwirionedd
275,Gespräch::N,söhbət,sgwrs
276,Gespräch::N,qonuşma,sgwrs
277,Märchen::N,nağıl,chwedl werin
278,Erzählung::N,hekayə,stori
279,Nachricht::N,xəbər,neges
280,Neuigkeit::N,xəbər,newydd
281,Neuigkeit::N,yenilik,newydd
282,Name::N,ad,enw
283,Rätsel::N,tapmaca,pos
284,Rede::N,nitq,araith
285,Sprache::N,dil,iaith
286,Stimme::N,səs,llais
287,Wort::N,söz,gair
288,Wort::N,kəlmə,gair
289,Zeichen::N,nişan,arwydd
290,Ruf::N,çığırtı,galwad
291,Lärm::N,gurultu,trwst
292,Laut::N,səs,sain
293,Ton::N,ton,tôn
294,Lied::N,mahnı,cân
295,Ruhe::N,sakitlik,tawelwch
296,Leute::N,xalq,pobl
297,Volk::N,millət,pobl
298,Arbeit::N,iş,gwaith
299,Arbeit::N,əmək,gwaith
300,Gast::N,qonaq,gwestai
301,Gast::N,müsafir,gwestai
302,Geschenk::N,hədiyyə,rhodd
303,Geschenk::N,hədiyyə,anrheg
304,Spiel::N,oyun,chwarae
305,Spiel::N,tamaşa,chwarae
306,Gesellschaft::N,cəmiyyet,cwmni
307,Hilfe::N,kömək,cymorth
308,Hilfe::N,yardım,cymorth
309,Freund::N,dost,cyfaill
310,Kamerad::N,yoldaş,cydymaith
311,Angelegenheit::N,iş,pwnc
312,Anzahl::N,say,cyfrif
313,Art::N,çeşid,bath
314,Stück::N,dənə,darn
315,Stück::N,parça,darn
316,Teil::N,qisim,rhan
317,Hälfte::N,yarım,hanner
318,Kreis::N,dairə,cylch
319,Kreuz::N,xaç,croes
320,Linie::N,xətt,llinell
321,Strich::N,cızıq,strôc
322,Strich::N,cızıq,trawiad
323,Abstand::N,məsafə,bwlch
324,Abstand::N,məsafə,pellter
325,Entfernung::N,məsafə,pellter
326,Entfernung::N,uzaqlıq,pellter
327,Gegend::N,bölgə,cylch
328,Platz::N,yer,lle
329,Ort::N,yer,lle
330,Seite::N,yan,ochr
331,Seite::N,tərəf,ochr
332,Mitte::N,orta,canol
333,Gegenstand::N,şey,eitem
334,Sache::N,şey,peth
335,Rand::N,kənar,cwr
336,Rand::N,kənar,ymyl
337,Kante::N,tiyə,min
338,Kante::N,tiyə,ymyl
339,Kante::N,kənar,min
340,Kante::N,kənar,ymyl
341,Ecke::N,bucaq,cornel
342,Spitze::N,uc,blaen
343,Ende::N,son,pen
344,Ende::N,axır,pen
345,Loch::N,deşik,twll
346,Winkel::N,guşə,congl
347,Muster::N,ülgü,patrwm
348,Größe::N,böyüklük,maint
349,Größe::N,böyüklük,maintioli
350,Länge::N,uzunluq,hyd
351,Höhe::N,yüksəklik,uchder
352,Gewicht::N,çəki,pwysau
353,Gewicht::N,ağırlıq,pwysau
354,Menge::N,miqdar,swm
355,Menge::N,miqdar,maint
356,Haufen::N,yığın,pentwr
357,Reihe::N,səf,rhes
358,Reihe::N,sıra,rhes
359,Boot::N,qayıq,cwch
360,Ruder::N,kürək,rhwyf
361,Schlitten::N,kirşə,sled
362,Schlitten::N,kirşə,car llusg
363,Ski::N,xizək,sgi
364,Lagerfeuer::N,düşərgə tonqalı,coelcerth
365,Last::N,yük,llwyth
366,Gang::N,yeriş,tro
367,Schritt::N,addım,cam
368,Norden::N,şimal,gogledd
369,Süden::N,cənub,de
370,Westen::N,qərb,gorllewin
371,Osten::N,şərq,dwyrain
372,Holz::N,ağac,pren
373,Holz::N,taxta,pren
374,Brett::N,taxta,bwrdd
375,Brett::N,taxta,astell
376,Platte::N,lövhə,llech
377,Stütze::N,dayaq,ateg
378,Stütze::N,dayaq,cynhalydd
379,Stütze::N,dəstək,ateg
380,Stütze::N,dəstək,cynhalydd
381,Stange::N,şüvül,polyn
382,Stock::N,dəyənək,ffon
383,Stock::N,dəyənək,brigyn
384,Stab::N,əsa,ffon
385,Stab::N,şüvül,ffon
386,Rohr::N,boru,pibell
387,Rohr::N,truba,pibell
388,Haus::N,ev,tŷ
389,Heim::N,ev,cartref
390,Ofen::N,peç,stof
391,Ofen::N,soba,stof
392,Fußboden::N,döşəmə,llawr
393,Tisch::N,masa,bwrdd
394,Stuhl::N,stul,cadair
395,Wiege::N,beşik,crud
396,Bett::N,yataq,gwely
397,Regal::N,rəf,silff
398,Kiste::N,yeşik,bocs
399,Kiste::N,yeşik,blwch
400,Kiste::N,sandıq,bocs
401,Kiste::N,sandıq,blwch
402,Fenster::N,pəncərə,ffenestr
403,Tür::N,qapı,drws
404,Tor::N,darvaza,porth
405,Zaun::N,çəpər,ffens
406,Dach::N,dam,to
407,Leiter::N,nərdivan,ysgol
408,Besen::N,süpürgə,ysgub
409,Spaten::N,kürək,rhaw
410,Schaufel::N,kürək,rhaw
411,Gabel::N,çəngəl,fforc
412,Löffel::N,qaşıq,llwy
413,Messer::N,bıçaq,cyllell
414,Nagel::N,mıx,hoel
415,Netz::N,tor,gwe
416,Netz::N,tor,rhwyd
417,Haken::N,çəngəl,bach
418,Griff::N,qulp,carn
419,Griff::N,tutacaq,carn
420,Schloss::N,qıfıl,clo
421,Bild::N,rəsm,llun
422,Bild::N,rəsm,pictiwr
423,Figur::N,şəkil,ffigur
424,Figur::N,heykəl,ffigur
425,Puppe::N,kukla,dol
426,Puppe::N,gəlincik,dol
427,Beutel::N,kisə,cwd
428,Beutel::N,torba,cwd
429,Bündel::N,bağlama,bwndel
430,Bündel::N,bağlama,coflaid
431,Tasche::N,çanta,cod
432,Eimer::N,vedrə,bwced
433,Eimer::N,vedrə,cunnog
434,Eimer::N,çəllək,bwced
435,Eimer::N,çəllək,cunnog
436,Deckel::N,qapaq,caead
437,Geschirr::N,qab-qazan,llestri
438,Sack::N,çuval,sach
439,Tasse::N,fincan,cwpan
440,Topf::N,qazan,pot
441,Topf::N,qazan,crochan
442,Kessel::N,qazan,tegell
443,Essen::N,yemək,pryd o fwyd
444,Nahrung::N,qida,bwyd
445,Speise::N,xörək,saig
446,Fleisch::N,ət,cig
447,Getreide::N,taxıl,ŷd
448,Getreide::N,taxıl,llafur
449,Brei::N,aş,uwd
450,Brei::N,sıyıq,uwd
451,Brot::N,çörək,bara
452,Scheibe::N,dilim,tafell
453,Fett::N,yağ,saim
454,Fett::N,yağ,braster
455,Butter::N,kərə yağı,ymenyn
456,Öl::N,yağ,olew
457,Salz::N,duz,halen
458,Suppe::N,şorba,cawl
459,Honig::N,bal,mêl
460,Milch::N,süd,llaeth
461,Milch::N,süd,llefrith
462,Tee::N,çay,te
463,Leder::N,dəri,lledr
464,Wolle::N,yun,gwlân
465,Stoff::N,qumaş,lliain
466,Stoff::N,qumaş,brethyn
467,Nadel::N,iynə,nodwydd
468,Faden::N,sap,edau
469,Faden::N,sap,edefyn
470,Knopf::N,düymə,botwm
471,Knoten::N,düyün,cwlwm
472,Farbe::N,boya,paent
473,Kleidung::N,geyim,dillad
474,Kleidung::N,geyim,gwisgoedd
475,Hemd::N,köynək,crys
476,Kragen::N,yaxa,coler
477,Ärmel::N,qol,llawes
478,Hose::N,şalvar,trowsus
479,Gürtel::N,kəmər,gwregys
480,Mütze::N,şapka,cap
481,Schuh::N,tufli,esgid
482,Schuh::N,ayaqqabı,esgid
483,Stiefel::N,çəkmə,botasen
484,Ring::N,üzük,modrwy
485,Band::N,lent,rhuban
486,Kamm::N,daraq,crib
487,Spiegel::N,güzgü,drych
488,Riemen::N,qayış,strap
489,Schnur::N,ip,llinyn
490,Leine::N,kəmsik,tennyn
491,Decke::N,ədyal,blanced
492,Decke::N,ədyal,gwrthban
493,Decke::N,yorğan,blanced
494,Decke::N,yorğan,gwrthban
495,Kissen::N,yastıq,clustog
496,Kissen::N,yastıq,gobennydd
497,Tuch::N,şarf,sgarff
498,Tuch::N,kaşne,sgarff
499,Handtuch::N,dəsmal,tywel
500,Handtuch::N,dəsmal,lliain sychu
501,Kraft::N,güc,grym
502,Stärke::N,qüvvət,nerth
503,Stärke::N,qüvvət,cryfder
504,Gesundheit::N,sağlamlıq,iechyd
505,Krankheit::N,xəstəlik,afiechyd
506,Krankheit::N,xəstəlik,anhwylder
507,Schmerz::N,ağrı,poen
508,Schmerz::N,ağrı,gwayw
509,Schmerz::N,sancı,poen
510,Schmerz::N,sancı,gwayw
511,Wunde::N,yara,clwyf
512,Fieber::N,isitmə,twymyn
513,Fieber::N,qızdırma,twymyn
514,Arznei::N,ilaç,meddyginiaeth
515,Arznei::N,dərman,meddyginiaeth
516,Brücke::N,körpü,pont
517,Brunnen::N,quyu,ffynnon
518,Weide::N,otlaq,porfa
519,Pfad::N,cığır,llwybr
520,Weg::N,yol,ffordd
521,Straße::N,küçə,heol
522,Straße::N,küçə,ffordd
523,Dorf::N,kənd,pentref
524,Stadt::N,şəhər,tref
525,Brief::N,məktub,llythyr
526,Buch::N,kitab,llyfr
527,Buchstabe::N,hərf,llythyren
528,Zeitung::N,qəzet,papur newydd
529,Leben::N,həyat,bywyd
530,Tod::N,ölüm,marwolaeth
531,Grab::N,qəbir,bedd
532,Kirche::N,kilsə,eglwys
533,Sünde::N,günah,pechod
534,Gott::N,tanrı,duw
535,Arbeiter::N,işçi,gweithiwr
536,Chef::N,şef,pennaeth
537,Chef::N,rəis,pennaeth
538,Meister::N,usta,meistr
539,Arzt::N,həkim,meddyg
540,Arzt::N,doktor,meddyg
541,Lehrer::N,müəllim,athro
542,Geld::N,pul,pres
543,Geld::N,pul,arian
544,Geschäft::N,ticarət,busnes
545,Laden::N,dükan,siop
546,Preis::N,qiymət,pris
547,Ware::N,mal,nwydd
548,Nutzen::N,fayda,elw
549,Nutzen::N,fayda,budd
550,Reichtum::N,zənginlik,cyfoeth
551,Welt::N,aləm,byd
552,Welt::N,dünya,byd
553,Land::N,ölkə,gwlad
554,Staat::N,dövlət,gwladwriaeth
555,König::N,kral,brenin
556,König::N,məlik,brenin
557,Macht::N,qüdrət,grym
558,Macht::N,qüdrət,awdurdod
559,Grenze::N,hüdud,ffin
560,Grenze::N,hüdud,goror
561,Grenze::N,sərhət,ffin
562,Grenze::N,sərhət,goror
563,Krieg::N,hərb,rhyfel
564,Krieg::N,müharibə,rhyfel
565,Feind::N,düşmən,gelyn
566,Gewalt::N,cəbr,ffyrnigrwydd
567,Kampf::N,savaş,brwydr
568,Bogen[Waffe]::N,yay,bwa
569,Pfeil::N,ox,saeth
570,Gewehr::N,tüfəng,dryll
571,Fehler::N,xəta,gwall
572,Fehler::N,xəta,camgymeriad
573,Lüge::N,yalan,celwydd
574,Lüge::N,yalan,anwiredd
575,Schaden::N,ziyan,niwed
576,Schaden::N,ziyan,difrod
577,Unglück::N,bəla,anffawd
578,Schuld::N,təqsir,bai
579,Alter::N,yaş,oed
580,Schluss::N,son,diwedd
581,Zeit::N,vaxt,amser
582,Zeit::N,zaman,amser
583,Tag::N,gün,dydd
584,Tag::N,gün,diwrnod
585,Morgen::N,sabah,bore
586,Mittag::N,günorta,nawn
587,Abend::N,axşam,noswaith
588,Nacht::N,gecə,nos
589,Woche::N,həftə,wythnos
590,Monat::N,ay,mis
591,Jahr::N,il,blwyddyn
592,Frühling::N,yaz,gwanwyn
593,Frühling::N,bahar,gwanwyn
594,Sommer::N,yay,haf
595,Herbst::N,payız,hydref
596,Winter::N,qış,gaeaf
597,Januar::N,Janvar,Ionawr
598,Februar::N,Fevral,Chwefror
599,März::N,Mart,Mawrth
600,April::N,Aprel,Ebrill
601,Mai::N,May,Mai
602,Juni::N,İyun,Mehefin
603,Juli::N,İyul,Gorffennaf
604,August::N,Avqust,Awst
605,September::N,Sentyabr,Medi
606,Oktober::N,Oktyabr,Hydref
607,November::N,Noyabr,Tachwedd
608,Dezember::N,Dekabr,Rhagfyr
609,Montag::N,bazar ertəsi,dydd Llun
610,Dienstag::N,çərşənbə axşamı,dydd Mawrth
611,Mittwoch::N,çərşənbə,dydd Mercher
612,Donnerstag::N,cüme axşamı,dydd Iau
613,Freitag::N,cüme,dydd Gwener
614,Samstag::N,şənbə,dydd Sadwrn
615,Sonntag::N,bazar,dydd Sul
616,groß::A,böyük,mawr
617,klein::A,kiçik,bach
618,lang::A,uzun,hir
619,kurz::A,qısa,byr
620,kurz::A,qısa,cwta
621,breit::A,enli,llydan
622,breit::A,geniş,llydan
623,schmal::A,dar,cul
624,dicht::A,sıx,dwys
625,dick[Gegenstand]::A,qalın,trwchus
626,dünn::A,nazik,tenau
627,fein::A,incə,main
628,fest::A,bərk,cadarn
629,fest::A,möhkəm,cadarn
630,flach::A,düz,gwastad
631,glatt::A,hamar,llyfn
632,hart::A,sərt,caled
633,weich::A,yumşaq,meddal
634,rund::A,yuvarlaq,crwn
635,spitz::A,uclu,pigfain
636,spitz::A,sivri,pigfain
637,scharf::A,kəskin,miniog
638,stumpf::A,küt,pŵl
639,schwer::A,ağır,trwm
640,schön::A,gözəl,teg
641,schön::A,gözəl,hardd
642,schön::A,gözəl,prydferth
643,schön::A,gəşəng,teg
644,schön::A,gəşəng,hardd
645,schön::A,gəşəng,prydferth
646,heiß::A,isti,poeth
647,warm::A,ilıq,twym
648,warm::A,ilıq,cynnes
649,kalt::A,soyuq,oer
650,kühl::A,sərin,oeraidd
651,frisch::A,təzə,iach
652,feucht::A,nəm,llaith
653,nass::A,yaş,gwlyb
654,trocken::A,quru,sych
655,voll::A,dolu,llawn
656,leer::A,boş,gwag
657,offen::A,açıq,agored
658,geschlossen::A,qapalı,caead
659,geschlossen::A,qapalı,caeëdig
660,sauber::A,təmiz,glân
661,schmutzig::A,kirli,budr
662,schmutzig::A,kirli,brwnt
663,roh::A,çiy,amrwd
664,reif::A,yetişmiş,aeddfed
665,lecker::A,dadlı,blasus
666,lecker::A,dadlı,danteithiol
667,lecker::A,ləzzətli,blasus
668,lecker::A,ləzzətli,danteithiol
669,süß::A,şirin,melys
670,bitter::A,acı,chwerw
671,sauer::A,turş,sur
672,hell::A,aydın,disglair
673,dunkel::A,qaranlıq,tywyll
674,schwarz::A,qara,du
675,weiß::A,ağ,gwyn
676,rot::A,qırmızı,coch
677,gelb::A,sarı,melyn
678,blau::A,göy,glas
679,blau::A,mavi,glas
680,grün::A,yaşıl,gwyrdd
681,grau::A,boz,llwyd
682,bunt::A,əlvan,lliwgar
683,bunt::A,rəngli,lliwgar
684,billig::A,ucuz,rhad
685,teuer::A,bahalı,drud
686,wertvoll::A,qiymətli,gwerthfawr
687,blind::A,kor,dall
688,taub::A,kar,byddar
689,kräftig::A,güclü,nerthol
690,kräftig::A,güclü,grymus
691,stark::A,qüvvətli,cryf
692,stark::A,qüvvətli,cadarn
693,schwach::A,zəif,gwan
694,schwach::A,gücsüz,gwan
695,fett::A,şişman,tew
696,schlank::A,zərif,main
697,hübsch::A,göyçək,tlws
698,böse::A,fəna,drwg
699,dumm::A,axmaq,twp
700,faul::A,tənbəl,diog
701,fleißig::A,çalışqan,dyfal
702,geizig::A,xəsis,crintach
703,geizig::A,xəsis,cybyddlyd
704,klug::A,ağıllı,deallus
705,geschickt::A,bacarıqlı,medrus
706,geschickt::A,bacarıqlı,deheuig
707,lieb::A,əziz,hoff
708,lieb::A,əziz,annwyl
709,lieb::A,sevimli,hoff
710,lieb::A,sevimli,annwyl
711,lustig::A,məzəli,llon
712,lustig::A,gülməli,llon
713,sanft::A,mülayim,mwyn
714,hungrig::A,ac,newynog
715,krank::A,xəstə,sâl
716,krank::A,xəstə,gwael
717,nackt::A,çılpaq,noeth
718,traurig::A,qəmgin,trist
719,traurig::A,kədərli,trist
720,lebendig::A,canlı,yn fyw
721,gut::A,yaxşı,da
722,schlecht::A,pis,drwg
723,schlecht::A,pis,gwael
724,richtig::A,doğru,cywir
725,schlimm::A,fəna,enbyd
726,wahr::A,gərçək,gwir
727,alt::A,əski,hen
728,alt::A,köhnə,hen
729,neu::A,yeni,newydd
730,ehemalig::A,əvvəlki,blaenorol
731,alt[Lebewesen]::A,qoca,oedrannus
732,jung::A,gənc,ifanc
733,arm::A,kasıb,tlawd
734,arm::A,yoxsul,tlawd
735,reich::A,zəngin,cyfoethog
736,bekannt::A,tanış,cynefin
737,bekannt::A,tanış,cyfarwydd
738,berühmt::A,məşhur,enwog
739,fremd::A,yad,estron
740,verschieden::A,dürlü,gwahanol
741,nah::A,yaxın,agos
742,fern::A,uzaq,pell
743,linker::A,sol,aswy
744,linker::A,sol,chwith
745,rechter::A,sağ,de
746,rechter::A,sağ,deau
747,anderer::A,başqa,arall
748,erster::A,birinci,cyntaf
749,zweiter::A,ikinci,ail
750,dritter::A,üçüncü,trydydd
751,letzter::A,sonuncu,olaf
752,letzter::A,axırıncı,olaf
753,allein::ADV,tək,unig
754,allein::ADV,tək,ar ei ben ei hun
755,allein::ADV,yalqız,unig
756,allein::ADV,yalqız,ar ei ben ei hun
757,auf einmal::ADV,birdən,ar yr un pryd
758,zusammen::ADV,birlikdə,ynghyd
759,zusammen::ADV,birlikdə,gyda'i gilydd
760,lange::ADV,uzun,amser hir
761,plötzlich::ADV,qəfildən,yn sydyn
762,sofort::ADV,həmən,ar unwaith
763,sofort::ADV,dərhal,ar unwaith
764,später::ADV,sonra,yn ddiweddarach
765,jetzt::ADV,indi,yn awr
766,heute::ADV,bugün,heddiw
767,morgen::ADV,sabah,yfory
768,bald::ADV,yaxında,yn fuan
769,bald::ADV,yaxında,gyda hyn
770,bald::ADV,tezliklə,yn fuan
771,bald::ADV,tezliklə,gyda hyn
772,dann::ADV,onda,yna
773,dann::ADV,onda,y pryd hwnnw
774,gestern::ADV,dünən,ddoe
775,einst::ADV,əvvəllər,gynt
776,damals::ADV,o vaxt,ar y pryd
777,damals::ADV,o vaxt,bryd hynny
778,danach::ADV,sonra,wedyn
779,vorher::ADV,qabaqcadan,o'r blaen
780,zuerst::ADV,əvvəl,yn gyntaf
781,einmal::ADV,bir dəfə,unwaith
782,manchmal::ADV,hərdənbir,weithiau
783,manchmal::ADV,hərdənbir,ar brydiau
784,oft::ADV,tez-tez,yn aml
785,oft::ADV,tez-tez,yn fynych
786,oft::ADV,çox vaxt,yn aml
787,oft::ADV,çox vaxt,yn fynych
788,immer::ADV,daimi,bob amser
789,immer::ADV,həmişə,bob amser
790,niemals::ADV,əsla,ni ... byth
791,niemals::ADV,əsla,ni ... erioed
792,niemals::ADV,heç bir zaman,ni ... byth
793,niemals::ADV,heç bir zaman,ni ... erioed
794,hier::ADV,bura,yma
795,hier::ADV,burada,yma
796,hierhin::ADV,buraya,hyd yma
797,von hier::ADV,buradan,oddi yma
798,dort::ADV,ora,acw
799,dort::ADV,orada,acw
800,dorthin::ADV,oraya,tuag yno
801,geradeaus::ADV,düz,syth ymlaen
802,vorwärts::ADV,irəli,ymlaen
803,rückwärts::ADV,geri,yn ôl
804,zurück::ADV,geriyə,yn ôl
805,unten::ADV,aşağıda,isod
806,unten::ADV,aşağıda,oddi tanodd
807,hinab::ADV,aşağı,i lawr
808,hinab::ADV,aşağı,i waered
809,oben::ADV,yuxarıda,fry
810,hinauf::ADV,yuxarı,i fyny
811,hinauf::ADV,yuxarı,i'r lan
812,überall::ADV,hər yerdə,ym mhobman
813,nicht::ADV,-ma-,ni
814,nicht::ADV,-ma-,nid
815,ein wenig::ADV,bir az,tipyn
816,ein wenig::ADV,bir az,ychydig
817,kaum::ADV,güclə,prin
818,sehr::ADV,çox,iawn
819,so::ADV,belə,fel
820,so::ADV,belə,felly
821,noch::ADV,hələ,eto
822,nur::ADV,yalnız,yn unig
823,schon::ADV,artıq,eisoes
824,schon::ADV,artıq,yn barod
825,wieder::ADV,yenə,drachefn
826,vergebens::ADV,boş yerə,yn ofer
827,vor::PRP,önündə,o flaen
828,hinter::PRP,arxasında,ar ôl
829,unter::PRP,altında,islaw
830,durch::PRP,içindən,trwy
831,neben::PRP,yanında,ar bwys
832,zwischen::PRP,arasında,rhwng
833,zwischen::PRP,arasında,cydrhwng
834,wegen::PRP,üçün,o achos
835,wegen::PRP,üçün,oherwydd
836,wegen::PRP,ötəri,o achos
837,wegen::PRP,ötəri,oherwydd
838,dies::PRN,bu,hyn
839,das::PRN,o,hynny
840,alles::PRN,hər şey,popeth
841,ich::PRN,mən,fi
842,du::PRN,sən,ti
843,er::PRN,o,fe
844,wir::PRN,biz,ni
845,ihr::PRN,siz,chi
846,sie::PRN,onlar,hwy
847,was::FPRN,nə,pa beth
848,wer::FPRN,kim,pwy
849,wo::FADV,harada,ble
850,wo::FADV,harada,ym mha le
851,wohin::FADV,haraya,i ble
852,wohin::FADV,haraya,i ba le
853,wie::FADV,necə,sut
854,warum::FADV,niyə,pam
855,warum::FADV,nə üçün,pam
856,wieviel::FNUM,neçə,faint
857,wieviel::FNUM,nə qədər,faint
858,eins::NUM,bir,un
859,zwei::NUM,iki,dau
860,drei::NUM,üç,tri
861,vier::NUM,dörd,pedwar
862,fünf::NUM,beş,pump
863,sechs::NUM,altı,chwech
864,sieben::NUM,yeddi,saith
865,acht::NUM,səkkiz,wyth
866,neun::NUM,doqquz,naw
867,zehn::NUM,on,deg
868,elf::NUM,on bir,un ar ddeg
869,zwölf::NUM,on iki,deuddeg
870,zwölf::NUM,on iki,un deg dau
871,zwanzig::NUM,iyirmi,ugain
872,dreißig::NUM,otuz,tri deg
873,dreißig::NUM,otuz,deg ar hugain
874,vierzig::NUM,qırx,deugain
875,fünfzig::NUM,əlli,hanner cant
876,sechzig::NUM,altmış,chwe deg
877,siebzig::NUM,yetmiş,saith deg
878,siebzig::NUM,yetmiş,deg a thrigain
879,achtzig::NUM,səksən,wyth deg
880,achtzig::NUM,səksən,pedar ugain
881,neunzig::NUM,doxsan,naw deg
882,neunzig::NUM,doxsan,deg a phedwar ugain
883,hundert::NUM,yüz,cant
884,tausend::NUM,min,mil
885,und::CNJ,və,a
886,oder::CNJ,ya,neu
887,stehen::V,durmaq,sefyll
888,sitzen::V,oturmaq,eistedd
889,liegen::V,uzanmaq,gorwedd
890,hängen::V,asılmaq,hongian
891,werden::V,olmaq,dod yn
892,werden::V,olmaq,mynd yn
893,passieren::V,olmaq,digwydd
894,passieren::V,baş vermək,digwydd
895,beginnen::V,başlamaq,cychwyn
896,enden::V,bitmək,gorffen
897,wechseln::V,dəyişmək,newid
898,aufgehen[Sonne]::V,doğmaq,codi
899,untergehen[Sonne]::V,batmaq,machlud
900,scheinen[Sonne]::V,parlamaq,tywynnu
901,donnern::V,guruldamaq,taranu
902,wehen::V,əsmək,chwythu
903,strömen::V,axmaq,ffrydio
904,fließen::V,axmaq,llifo
905,sich drehen::V,dönmək,troi
906,sich drehen::V,dönmək,cylchdroi
907,schwanken::V,yellənmək,siglo
908,schwingen::V,yellənmək,siglo
909,fallen::V,düşmek,cwympo
910,brennen::V,yanmaq,llosgi
911,rauchen::V,tüstüləmək,mygu
912,regnen::V,yağmaq,glawio
913,gefrieren::V,donmaq,rhewi
914,tauen::V,ərimək,toddi
915,tauen::V,ərimək,meirioli
916,schmelzen::V,ərimək,toddi
917,trocknen::V,qurumaq,sychu
918,sieden::V,qaynamaq,berwi
919,faulen::V,çürümək,pydru
920,faulen::V,çürümək,braenu
921,verfaulen::V,çürümək,pydru
922,verfaulen::V,çürümək,dadfeilio
923,reißen::V,yırtılmaq,clecian
924,reißen::V,yırtılmaq,torri'n glats
925,versinken::V,batmaq,suddo
926,vergehen::V,ötmək,myned heibio
927,vergehen::V,ötmək,pasio
928,erscheinen::V,görünmək,ymddangos
929,verschwinden::V,yox olmaq,diflannu
930,sinken::V,enmək,syrthio
931,abnehmen::V,azalmaq,lleihau
932,zunehmen::V,artmaq,cynyddu
933,steigen::V,yüksəlmək,codi
934,wachsen::V,böyümək,tyfu
935,glänzen::V,parlamaq,disgleirio
936,funkeln::V,parıldamaq,pefrio
937,lärmen::V,səs-küy etmək,cadw sŵn
938,lärmen::V,səs-küy etmək,gwneud twrw
939,läuten::V,çalmaq,canu
940,klingeln::V,zəng etmək,canu
941,klingeln::V,zəng etmək,seinio
942,klirren::V,cingildəmək,tincian
943,brausen::V,gurlamaq,rhuo
944,rauschen::V,xışıldamaq,siffrwd
945,rauschen::V,xışıldamaq,chwithrwd
946,klingen::V,səslənmək,seinio
947,bellen::V,hürmək,cyfarth
948,heulen::V,ulamaq,udo
949,heulen::V,ulamaq,oernadu
950,blasen::V,üfləmək,chwythu
951,pfeifen::V,fit vermek,chwibanu
952,schreien::V,bağırmaq,gweiddi
953,schreien::V,bağırmaq,bloeddio
954,schreien::V,qışqırmaq,gweiddi
955,schreien::V,qışqırmaq,bloeddio
956,stöhnen::V,inləmək,griddfan
957,zittern::V,titrəmək,crynu
958,leben::V,yaşamaq,byw
959,geboren werden::V,doğmaq,cael eich geni
960,atmen::V,nəfəs almaq,anadlu
961,trinken::V,içmek,yfed
962,essen::V,yemək,bwyta
963,schlucken::V,udmaq,llyncu
964,müde werden::V,yorulmaq,blino
965,einschlafen::V,yuxuya getmək,mynd i gysgu
966,einschlafen::V,yuxuya getmək,syrthio i gysgu
967,schlafen::V,uyumaq,huno
968,schlafen::V,uyumaq,cysgu
969,aufwachen::V,oyanmaq,dihuno
970,aufstehen::V,yuxudan durmaq,codi
971,sich erholen::V,dincəlmək,ymlacio
972,sich erholen::V,dincəlmək,dadflino
973,krank werden::V,xəstə olmaq,mynd yn sâl
974,krank werden::V,xəstə olmaq,mynd yn wael
975,krank sein::V,azarlanmaq,gwaelu
976,krank sein::V,xəstələnmək,gwaelu
977,schmerzen::V,ağrimaq,brifo
978,husten::V,öksürmək,pesychu
979,genesen::V,sağalmaq,gwella
980,genesen::V,sağalmaq,cael yn ôl
981,sterben::V,ölmək,marw
982,sterben::V,vəfat etmək,marw
983,umkommen::V,həlak olmaq,trengi
984,sich bewegen::V,hərəkət etmək,symud
985,sich rühren::V,tərpənmək,syflyd
986,sich erheben::V,qalxmaq,codi
987,sich setzen::V,oturmaq,eistedd
988,hinfallen::V,yıxılmaq,cwympo
989,laufen::V,yerimək,cerdded
990,schreiten::V,addım atmaq,camu
991,spazierengehen::V,gəzmək,mynd am dro
992,eilen::V,atılmaq,rhuthro
993,sich beeilen::V,tələsmək,brysio
994,sausen::V,çırpmaq,rhuthro
995,rennen::V,qaçmaq,rhedeg
996,springen::V,sıçramaq,llamu
997,springen::V,sıçramaq,neidio
998,klettern::V,dırmanmaq,dringo
999,schaukeln::V,sallanmaq,siglo
1000,kriechen::V,sürünmək,cropian
1001,schwimmen::V,üzmek,nofio
1002,tauchen::V,dalmaq,plymio
1003,tauchen::V,dalmaq,ymsuddo
1004,rudern::V,avarlamaq,rhwyfo
1005,fahren::V,sürmək,gyrru
1006,fahren::V,sürmək,dreifio
1007,fliegen::V,uçmaq,hedfan
1008,gehen::V,getmək,mynd
1009,weggehen::V,getmək,mynd
1010,weggehen::V,getmək,ymadael
1011,abfahren::V,yola düşmək,ymadael
1012,anhalten::V,saxlamaq,stopio
1013,hineingehen::V,girmək,mynd i mewn
1014,eintreten::V,girmək,mynd i
1015,eintreten::V,daxil olmaq,mynd i
1016,kommen::V,gəlmək,dod
1017,ankommen::V,gəlib çatmaq,cyrraedd
1018,zurückkommen::V,qayıtmaq,dychwelyd
1019,bleiben::V,qalmaq,aros
1020,bleiben::V,qalmaq,sefyll
1021,warten::V,gözləmək,aros
1022,warten::V,gözləmək,disgwyl
1023,erwarten::V,bəkləmək,disgwyl
1024,suchen::V,aramaq,chwilio am
1025,suchen::V,axtarmaq,chwilio am
1026,finden::V,tapmaq,darganfod
1027,versuchen::V,çalışmaq,profi
1028,versuchen::V,çalışmaq,ceisio
1029,vorbereiten::V,hazırlamaq,paratoi
1030,lieben::V,sevmək,caru
1031,mögen::V,xoşlamaq,hoffi
1032,lachen::V,gülmək,chwerthin
1033,rühren::V,həyəcanlandırmaq,cynhyrfu
1034,weinen::V,ağlamaq,wylo
1035,weinen::V,ağlamaq,llefain
1036,schimpfen::V,küfr etmək,grwgnach
1037,sich ärgern::V,acıqlanmaq,gofidio
1038,sich fürchten::V,qorxmaq,ofni
1039,fürchten::V,qorxmaq,arswydo
1040,fliehen::V,qaçmaq,ffoi
1041,flüchten::V,qaçmaq,dianc
1042,sehen::V,görmək,gweld
1043,anschauen::V,baxmaq,syllu
1044,anschauen::V,baxmaq,edrych
1045,ansehen::V,baxmaq,gwylio
1046,hören::V,duymaq,clywed
1047,hören::V,eşitmək,clywed
1048,zuhören::V,dinləmək,gwrando
1049,probieren::V,dadına baxmaq,profi
1050,riechen::V,qoxlamaq,arogli
1051,fühlen::V,duymaq,teimlo
1052,fühlen::V,duymaq,clywed
1053,scheinen::V,görünmək,ymddangos
1054,zu sehen sein::V,görünmək,dod i'r golwg
1055,vernehmen::V,eşitmək,clywed sôn am
1056,frieren::V,üşümək,bod yn oer
1057,tun::V,etmək,gwneud
1058,können::V,bilmək,gallu
1059,können::V,bacarmaq,gallu
1060,wollen::V,istəmək,bod mewn angen
1061,anfangen::V,başlamaq,dechrau
1062,beenden::V,bitirmək,darfod
1063,beenden::V,bitirmək,gorffen
1064,aufhören::V,bitmək,peidio
1065,aufhören::V,qurtarmaq,peidio
1066,gelingen::V,müvəffəq olmaq,llwyddo
1067,geraten::V,düşmək,diweddu
1068,öffnen::V,açmaq,agor
1069,schließen::V,qapamaq,cau
1070,stellen::V,qoymaq,gosod
1071,setzen::V,oturtmaq,gosod
1072,legen::V,qoymaq,gosod
1073,berühren::V,toxunmaq,cyffwrdd
1074,verbinden::V,bağlamaq,cysylltu
1075,bedecken::V,örtmək,gorchuddio
1076,aufhängen::V,asmaq,crogi
1077,aufhängen::V,asmaq,hongian
1078,anzünden::V,yandırmaq,cynnau
1079,aufheben::V,qaldırmaq,codi
1080,zurücklassen::V,buraxmaq,gadael
1081,verlieren::V,itirmək,colli
1082,fallen lassen::V,düşürmək,gollwng
1083,machen::V,etmək,gwneud
1084,herstellen::V,istehsal etmək,cynhyrchu
1085,bauen::V,tikmək,adeiladu
1086,reparieren::V,təmir etmək,trwsio
1087,reparieren::V,təmir etmək,atgyweirio
1088,verbessern::V,düzəltmək,diwygio
1089,ändern::V,dəyişdirmək,altro
1090,graben::V,qazımaq,palu
1091,graben::V,qazımaq,cloddio
1092,beugen::V,əymək,plygu
1093,biegen::V,bükmək,plygu
1094,drehen::V,döndərmək,troelli
1095,wenden::V,çevirmək,troi
1096,umdrehen::V,çevirmək,troi
1097,heben::V,qaldırmaq,codi
1098,hochheben::V,qaldırmaq,dyrchafu
1099,ergreifen::V,tutmaq,gafael
1100,halten::V,saxlamaq,dal
1101,drücken::V,sıxmaq,pwyso
1102,drücken::V,sıxmaq,gwasgu
1103,schieben::V,sürmək,gwthio
1104,kratzen::V,qaşımaq,crafu
1105,lecken::V,yalamaq,llyfu
1106,beißen::V,dişləmək,cnoi
1107,beißen::V,dişləmək,brathu
1108,abreißen::V,qoparmaq,tynnu ymaith
1109,abschneiden::V,ayırmaq,torri
1110,binden::V,bağlamaq,clymu
1111,stecken::V,soxmaq,plannu
1112,brechen::V,qırmaq,torri
1113,klopfen::V,sındırmaq,taro
1114,hauen::V,vurmaq,taro
1115,kleben::V,apışdırmaq,gludio
1116,reiben::V,ovmaq,rhwbio
1117,streichen::V,sürtmək,taenu
1118,schleifen::V,bülövləmək,hogi
1119,schneiden::V,kəsmək,torri
1120,rütteln::V,sirkələmək,ysgytio
1121,schütteln::V,çalxalamaq,siglo
1122,schütteln::V,çalxalamaq,ysgwyd
1123,schwenken::V,yelləmək,siglo
1124,schütten::V,tökmək,tywallt
1125,füllen::V,doldurmaq,llenwi
1126,einwickeln::V,sarımaq,lapio
1127,tragen::V,daşımaq,cludo
1128,schleppen::V,sürükləmək,llusgo
1129,ziehen::V,çəkmək,tynnu
1130,aufbewahren::V,gizlətmək,cadw
1131,werfen::V,atmaq,taflu
1132,fangen::V,tutmaq,dal
1133,packen::V,yaxalamaq,cipio
1134,packen::V,yaxalamaq,crafangu
1135,verstecken::V,gizlətmək,celu
1136,verstecken::V,gizlətmək,cuddio
1137,teilen::V,bölmək,rhannu
1138,schicken::V,yollamaq,anfon
1139,schicken::V,göndərmək,anfon
1140,bringen::V,gətirmək,dod â
1141,hinzufügen::V,əlavə etmək,chwanegu
1142,bekommen::V,almaq,cael
1143,bekommen::V,əldə etmək,cael
1144,erhalten::V,almaq,derbyn
1145,nehmen::V,almaq,cymryd
1146,wählen::V,seçmək,dewis
1147,auswählen::V,arımaq,dethol
1148,bewahren::V,qorumaq,cadw
1149,behindern::V,mane olmaq,atal
1150,behindern::V,mane olmaq,rhwystro
1151,verderben::V,pozmaq,difetha
1152,beschädigen::V,zədələmək,niweidio
1153,zerbrechen::V,qırmaq,torri
1154,zerbrechen::V,sındırmaq,torri
1155,zerreißen::V,yırtmaq,rhwygo
1156,zerstören::V,dağıtmaq,dinistrio
1157,verbrennen::V,yandırmaq,llosgi
1158,geben::V,vermək,rhoi
1159,reichen::V,uzatmaq,estyn
1160,schenken::V,vermək,rhoddi
1161,versprechen::V,vəd vermək,addo
1162,wünschen::V,arzulamaq,dymuno
1163,loben::V,tərifləmək,canmol
1164,küssen::V,öpmək,cusanu
1165,wiegen::V,tərpətmək,siglo
1166,zudecken::V,örtmək,gorchuddio
1167,wecken::V,oyatmaq,deffro
1168,zeigen::V,göstərmək,dangos
1169,führen::V,rəhbərlik etmək,arwain
1170,lehren::V,öyrətmək,dysgu
1171,unterrichten::V,öyrətmək,hyfforddi
1172,unterrichten::V,dərs vermək,hyfforddi
1173,aufziehen::V,tərbiyə etmək,dod i fyny
1174,leiten::V,idarə etmək,arwain
1175,antreiben::V,bizləmək,annog
1176,lassen::V,-tırmaq,gadael
1177,einladen::V,dəvət etmək,gwahodd
1178,vereinigen::V,birləşdirmək,uno
1179,vereinigen::V,birləşdirmək,cyfuno
1180,besuchen::V,baş çəkmək,ymweld â
1181,besuchen::V,ziyarət etmək,ymweld â
1182,treffen::V,rastlaşmaq,cwrdd
1183,treffen::V,rastlaşmaq,cyfarfod
1184,treffen::V,rast gəlmək,cwrdd
1185,treffen::V,rast gəlmək,cyfarfod
1186,sich versammeln::V,toplanmaq,casglu
1187,sich versammeln::V,toplanmaq,cynnull
1188,spielen::V,oynamaq,chwarae
1189,singen::V,oxumaq,canu
1190,tanzen::V,oynamaq,dawnsio
1191,tanzen::V,rəqs etmək,dawnsio
1192,sich trennen::V,ayrılmaq,ymwahanu
1193,verlassen::V,tərk etmək,gadael
1194,retten::V,xilas etmək,achub
1195,bewachen::V,gözətmək,gwarchod
1196,schützen::V,qorumaq,noddi
1197,verteidigen::V,qorumaq,amddiffyn
1198,sich schlagen::V,döyüşmək,ffraeo
1199,sich schlagen::V,döyüşmək,terfysgu
1200,schießen::V,atmaq,saethu
1201,schießen::V,atəş açmaq,saethu
1202,siegen::V,yenmək,ennill
1203,ärgern::V,acışdırmaq,cythruddo
1204,schlagen::V,döymək,curo
1205,treten::V,təpmək,cicio
1206,stechen::V,soxmaq,pigo
1207,stoßen::V,itələmək,gwthio
1208,stehlen::V,çalmaq,dwyn
1209,stehlen::V,çalmaq,lladrata
1210,stehlen::V,oğurlamaq,dwyn
1211,stehlen::V,oğurlamaq,lladrata
1212,stören::V,pozmaq,aflonyddu
1213,belästigen::V,narahat etmək,trafferthu
1214,verbergen::V,gizləmək,cuddio
1215,täuschen::V,aldatmaq,twyllo
1216,betrügen::V,aldatmaq,hocedu
1217,töten::V,öldürmək,lladd
1218,wohnen::V,yaşamaq,byw
1219,arbeiten::V,işləmək,gweithio
1220,arbeiten::V,çalışmaq,gweithio
1221,sammeln::V,yığmaq,casglu
1222,sammeln::V,toplamaq,casglu
1223,pflücken::V,qoparmaq,casglu
1224,jagen::V,ovlamaq,hela
1225,fischen::V,balıq tutmaq,pysgota
1226,fassen::V,tutmaq,dal
1227,hüten::V,güdmək,bugeilio
1228,treiben::V,haylamaq,gyrru
1229,anbinden::V,bağlamaq,clymu
1230,füttern::V,bəsləmək,porthi
1231,melken::V,sağmaq,godro
1232,hacken::V,yarmaq,torri
1233,gießen::V,sulamaq,dyfrhau
1234,reifen::V,dəymək,aeddfedu
1235,zubereiten::V,bişirmək,coginio
1236,kochen::V,qaynatmaq,berwi
1237,backen::V,bişirmək,pobi
1238,backen::V,bişirmək,crasu
1239,braten::V,qızartmaq,ffrio
1240,umrühren::V,qarışdırmaq,cyffroi
1241,stricken::V,hörmək,gwau
1242,nähen::V,tikmək,gwnïo
1243,färben::V,boyamaq,lliwio
1244,reinigen::V,təmizləmək,glanhau
1245,waschen::V,yumaq,golchi
1246,abwischen::V,silmək,sychu
1247,spülen::V,çalxamaq,streulio
1248,fegen::V,süpürmək,ysgubo
1249,kehren::V,süpürmək,ysgubo
1250,baden::V,çimmək,cael bath
1251,sich waschen::V,yuyunmaq,ymolchi
1252,ausziehen::V,soyunmaq,tynnu
1253,anziehen::V,geymək,gwisgo
1254,sich anziehen::V,geyinmək,ymwisgo
1255,kämmen::V,daramaq,cribo
1256,schmücken::V,bəzəmək,harddu
1257,schmücken::V,bəzəmək,addurno
1258,sagen::V,demək,dweud
1259,sagen::V,söymek,dweud
1260,sprechen::V,danışmaq,llefaru
1261,reden::V,danışmaq,siarad
1262,sich unterhalten::V,söhbət etmək,sgwrsio
1263,fragen::V,soruşmaq,gofyn
1264,bitten::V,diləmək,gofyn am
1265,bitten::V,xahiş etmək,gofyn am
1266,erzählen::V,bəhs etmək,dweud
1267,mitteilen::V,bildirmək,cyfleu
1268,nennen::V,adlandırmaq,enwi
1269,rufen::V,çağırmaq,galw
1270,prahlen::V,öyünmək,brolio
1271,prahlen::V,öyünmək,ymffrostio
1272,übersetzen::V,tərcümə etmək,cyfieithu
1273,denken::V,düşünmək,meddwl
1274,denken::V,fikirləşmək,meddwl
1275,glauben::V,inanmaq,credu
1276,glauben::V,inanmaq,coelio
1277,bemerken::V,qeyd etmək,sylwi
1278,erkennen::V,tanımaq,adnabod
1279,begreifen::V,anlamaq,amgyffred
1280,verstehen::V,duymaq,deall
1281,lernen::V,öyrənmək,dysgu
1282,wissen::V,bilmək,gwybod
1283,sich erinnern an::V,xatırlamaq,cofio
1284,vergessen::V,unutmaq,anghofio
1285,messen::V,ölçmək,mesur
1286,zählen::V,saymaq,cyfrif
1287,rechnen::V,hesablamaq,cyfrifo
1288,lesen::V,oxumaq,darllen
1289,malen::V,şəkil çəkmək,peintio
1290,zeichnen::V,cızmaq,tynnu
1291,schreiben::V,yazmaq,ysgrifennu
1292,besitzen::V,yiyələnmək,meddu
1293,besitzen::V,malik olmaq,meddu
1294,kaufen::V,satın almaq,prynu
1295,verkaufen::V,satmaq,gwerthu
1296,bezahlen::V,ödəmək,talu am
1297,zahlen::V,ödəmək,talu
1298,beherrschen::V,idarə etmək,rheoli
1299,beherrschen::V,idarə etmək,llywodraethu
1300,ertragen::V,dözmək,dioddef
