,Concept_ID,bn,eu
0,Auge::N,চক্ষু,begi
1,Ohr::N,কর্ণ,belarri
2,Nase::N,নাক,sudur
3,Mund::N,মুখ,aho
4,Zahn::N,দাঁত,hortz
5,Zunge::N,জিহবা,mihi
6,Lippe::N,অধর,ezpain
7,Wange::N,গণ্ড,masail
8,Gesicht::N,মুখমণ্ডল,aurpegi
9,Stirn::N,কপাল,bekoki
10,Haar::N,চুল,ile
11,Haar::N,চুল,bilo
12,Schnurrbart::N,গোঁফ,bibote
13,Schnurrbart::N,গোঁফ,sudurpeko
14,Bart::N,শ্মশ্রু,bizar
15,Kinn::N,চিবুক,kokots
16,Kiefer[Anatomie]::N,চোয়াল,masailezur
17,Kehle::N,কণ্ঠ,eztarri
18,Hals::N,গল,sama
19,Genick::N,ঘাড়,garondo
20,Kopf::N,মাথা,buru
21,Rücken::N,পৃষ্ঠ,bizkar
22,Bauch::N,উদর,sabel
23,Nabel::N,নাভি,zilbor
24,Busen::N,স্তন,titi
25,Busen::N,স্তন,ugatz
26,Brust::N,বুক,bular
27,Schulter::N,স্কন্ধ,besaburu
28,Arm::N,বাহু,beso
29,Ellenbogen::N,কনুই,ukondo
30,Hand::N,হাত,esku
31,Handfläche::N,করতল,ahur
32,Finger::N,আঙ্গুল,hatz
33,Fingernagel::N,হাতের নখ,azazkal
34,Nagel[Anatomie]::N,নখ,azazkal
35,Zeh::N,আঙ্গুল,behatz
36,Fuß::N,পা,oin
37,Ferse::N,গোড়ালি,orpo
38,Ferse::N,গোড়ালি,oinburu
39,Knie::N,হাঁটু,belaun
40,Oberschenkel::N,ঊরু,izter
41,Bein::N,পা,zango
42,Körper::N,দেহ,soin
43,Haut::N,ত্বক,azal
44,Blut::N,রক্ত,odol
45,Ader::N,শিরা,zain
46,Sehne::N,কণ্ডরা,gihar-zain
47,Knochen::N,অস্থি,hezur
48,Gehirn::N,মস্তিষ্ক,garun
49,Gehirn::N,মস্তিষ্ক,burmuin
50,Herz::N,হৃৎপিণ্ড,bihotz
51,Magen::N,পাকস্থলী,urdail
52,Leber::N,যকৃৎ,gibel
53,Atem::N,শ্বাস,hats
54,Atem::N,শ্বাস,arnasa
55,Hunger::N,ক্ষুধা,gose
56,Träne::N,অশ্রু,malko
57,Geschmack::N,স্বাদ,dasta
58,Geruch::N,গন্ধ,usain
59,Schlaf::N,ঘুম,lo
60,Traum::N,স্বপ্ন,amets
61,Himmel::N,আকাশ,zeru
62,Sonne::N,সূর্য,eguzki
63,Mond::N,চন্দ্র,ilargi
64,Stern::N,নক্ষত্র,izar
65,Luft::N,বায়ু,aire
66,Wind::N,বাতাস,haize
67,Welle::N,ঢেউ,uhin
68,Welle::N,ঢেউ,olatu
69,Welle::N,তরঙ্গ,uhin
70,Welle::N,তরঙ্গ,olatu
71,Wasser::N,জল,ur
72,Stein::N,ঢিল,harri
73,Stein::N,প্রস্তর,harri
74,Boden::N,ভূতল,lur
75,Boden::N,ভূতল,zoru
76,Erde::N,ভূমি,lur
77,Staub::N,ধুলা,hauts
78,Rauch::N,ধোঁয়া,ke
79,Funke::N,স্ফুলিঙ্গ,zirta
80,Funke::N,স্ফুলিঙ্গ,txinparta
81,Feuer::N,অগ্নি,su
82,Licht::N,আলো,argi
83,Schatten::N,ছায়া,itzal
84,Schatten::N,ছায়া,geriza
85,Wetter::N,আবহাওয়া,eguraldi
86,Nebel::N,কুহেলিকা,laino
87,Wolke::N,মেঘ,hodei
88,Regen::N,বৃষ্টি,euri
89,Schnee::N,তুষার,elur
90,Eis::N,বরফ,horma
91,Frost::N,তুষার,izotzaldi
92,Kälte::N,শৈত্য,hotz
93,Hitze::N,তাপ,bero
94,Raureif::N,তুহিন,antzigar
95,Regenbogen::N,রামধনু,ostadar
96,Regenbogen::N,রামধনু,ortzadar
97,Donner::N,বজ্রধ্বনি,ostots
98,Donner::N,বজ্রধ্বনি,ihurtzuri
99,Strömung::N,স্রোত,laster
100,Tropfen::N,ফোঁটা,xorta
101,Schaum::N,ফেনা,bits
102,Schmutz::N,ধুলা,lohi
103,Schmutz::N,ধুলা,zikin
104,See::N,হ্রদ,laku
105,See::N,হ্রদ,aintzira
106,Sumpf::N,জলা,zingira
107,Moor::N,মাঠ,zohikaztegi
108,Wiese::N,তৃণভূমি,larre
109,Wiese::N,তৃণভূমি,belardi
110,Wald::N,বন,baso
111,Wald::N,বন,oihan
112,Hügel::N,পাহাড়,muino
113,Hügel::N,পাহাড়,pentoka
114,Anhöhe::N,টিলা,garai
115,Anhöhe::N,টিলা,goragune
116,Berg::N,পর্বত,mendi
117,Gipfel::N,শীর্ষ,gain
118,Gipfel::N,শীর্ষ,tontor
119,Höhle::N,গুহা,kobazulo
120,Abhang::N,ঢাল,aldapa
121,Quelle::N,উৎস,iturri
122,Quelle::N,উৎস,iturbegi
123,Bach::N,ক্ষুদ্র নদী,lats
124,Bach::N,ক্ষুদ্র নদী,erreka
125,Fluss::N,নদী,ibai
126,Fluss::N,নদী,uhaitz
127,Ufer::N,উপকূল,bazter
128,Küste::N,তীর,itsasalde
129,Festland::N,ভূমি,lehor
130,Meer::N,সমুদ্র,itsaso
131,Bucht::N,উপসাগর,golko
132,Insel::N,দ্বীপ,irla
133,Insel::N,দ্বীপ,uharte
134,Blume::N,ফুল,lili
135,Gras::N,ঘাস,belar
136,Wurzel::N,শিকড়,zuztar
137,Wurzel::N,শিকড়,sustrai
138,Baum::N,গাছ,zuhaitz
139,Stamm::N,স্কন্ধ,enbor
140,Rinde::N,বল্কল,azal
141,Ast::N,শাখা,adar
142,Zweig::N,ডাল,abar
143,Blatt::N,পর্ণ,hosto
144,Birke::N,ভুর্জ,urki
145,Kiefer[Baum]::N,পাইন গাছ,ler
146,Weide[Baum]::N,উইলো,zume
147,Weide[Baum]::N,উইলো,sahats
148,Tanne::N,দেবদারূ গাছ,izei
149,Horn::N,শিং,adar
150,Feder::N,পালক,luma
151,Feder::N,পালক,hegaki
152,Fell::N,রোম,ile
153,Fell::N,রোম,larru
154,Flügel::N,ডানা,hego
155,Klaue::N,নখর,atzapar
156,Kralle::N,নখর,erpe
157,Kralle::N,নখর,atzapar
158,Schwanz::N,লেজ,isats
159,Schwanz::N,লেজ,buztan
160,Ei::N,ডিম,arrautza
161,Nest::N,কুলায়,habia
162,Bau::N,ডেরা,ohantze
163,Tier::N,জন্তু,abere
164,Tier::N,জন্তু,piztia
165,Herde::N,ঝাঁক,saldo
166,Herde::N,ঝাঁক,abere talde
167,Kuh::N,গোরু,behi
168,Bulle::N,বৃষ,zezen
169,Pferd::N,ঘোড়া,zaldi
170,Schaf::N,ভেড়া,ardi
171,Schwein::N,শূকর,urde
172,Schwein::N,শূকর,txerri
173,Hund::N,কুকুর,txakur
174,Katze::N,বেড়াল,katu
175,Bär::N,ভল্লুক,hartz
176,Eichhörnchen::N,কাঠবিড়াল,urtxintxa
177,Elch::N,হরিণবিশেষ,altze
178,Fuchs::N,পাঁতিশিয়াল,azeri
179,Hase::N,শশক,erbi
180,Maus::N,নেংটি ইঁদুর,sagu
181,Wolf::N,নেকড়ে,otso
182,Vogel::N,পক্ষী,txori
183,Vogel::N,পক্ষী,hegazti
184,Schwarm::N,ঝাঁক,aldra
185,Huhn::N,মোরগ,oilo
186,Hahn::N,কুক্কুট,oilar
187,Gans::N,হংসী,antzara
188,Adler::N,ইগল,arrano
189,Ente::N,হংসী,ahate
190,Eule::N,পেচক,hontza
191,Kranich::N,সারস,kurrilo
192,Krähe::N,কাক,bele
193,Kuckuck::N,কোকিল,kuku
194,Schwan::N,মরাল,beltxarga
195,Fisch::N,মাছ,arrain
196,Barsch::N,মৎন্যবিশেষ,perka
197,Hecht::N,বানমাছ,lutxo
198,Schlange[Tier]::N,সর্প,suge
199,Wurm::N,কীট,har
200,Spinne::N,মাকড়সা,armiarma
201,Ameise::N,পিপীলিকা,inurri
202,Laus::N,উকুন,zorri
203,Mücke::N,মশা,eltxo
204,Fliege::N,মাছি,euli
205,Schmetterling::N,প্রজাপতি,pinpirin
206,Schmetterling::N,প্রজাপতি,tximeleta
207,Beere::N,বেরি,baia
208,Apfel::N,আপেল,sagar
209,Pilz::N,ছত্রক,onddo
210,Pilz::N,ছত্রক,perretxiko
211,Zwiebel::N,পিয়াজ,tipula
212,Saat::N,বীজ,haziak
213,Korn::N,শস্য,ale
214,Korn::N,শস্য,pikor
215,Heu::N,খড়,belar ondu
216,Schale::N,খোসা,azal
217,Grube::N,গর্ত,hobi
218,Falle::N,ফাঁদ,harrapagailu
219,Schlinge::N,পাশ,bilur
220,Schlinge::N,পাশ,xedera
221,Spur::N,চিহ্ন,lorratz
222,Asche::N,ভস্ম,errauts
223,Dreck::N,ময়লা,satsukeria
224,Eisen::N,লোহা,burdina
225,Gold::N,স্বর্ণ,urre
226,Gold::N,স্বর্ণ,urregorri
227,Silber::N,রৌপ্য,zilar
228,Silber::N,রৌপ্য,urrezuri
229,Kohle::N,অঙ্গার,ikatz
230,Glas::N,কাচ,beira
231,Lehm::N,মৃত্তিকা,buztin
232,Sand::N,বালি,harea
233,Sand::N,বালি,hondar
234,Mensch::N,নর,gizaki
235,Mensch::N,মানুষ,gizaki
236,Mann::N,মানুষ,gizon
237,Frau::N,নারী,andere
238,Frau::N,নারী,emakume
239,Kind::N,বাচ্চা,haur
240,Junge::N,ছেলে,mutil
241,Mädchen::N,মেয়ে,neska
242,Familie::N,পরিবার,sendi
243,Familie::N,পরিবার,familia
244,Großvater::N,মাতামহ,aitona
245,Großvater::N,মাতামহ,aitatxi
246,Großmutter::N,মাতামহী,amona
247,Großmutter::N,মাতামহী,amatxi
248,Eltern::N,মাতাপিতা,gurasoak
249,Vater::N,পিতা,aita
250,Mutter::N,মাতা,ama
251,Sohn::N,ছেলে,seme
252,Tochter::N,মেয়ে,alaba
253,Bruder::N,দাদা,neba
254,Bruder::N,দাদা,anaia
255,Schwester::N,বোন,ahizpa
256,Schwester::N,দিদি,ahizpa
257,Onkel::N,মামা,osaba
258,Tante::N,মাসী,izeba
259,Ehemann::N,স্বামী,senar
260,Ehefrau::N,পত্নী,emazte
261,Freude::N,উল্লাস,poz
262,Freude::N,উল্লাস,pozkari
263,Gelächter::N,হাসি,barre
264,Gelächter::N,হাসি,karkara
265,Glück::N,সুখ,zori
266,Kummer::N,দুঃখ,xangrin
267,Kummer::N,দুঃখ,atsekabe
268,Wunsch::N,আকাঙ্ক্ষা,nahi
269,Wunsch::N,আকাঙ্ক্ষা,nahikunde
270,Lust::N,বাসনা,gogo
271,Geist::N,আত্না,gogo
272,Gedanke::N,চিন্তা,gogoeta
273,Gedächtnis::N,স্মরণশক্তি,oroimen
274,Gedächtnis::N,স্মরণশক্তি,gogoramen
275,Verstand::N,মন,adimen
276,Verstand::N,মন,ulermen
277,Sinn::N,পদার্থ,zentzu
278,Grund::N,কারণ,zergati
279,Wahrheit::N,সত্য,egia
280,Gespräch::N,কথাবার্তা,hizketa
281,Gespräch::N,কথাবার্তা,elkarrizketa
282,Märchen::N,রূপকথা,ipuin
283,Erzählung::N,গল্প,edesti
284,Erzählung::N,গল্প,kontakizun
285,Nachricht::N,তথ্য,albiste
286,Neuigkeit::N,খবরাখবর,berri
287,Name::N,নাম,izen
288,Rätsel::N,ধাঁধা,asmakizun
289,Rede::N,বক্তৃতা,hitzaldi
290,Rede::N,বক্তৃতা,mintzaldi
291,Sprache::N,ভাষা,hizkuntza
292,Stimme::N,স্বর,ahots
293,Wort::N,শব্দ,hitz
294,Zeichen::N,প্রতীক,agerbide
295,Zeichen::N,প্রতীক,agergarri
296,Ruf::N,ডাক,dei
297,Lärm::N,হৈচৈ,zarata
298,Lärm::N,হৈচৈ,harrabots
299,Laut::N,ধ্বনি,hots
300,Ton::N,স্বর,tonu
301,Ton::N,স্বর,soinu
302,Lied::N,গান,abesti
303,Ruhe::N,শান্তি,nasaitasun
304,Leute::N,প্রজাপুঞ্জ,jende
305,Volk::N,জাতি,herri
306,Volk::N,জাতি,populu
307,Arbeit::N,চাকরি,lan
308,Gast::N,অতিথি,arrotz
309,Gast::N,অতিথি,apopilo
310,Geschenk::N,উপহার,opari
311,Spiel::N,খেলা,jolas
312,Gesellschaft::N,সঙ্গিগণ,gizarte
313,Hilfe::N,সাহায্য,helpide
314,Hilfe::N,সাহায্য,laguntza
315,Freund::N,বন্ধু,lagun
316,Kamerad::N,সঙ্গী,adiskide
317,Kamerad::N,সঙ্গী,lagunkide
318,Angelegenheit::N,বিষয়,afera
319,Anzahl::N,পরিমাণ,kopuru
320,Art::N,রকম,mota
321,Stück::N,টুকরো,puska
322,Teil::N,অংশ,atal
323,Hälfte::N,অর্ধেক,erdi
324,Kreis::N,বৃত্ত,biribilki
325,Kreuz::N,ক্রুশ,gurutze
326,Linie::N,রেখা,linea
327,Strich::N,কষি,marra
328,Abstand::N,ফাঁক,tarte
329,Entfernung::N,ব্যবধান,urrunera
330,Gegend::N,ক্ষেত্র,alderdi
331,Gegend::N,ক্ষেত্র,eskualde
332,Platz::N,জায়গা,leku
333,Ort::N,স্থান,toki
334,Seite::N,পার্শ্ব,albo
335,Mitte::N,মধ্য,erdi
336,Gegenstand::N,জিনিস,gauzaki
337,Sache::N,বস্তু,gauza
338,Rand::N,কানা,ertz
339,Kante::N,ধার,ertz
340,Ecke::N,কোণ,kantoi
341,Spitze::N,ডগা,punta
342,Ende::N,প্রান্ত,buru
343,Ende::N,প্রান্ত,mutur
344,Loch::N,গর্ত,zulo
345,Winkel::N,কোণ,zoko
346,Winkel::N,কোণ,bazter
347,Muster::N,নমুন্,eredu
348,Muster::N,নমুন্,marrazki
349,Größe::N,আয়তন,kaizu
350,Größe::N,আয়তন,tamaina
351,Länge::N,দৈর্ঘ্য,luzera
352,Höhe::N,উচ্চতা,goiera
353,Höhe::N,উচ্চতা,garaiera
354,Gewicht::N,ওজন,hazta
355,Menge::N,পরিমাণ,kopuru
356,Haufen::N,পুঞ্জ,pila
357,Haufen::N,পুঞ্জ,mendoi
358,Reihe::N,শ্রেণী,ilara
359,Reihe::N,শ্রেণী,errenkada
360,Boot::N,নৌকা,potin
361,Boot::N,নৌকা,txalupa
362,Ruder::N,দাঁড়,arraun
363,Schlitten::N,স্নেজ্-গাড়ি,lera
364,Schlitten::N,স্নেজ্-গাড়ি,narra
365,Ski::N,শী,eski
366,Lagerfeuer::N,অগ্নি,su
367,Last::N,বোঝা,zama
368,Last::N,বোঝা,karga
369,Gang::N,হণ্টন,ibilera
370,Schritt::N,পদ,pauso
371,Schritt::N,পদ,urrats
372,Norden::N,উত্তরদিক্,ipar
373,Norden::N,উত্তরদিক্,iparralde
374,Süden::N,দক্ষিণদিক,hego
375,Süden::N,দক্ষিণদিক,hegoalde
376,Westen::N,পশ্চিমদিক্,sartalde
377,Westen::N,পশ্চিমদিক্,mendebalde
378,Osten::N,পূর্বদিক,ekialde
379,Osten::N,পূর্বদিক,sortalde
380,Holz::N,কাঠ,zur
381,Brett::N,তক্তা,ohol
382,Platte::N,ফলক,lauza
383,Stütze::N,নাগদণ্ড,irozgarri
384,Stütze::N,নাগদণ্ড,bermagailu
385,Stange::N,দণ্ড,haga
386,Stock::N,ছড়ি,makila
387,Stab::N,যষ্টি,makila
388,Rohr::N,নল,hodi
389,Haus::N,ঘর,etxe
390,Heim::N,বাসা,etxe
391,Heim::N,বাসা,etxaleku
392,Ofen::N,স্টোভ্,berogailu
393,Fußboden::N,গহতল,zoru
394,Tisch::N,মেজ,mahai
395,Tisch::N,টেবিল,mahai
396,Stuhl::N,চেয়ার,aulki
397,Stuhl::N,কেদারা,aulki
398,Wiege::N,দোলনা,kuma
399,Wiege::N,দোলনা,sehaska
400,Bett::N,শয্যা,ohe
401,Bett::N,শয্যা,ohatze
402,Regal::N,তাক,apalategi
403,Kiste::N,বাক্স,kutxa
404,Fenster::N,জানালা,leiho
405,Tür::N,দ্বার,ate
406,Tor::N,দ্বার,atari
407,Zaun::N,বেড়া,hesi
408,Dach::N,ছাদ,teilatu
409,Leiter::N,মই,zurubi
410,Besen::N,গুল্মবিশেষ,erratz
411,Spaten::N,কোদাল,burdinpala
412,Schaufel::N,বেলচা,pala
413,Gabel::N,কাঁটা,sardexka
414,Löffel::N,চামচ,koilara
415,Messer::N,ছুরি,aizto
416,Nagel::N,পেরেক,iltze
417,Netz::N,জাল,sare
418,Haken::N,কাচি,mako
419,Griff::N,হাতল,eskutoki
420,Schloss::N,তালা,sarraila
421,Bild::N,ছবি,irudi
422,Bild::N,চিত্র,irudi
423,Figur::N,আকার,figura
424,Puppe::N,পুতুল,panpina
425,Puppe::N,পুতুল,andrakila
426,Beutel::N,বটুয়া,zorro
427,Bündel::N,আঁটি,azao
428,Bündel::N,আঁটি,espal
429,Tasche::N,থলি,poltsa
430,Eimer::N,বাল্তি,treska
431,Deckel::N,আবরণ,tapa
432,Deckel::N,আবরণ,estalki
433,Geschirr::N,থালা-বাসন,baxera
434,Geschirr::N,থালা-বাসন,ontziteria
435,Sack::N,বস্তা,zaku
436,Tasse::N,কাপ,kikara
437,Topf::N,পাত্র,ontzi
438,Topf::N,পাত্র,lapiko
439,Kessel::N,কেটলি,pazia
440,Essen::N,আহার,janaldi
441,Nahrung::N,খাদ্য,jan
442,Speise::N,খাদ্য,jaki
443,Fleisch::N,মাংস,okela
444,Fleisch::N,মাংস,haragi
445,Getreide::N,শস্য,labore
446,Brei::N,মণ্ড,ahi
447,Brei::N,মণ্ড,pure
448,Brot::N,রুটি,ogi
449,Scheibe::N,ফালি,xerra
450,Scheibe::N,ফালি,pirripita
451,Fett::N,মেদ,urin
452,Fett::N,মেদ,koipe
453,Butter::N,মাখন,gurin
454,Öl::N,তৈল,olio
455,Salz::N,নুন,gatz
456,Suppe::N,শুরুয়া,zopa
457,Suppe::N,শুরুয়া,salda
458,Honig::N,মধু,ezti
459,Milch::N,দুধ,esne
460,Tee::N,চা,te
461,Leder::N,পাকা চামড়া,larru
462,Wolle::N,পশম,artile
463,Stoff::N,বস্ত্র,ehun
464,Nadel::N,সুচ,orratz
465,Nadel::N,সুচ,jostorratz
466,Faden::N,সূত্র,hari
467,Knopf::N,বোতাম,botoi
468,Knoten::N,গিঁট,korapilo
469,Farbe::N,রং,pintura
470,Kleidung::N,কাপড়,arropa
471,Kleidung::N,কাপড়,jantziak
472,Hemd::N,শার্ট,atorra
473,Hemd::N,শার্ট,alkandora
474,Kragen::N,গলবন্ধ,idun
475,Ärmel::N,আস্তিন্,mahuka
476,Hose::N,ট্রাউজার,prakak
477,Hose::N,ট্রাউজার,galtzak
478,Gürtel::N,কটিবন্ধ,gerriko
479,Mütze::N,টুপি,txano
480,Mütze::N,টুপি,txapel
481,Schuh::N,জুতো,oski
482,Schuh::N,জুতো,oinetako
483,Stiefel::N,বুট,bota
484,Ring::N,আংটি,uztai
485,Band::N,ফিতা,zinta
486,Band::N,ফিতা,xingola
487,Kamm::N,চিরুনি,orrazi
488,Spiegel::N,আয়না,mirail
489,Riemen::N,চাবুক,uhal
490,Schnur::N,দড়ি,lokailu
491,Leine::N,শিকল,lotura
492,Decke::N,কম্বল,burusi
493,Kissen::N,উপাধান,kuxin
494,Tuch::N,বস্ত্র,zapi
495,Tuch::N,বস্ত্র,oihal
496,Handtuch::N,তোয়ালে,eskuzapi
497,Handtuch::N,তোয়ালে,eskuoihal
498,Kraft::N,জোর,indar
499,Stärke::N,শক্তি,indar
500,Gesundheit::N,স্বাস্থ্য,osasun
501,Krankheit::N,অসুখ,eritasun
502,Krankheit::N,অসুখ,gaixotasun
503,Krankheit::N,ব্যামো,eritasun
504,Krankheit::N,ব্যামো,gaixotasun
505,Schmerz::N,যন্ত্রণা,min
506,Wunde::N,ক্ষত,zauri
507,Fieber::N,জ্বর,sukar
508,Arznei::N,ঔষধ,osagai
509,Arznei::N,ঔষধ,sendagai
510,Brücke::N,সেতু,zubi
511,Brunnen::N,কূপ,putzu
512,Weide::N,পশুচারণভূমি,alha
513,Weide::N,পশুচারণভূমি,bazkaleku
514,Pfad::N,পথ,zidor
515,Pfad::N,পথ,bidexka
516,Weg::N,পথ,bide
517,Straße::N,রাস্তা,errepide
518,Dorf::N,গ্রাম,herri
519,Stadt::N,শহর,hiri
520,Brief::N,চিঠি,gutun
521,Brief::N,চিঠি,eskutitz
522,Buch::N,বই,liburu
523,Buchstabe::N,অক্ষর,hizki
524,Zeitung::N,সংবাদপত্র,egunkari
525,Leben::N,জীবন,bizi
526,Leben::N,জীবন,bizitza
527,Tod::N,মৃত্যু,herio
528,Tod::N,মৃত্যু,heriotza
529,Grab::N,কবর,hobi
530,Grab::N,কবর,hilobi
531,Kirche::N,গির্জা,eliza
532,Sünde::N,পাপ,hoben
533,Sünde::N,পাপ,bekatu
534,Gott::N,দেবতা,jainko
535,Arbeiter::N,শ্রমিক,langile
536,Arbeiter::N,শ্রমিক,behargin
537,Chef::N,নেতা,nagusi
538,Meister::N,ব্যক্তি,maisu
539,Arzt::N,চিকিৎসক,osagile
540,Arzt::N,চিকিৎসক,sendagile
541,Lehrer::N,অধ্যাপক,irakasle
542,Geld::N,মুদ্রা,diru
543,Geld::N,টাকাপয়সা,diru
544,Geschäft::N,ব্যস্ততা,negozio
545,Laden::N,দোকান,denda
546,Laden::N,দোকান,saltegi
547,Preis::N,মূল্য,prezio
548,Preis::N,মূল্য,salneurri
549,Ware::N,পণ্যদ্রব্য,salgai
550,Nutzen::N,সুবিধা,onura
551,Nutzen::N,সুবিধা,probetxu
552,Reichtum::N,ধনদৌলত,aberastasun
553,Welt::N,জগৎ,ludi
554,Welt::N,জগৎ,mundu
555,Land::N,খেত,herrialde
556,Staat::N,রাষ্ট্র,estatu
557,König::N,রাজা,errege
558,Macht::N,প্রভাব,botere
559,Grenze::N,সীমা,muga
560,Krieg::N,যুদ্ধ,guda
561,Feind::N,শত্রু,etsai
562,Feind::N,শত্রু,arerio
563,Gewalt::N,জোর,bortxa
564,Gewalt::N,জোর,bortizkeria
565,Kampf::N,লড়াই,gudu
566,Kampf::N,লড়াই,auska
567,Bogen[Waffe]::N,ধনুক,arku
568,Pfeil::N,বাণ,gezi
569,Gewehr::N,বন্দুক,fusil
570,Fehler::N,ভুল,huts
571,Fehler::N,ভুল,hutsegin
572,Lüge::N,মিথ্যা,gezur
573,Schaden::N,ক্ষতি,kalte
574,Unglück::N,দুর্ভাগ্য,zoritxar
575,Unglück::N,দুর্ভাগ্য,zorigaitz
576,Schuld::N,অপরাধ,erru
577,Alter::N,আয়ু,adin
578,Schluss::N,শেষ,bukaera
579,Zeit::N,সময়,aldi
580,Zeit::N,সময়,denbora
581,Tag::N,দিন,egun
582,Morgen::N,সকাল,goiz
583,Mittag::N,মধ্যাহু,eguerdi
584,Abend::N,সন্ধ্যা,arrats
585,Nacht::N,রাত্রি,gau
586,Woche::N,সপ্তাহ,aste
587,Monat::N,মাস,hil
588,Jahr::N,সৌরবর্ষ,urte
589,Frühling::N,বসন্তকাল,udalehen
590,Sommer::N,গ্রীষ্মকাল,uda
591,Herbst::N,শরংঋতু,udazken
592,Herbst::N,শরংঋতু,neguantz
593,Winter::N,শীতকাল,negu
594,Januar::N,জানুয়ারী,urtarril
595,Februar::N,ফেব্রুয়ারী,otsail
596,März::N,মার্চ,martxo
597,April::N,এপ্রিল,apiril
598,Mai::N,মে,maiatz
599,Juni::N,জুন,ekain
600,Juli::N,জুলাই,uztail
601,August::N,অগাস্ট,abuztu
602,September::N,সেপ্টেম্বর,irail
603,Oktober::N,অক্টোবর,urri
604,November::N,নভেম্বর,azaro
605,Dezember::N,ডিসেম্বর,abendu
606,Montag::N,সোমবার,astelehen
607,Dienstag::N,মঙ্গলবার,astearte
608,Mittwoch::N,বুধবার,asteazken
609,Donnerstag::N,বৃহম্পতিবার,ostegun
610,Freitag::N,শুক্রবার,ostiral
611,Samstag::N,শনিবার,larunbat
612,Sonntag::N,রবিবার,igande
613,groß::A,বৃহৎ,handi
614,klein::A,ছোট,txiki
615,lang::A,দীর্ঘ,luze
616,kurz::A,খর্ব,labur
617,kurz::A,হ্রস্ব,labur
618,breit::A,চওড়া,zabal
619,schmal::A,সরু,mehar
620,dicht::A,ঘন,sarri
621,dicht::A,ঘন,trinko
622,dick[Gegenstand]::A,পুরু,lodi
623,dünn::A,কৃশ,mehe
624,fein::A,সূক্ষ্ম,fin
625,fest::A,দৃঢ়,tinko
626,flach::A,সমতল,lau
627,flach::A,সমতল,ordoki
628,glatt::A,মসৃণ,leun
629,hart::A,শক্ত,gogor
630,weich::A,নরম,bigun
631,weich::A,নরম,beratz
632,rund::A,গোলাকার,biribil
633,spitz::A,তীক্ষ্ন,puntadun
634,scharf::A,শাণিত,zorrotz
635,stumpf::A,ভোঁতা,kamuts
636,schwer::A,ভারী,astun
637,schwer::A,ভারী,pisutsu
638,schön::A,সুন্দর,eder
639,heiß::A,গরম,bero
640,heiß::A,গরম,oso bero
641,warm::A,ঈষদুষ্ণ,bero
642,kalt::A,ঠাণ্ডা,hotz
643,kühl::A,শীতল,hotzil
644,frisch::A,তাজা,fresko
645,frisch::A,তাজা,hozkirri
646,feucht::A,ভিজা,heze
647,nass::A,ভিজা,busti
648,trocken::A,শুষ্ক,siku
649,trocken::A,শুষ্ক,lehor
650,voll::A,পূর্ণ,bete
651,leer::A,খালি,huts
652,offen::A,খোলা,ireki
653,geschlossen::A,বন্ধ,itxita
654,sauber::A,নির্মল,xahu
655,sauber::A,নির্মল,garbi
656,schmutzig::A,নোংরা,lohi
657,schmutzig::A,নোংরা,zikin
658,roh::A,কাঁচা,gordin
659,reif::A,পাকা,umo
660,reif::A,পাকা,heldu
661,lecker::A,সুস্বাদ,goxo
662,süß::A,মিষ্ট,goxo
663,bitter::A,তিক্ত,karmin
664,bitter::A,তিক্ত,garratz
665,sauer::A,টক,mingots
666,hell::A,উজ্জ্বল,argi
667,dunkel::A,অন্ধকারময়,ilun
668,schwarz::A,কালো,beltz
669,weiß::A,সাদা,zuri
670,rot::A,লাল,gorri
671,gelb::A,হলদে,hori
672,blau::A,নীল,urdin
673,grün::A,সবুজ,berde
674,grün::A,সবুজ,musker
675,grau::A,ছাই-রঙা,urdin
676,grau::A,ছাই-রঙা,urdinabar
677,bunt::A,রঙিন,koloretsu
678,billig::A,সস্তা,merke
679,teuer::A,আক্রা,garesti
680,wertvoll::A,মহার্ঘ,baliotsu
681,blind::A,কানা,itsu
682,taub::A,বধির,gor
683,kräftig::A,বিশাল,kementsu
684,stark::A,শক্তিশালী,bizkor
685,stark::A,শক্তিশালী,indartsu
686,schwach::A,দুর্বল,ahul
687,schwach::A,দুর্বল,indargabe
688,fett::A,মোটা,gizen
689,schlank::A,কৃশ,lerden
690,hübsch::A,সুন্দর,polit
691,böse::A,খারাপ,tzar
692,böse::A,খারাপ,gaizto
693,dumm::A,মূর্খ,lelo
694,dumm::A,মূর্খ,pello
695,faul::A,শ্রমবিমুখ,nagi
696,faul::A,শ্রমবিমুখ,alfer
697,fleißig::A,পরিশ্রমী,maratz
698,fleißig::A,পরিশ্রমী,lanzale
699,geizig::A,ব্যয়কুণ্ঠ,zeken
700,geizig::A,ব্যয়কুণ্ঠ,zikoitz
701,klug::A,দক্ষ,zuhur
702,geschickt::A,পটু,trebe
703,geschickt::A,পটু,antzetsu
704,lieb::A,প্রেয়,maite
705,lieb::A,প্রেয়,laztan
706,lustig::A,প্রফুল্ল,alaitsu
707,sanft::A,নম্র,eme
708,sanft::A,নম্র,ezti
709,hungrig::A,ক্ষুধার্ত,gose
710,krank::A,অসুস্থ,eri
711,krank::A,অসুস্থ,gaixo
712,nackt::A,উলঙ্গ,biluzi
713,traurig::A,দুঃখিত,itun
714,traurig::A,দুঃখিত,betilun
715,lebendig::A,জীবিত,bizirik
716,gut::A,ভালো,on
717,schlecht::A,মন্দ,txar
718,richtig::A,ঠিক,zuzen
719,schlimm::A,কদর্য,larri
720,wahr::A,বাস্তব,egiazko
721,alt::A,পুরাতন,zahar
722,neu::A,নব,berri
723,neu::A,নূতন,berri
724,ehemalig::A,পূর্বকালীন,lehengo
725,alt[Lebewesen]::A,বৃদ্ধ,adindun
726,jung::A,তরুণ,gazte
727,arm::A,ক্ষুদ্র,txiro
728,arm::A,ক্ষুদ্র,behartsu
729,reich::A,ধনবান্,dirudun
730,bekannt::A,সুপরিচিত,ezagun
731,berühmt::A,বিখ্যাত,entzun
732,berühmt::A,বিখ্যাত,ospetsu
733,fremd::A,বিদেশি,arrotz
734,verschieden::A,বিসদৃশ,ezberdin
735,verschieden::A,বিসদৃশ,desberdin
736,nah::A,নিকটবতী,hurre
737,nah::A,নিকটবতী,hurbil
738,fern::A,দুরবতী,urrun
739,linker::A,বাম,ezker
740,rechter::A,ডান,eskuin
741,rechter::A,ডাইন,eskuin
742,anderer::A,অন্যতর,beste
743,erster::A,প্রথম,lehen
744,erster::A,প্রথম,aurren
745,zweiter::A,দ্বিতীয়,bigarren
746,dritter::A,তৃতীয়,hirugarren
747,letzter::A,সর্বশেষ,azken
748,letzter::A,সর্বশেষ,hondar
749,allein::ADV,একক,bakarrik
750,auf einmal::ADV,জলদি,batera
751,zusammen::ADV,একসঙ্গে,elkarrekin
752,lange::ADV,লম্বা,luzaro
753,plötzlich::ADV,হঠাৎ,bat-batean
754,sofort::ADV,মুহ্ণর্তমধ্যে,berehala
755,später::ADV,পশ্চাতে,gero
756,jetzt::ADV,এখন,orain
757,heute::ADV,আজ,gaur
758,morgen::ADV,আগামিকাল,bihar
759,bald::ADV,অস্পকালমধ্যে,aurki
760,bald::ADV,অস্পকালমধ্যে,laster
761,dann::ADV,তখন,ondoren
762,gestern::ADV,গতকাল,atzo
763,einst::ADV,একবার মাত্র,antzina
764,damals::ADV,তখন,orduan
765,danach::ADV,পরে,gerora
766,danach::ADV,পরে,ondoren
767,vorher::ADV,আগে,lehenago
768,zuerst::ADV,আগে,aurrena
769,zuerst::ADV,আগে,lehenbizi
770,einmal::ADV,একবার,behin
771,einmal::ADV,একবার,aldi bat
772,manchmal::ADV,কখনও কখনও,batzuetan
773,manchmal::ADV,কখনও কখনও,zenbaitetan
774,oft::ADV,ঘনঘন,maiz
775,oft::ADV,ঘনঘন,askotan
776,immer::ADV,সর্বদা,beti
777,niemals::ADV,কখলও নহে,inoiz ez
778,niemals::ADV,কখলও নহে,sekula ez
779,hier::ADV,এখানে,hemen
780,hierhin::ADV,এখানে,hona
781,von hier::ADV,ত্রই স্তান হইতে,hemendik
782,von hier::ADV,ত্রই স্তান হইতে,honetatik
783,dort::ADV,ওখানে,han
784,dorthin::ADV,ওখানে,hara
785,geradeaus::ADV,অগ্রগামী,artez
786,vorwärts::ADV,সন্মুখিকে,aurrera
787,rückwärts::ADV,খিরিয়া,atzera
788,rückwärts::ADV,খিরিয়া,atzerantz
789,zurück::ADV,পিঠ,atzera
790,unten::ADV,নীচে,behean
791,hinab::ADV,নিম্নগামী,behera
792,hinab::ADV,নিম্নগামী,beherantz
793,oben::ADV,উপরে,goian
794,hinauf::ADV,উচ্চতর অংশে,gora
795,hinauf::ADV,উচ্চতর অংশে,gorantz
796,überall::ADV,সর্বত্র,edonon
797,nicht::ADV,না,ez
798,ein wenig::ADV,অল্প,apur bat
799,ein wenig::ADV,অল্প,pixka bat
800,kaum::ADV,কষ্টসহকাবে,ozta
801,kaum::ADV,কষ্টসহকাবে,nekez
802,sehr::ADV,খুব,oso
803,so::ADV,তত,hala
804,so::ADV,তত,honela
805,noch::ADV,এখন পর্যস্ত,oraindik
806,nur::ADV,শুধু,bakarrik
807,schon::ADV,ইতঃপুর্বে,ja
808,schon::ADV,ইতঃপুর্বে,jada
809,wieder::ADV,আবার,berriro
810,vergebens::ADV,বিফলে,alferrik
811,vor::PRP,সম্মুখে,aurrean
812,hinter::PRP,পশ্চাতে,ostean
813,hinter::PRP,পশ্চাতে,gibelean
814,unter::PRP,নীচে,pean
815,unter::PRP,নীচে,azpian
816,durch::PRP,দ্বারা,zehar
817,neben::PRP,কাছে,ondoan
818,neben::PRP,কাছে,aldamenean
819,zwischen::PRP,মধ্যে,artean
820,wegen::PRP,জন্য,-gatik
821,dies::PRN,এটা,hau
822,das::PRN,ওটা,hura
823,alles::PRN,সব,dena
824,ich::PRN,আমি,ni
825,du::PRN,তুমি,zu
826,er::PRN,উনি,bera
827,wir::PRN,আমরা,gu
828,ihr::PRN,তোমরা,zuek
829,sie::PRN,তারা,berak
830,was::FPRN,কি,zer
831,wer::FPRN,কে,nor
832,wo::FADV,কোথায়,non
833,wohin::FADV,কোথায়,nora
834,wie::FADV,কেমন,nola
835,wie::FADV,কেমন,zelan
836,warum::FADV,কেন,zeren
837,warum::FADV,কেন,zergatik
838,wieviel::FNUM,কত,zenbat
839,eins::NUM,অক,bat
840,zwei::NUM,দুই,bi
841,zwei::NUM,দুই,biga
842,drei::NUM,তিন,hiru
843,vier::NUM,চার,lau
844,fünf::NUM,পাঁচ,bost
845,sechs::NUM,ছয়,sei
846,sieben::NUM,সাত,zazpi
847,acht::NUM,আট,zortzi
848,neun::NUM,নয়,bederatzi
849,zehn::NUM,দশ,hamar
850,elf::NUM,এগারো,hamaika
851,zwölf::NUM,দ্বাদশ,hamabi
852,zwanzig::NUM,বিশ,hogei
853,dreißig::NUM,ত্রিশ,hogeita hamar
854,vierzig::NUM,চল্লিশ,berrogei
855,fünfzig::NUM,পঞ্চাশ,berrogeita hamar
856,sechzig::NUM,ষাট,hirurogei
857,siebzig::NUM,সত্তর,hirurogeita hamar
858,achtzig::NUM,আশি,laurogei
859,neunzig::NUM,নব্বুই,laurogeita hamar
860,hundert::NUM,শত,ehun
861,tausend::NUM,হাজার,mila
862,und::CNJ,আর,eta
863,und::CNJ,এবং,eta
864,oder::CNJ,বা,edo
865,stehen::V,দাঁড়ানো,zutik egon
866,sitzen::V,বসা,eserita egon
867,liegen::V,শোয়া,etzan
868,hängen::V,ঝোলা,eskegita egon
869,hängen::V,ঝোলা,zintzilik egon
870,werden::V,হইয়া উঠা,bihurtu
871,werden::V,হইয়া উঠা,bilakatu
872,passieren::V,ঘটা,pasatu
873,passieren::V,ঘটা,gertatu
874,beginnen::V,আরম্ভ হওয়া,hasi
875,enden::V,শেষ হওয়া,bukatu
876,wechseln::V,রূপাস্তর করা,aldatu
877,aufgehen[Sonne]::V,উদিত হওয়া,ilki
878,aufgehen[Sonne]::V,উদিত হওয়া,sortu
879,untergehen[Sonne]::V,অস্ত যাওয়া,sartu
880,scheinen[Sonne]::V,আলো দেওয়া,eguzkia egon
881,donnern::V,বজ্রধ্বনি করা,trumoia jo
882,wehen::V,প্রবাহিত হওয়া,haizea ibili
883,strömen::V,প্রবাহিত হওয়া,zorrotadaka isuri
884,fließen::V,ছুটা,isuri
885,sich drehen::V,পাক খাওয়া,biratu
886,schwanken::V,দোলা,zabuka ibili
887,schwingen::V,দোলা,kulunkatu
888,fallen::V,পড়া,erori
889,brennen::V,সেঁকা,sutan egon
890,rauchen::V,ধোঁয়া ছড়ান,kea bota
891,regnen::V,বর্ষণ_করা,euria ari izan
892,gefrieren::V,হিমায়িত হওয়া,izoztu
893,gefrieren::V,হিমায়িত হওয়া,hormatu
894,tauen::V,গলা,gesaldu
895,schmelzen::V,গলা,urtu
896,trocknen::V,শুষ্ক করা,idortu
897,trocknen::V,শুষ্ক করা,lehortu
898,sieden::V,ফোঁড়া,irakin
899,faulen::V,ক্ষয় হওয়া,hirotu
900,faulen::V,ক্ষয় হওয়া,usteldu
901,verfaulen::V,ক্ষয় হওয়া ,hirotu
902,verfaulen::V,ক্ষয় হওয়া ,usteldu
903,reißen::V,ছিঁড়া,eten
904,reißen::V,ছিঁড়া,tarrat egin
905,versinken::V,ডুবা,urperatu
906,vergehen::V,যাওয়া,iragan
907,erscheinen::V,আসা,agertu
908,verschwinden::V,অদৃশ্য হওয়া,desagertu
909,sinken::V,হ্রাস হওয়া,beheititu
910,abnehmen::V,হ্রাস হওয়া,gutxitu
911,abnehmen::V,হ্রাস হওয়া,beheratu
912,zunehmen::V,বৃদ্ধি পাওয়া,gora egin
913,steigen::V,ওঠা,igo
914,wachsen::V,বড় হওয়া,hazi
915,glänzen::V,জ্বলা,distiratu
916,funkeln::V,জ্বল্জ্বল করা,izarniatu
917,läuten::V,রুসুঝুসু করা,jo
918,läuten::V,রুসুঝুসু করা,hots egin
919,klingeln::V,বাজা,txirrina jo
920,klirren::V,টুংটাং-শব্দ করা,tintin egin
921,brausen::V,গর্জন করা,marru egin
922,rauschen::V,মর্মরধ্বনি করা,fir-fir egin
923,klingen::V,শব্দ করা,soinu egin
924,bellen::V,ঘেউ ঘেউ করা,zaunkatu
925,heulen::V,গর্জন করা,ulu egin
926,heulen::V,গর্জন করা,uhuri egin
927,blasen::V,ফুঁ দেওয়া,ufa egin
928,blasen::V,ফুঁ দেওয়া,putz egin
929,pfeifen::V,শিস্ দেওয়া,txistu egin
930,schreien::V,চিৎকার করা,oihu egin
931,schreien::V,চিৎকার করা,garrasi egin
932,stöhnen::V,গোঁ-গো করা,intziri egin
933,zittern::V,কাঁপা,ikara egin
934,zittern::V,কাঁপা,dar-dar egin
935,leben::V,বাঁচা,bizi izan
936,geboren werden::V,জন্মানো,jaio
937,atmen::V,শ্বাস ফেলা,hats egin
938,atmen::V,শ্বাস ফেলা,arnasa egin
939,trinken::V,পান করা,edan
940,essen::V,ভক্ষণ করা,jan
941,schlucken::V,গেলা,irentsi
942,müde werden::V,পরিশ্রান্ত হওয়া,unatu
943,müde werden::V,পরিশ্রান্ত হওয়া,nekatu
944,einschlafen::V,নিদ্রামগ্ন হওয়া,lokartu
945,schlafen::V,নিদ্রা যাওয়া,lo egin
946,aufwachen::V,জাগা,esnatu
947,aufwachen::V,জাগা,atzarri
948,aufstehen::V,জাগা,jaiki
949,sich erholen::V,আরাম করা,atseden egin
950,krank werden::V,অসুস্থ হত্তয়া,gaixotu
951,krank sein::V,রূগ্ণ হত্তয়া,eri izan
952,krank sein::V,রূগ্ণ হত্তয়া,gaixo izan
953,schmerzen::V,কন্কন করা,min egin
954,husten::V,কাশা,eztul egin
955,genesen::V,আরোগ্য হওয়া,osatu
956,sterben::V,মারা যাওয়া,hil
957,sterben::V,মারা যাওয়া,zendu
958,umkommen::V,মারা যাওয়া,istripuz hil
959,sich bewegen::V,চলা,higitu
960,sich rühren::V,নড়া,zirkin egin
961,sich erheben::V,উদিত হওয়া,zutitu
962,sich erheben::V,উদিত হওয়া,altxatu
963,sich setzen::V,বসা,eseri
964,sich setzen::V,বসা,jesarri
965,hinfallen::V,পড়া,erori
966,laufen::V,হাঁটা,ibili
967,schreiten::V,হাঁটা,oinkatu
968,spazierengehen::V,পায়চারি করা,paseatu
969,spazierengehen::V,পায়চারি করা,ostera bat egin
970,eilen::V,ত্বরাম্বিত করা,lasterkatu
971,sich beeilen::V,ত্বরাম্বিত করা,lehiatu
972,sausen::V,ধেয়ে যাওয়া,ziztu bizian joan
973,rennen::V,চলা,lasterka egin
974,springen::V,লাফানো,jauzi egin
975,klettern::V,আরোহণ করা,igo
976,schaukeln::V,দোলা,zabu egin
977,schaukeln::V,দোলা,zanbulu egin
978,kriechen::V,হামাগুড়ি দেওয়া,narras egin
979,schwimmen::V,সাঁতার কাটা,igerikatu
980,schwimmen::V,সাঁতার কাটা,igeri egin
981,tauchen::V,ডোবা,murgildu
982,tauchen::V,ডোবা,pulunpatu
983,rudern::V,দাঁড় টানা,bogatu
984,rudern::V,দাঁড় টানা,arraun egin
985,fahren::V,চালান,joan
986,fliegen::V,ওড়া,hegaldatu
987,fliegen::V,ওড়া,hegan egin
988,gehen::V,যাওয়া,joan
989,weggehen::V,প্রস্থান করা,alde egin
990,abfahren::V,প্রস্থান করা,abiatu
991,anhalten::V,থামা,geratu
992,anhalten::V,থামা,gelditu
993,hineingehen::V,ঢোকা,sartu
994,eintreten::V,ঢোকা,sartu
995,kommen::V,আসা,etorri
996,ankommen::V,আসা,heldu
997,ankommen::V,আসা,iritsi
998,zurückkommen::V,ফিরা,itzuli
999,bleiben::V,থাকা,gelditu
1000,warten::V,অপেক্ষা করা,itxaron
1001,warten::V,অপেক্ষা করা,zain egon
1002,erwarten::V,অপেক্ষা করা,iguriki
1003,suchen::V,খোঁজ করা,bilatu
1004,finden::V,পাওয়া,idoro
1005,finden::V,পাওয়া,aurkitu
1006,versuchen::V,পরখ করা,saiatu
1007,versuchen::V,পরখ করা,ahalegindu
1008,vorbereiten::V,প্রস্তুত করা,gertatu
1009,lieben::V,ভালবাসা,maitatu
1010,lieben::V,ভালবাসা,maite izan
1011,mögen::V,পছন্দ করা,laket izan
1012,mögen::V,পছন্দ করা,atsegin izan
1013,lachen::V,হাসা,irri egin
1014,lachen::V,হাসা,barre egin
1015,rühren::V,হৃদয়ম্পর্শ করা,hunkitu
1016,weinen::V,কাঁদা,negar egin
1017,schimpfen::V,নালিশ করা,erneguka ari izan
1018,sich ärgern::V,রাগ হত্তয়া,ernegatu
1019,sich ärgern::V,রাগ হত্তয়া,haserretu
1020,sich fürchten::V,ভয় করা,beldur izan
1021,fürchten::V,ডরা,beldur izan
1022,fliehen::V,পালানো,ihes egin
1023,flüchten::V,পালানো,ihes egin
1024,sehen::V,দেখা,ikusi
1025,anschauen::V,দেখা,begietsi
1026,ansehen::V,দেখা,begiratu
1027,hören::V,শোনা,aditu
1028,zuhören::V,শোনা,entzun
1029,probieren::V,পরখ করা,dastatu
1030,riechen::V,শুঁকা,usnatu
1031,riechen::V,শুঁকা,usaindu
1032,fühlen::V,অনুভব করা,sentitu
1033,scheinen::V,মনে হত্তয়া,iruditu
1034,scheinen::V,মনে হত্তয়া,begitandu
1035,zu sehen sein::V,দেখা দেত্তয়া,azaldu
1036,vernehmen::V,শোনা,aditu
1037,frieren::V,শীত লাগা,hotz izan
1038,tun::V,করা,egin
1039,können::V,পারা,ahal izan
1040,wollen::V,ইচ্ছা করা,nahi izan
1041,anfangen::V,আরম্ভ করা,hasi
1042,beenden::V,শেষ করা,bukatu
1043,aufhören::V,থামা,utzi
1044,gelingen::V,সিদ্ধিলাভ করা,lortu
1045,geraten::V,পরিণত হত্তয়া,heldu
1046,öffnen::V,খোলা,ireki
1047,öffnen::V,খোলা,zabaldu
1048,schließen::V,বন্ধ করা,itxi
1049,stellen::V,স্থাপন করা,ipini
1050,setzen::V,স্থাপন করা,jesarri
1051,legen::V,স্থাপন করা,jarri
1052,berühren::V,স্পর্শ করা,ukitu
1053,verbinden::V,সংযুক্ত করা,uztartu
1054,bedecken::V,ঢাকা,estali
1055,aufhängen::V,ঝুলানো,eseki
1056,aufhängen::V,ঝুলানো,eskegi
1057,anzünden::V,জ্বালান,piztu
1058,aufheben::V,কুড়াইয়া তোলা,jaso
1059,zurücklassen::V,পরিত্যাগ করা,atzean utzi
1060,verlieren::V,হারান,galdu
1061,fallen lassen::V,ফেলা,erortzen utzi
1062,machen::V,গঠন করা,egin
1063,herstellen::V,সৃষ্টি করা,ekoiztu
1064,bauen::V,নির্মাণ করা,eraiki
1065,reparieren::V,মেরামত করা,konpondu
1066,verbessern::V,উন্নতিলাভ করা,hobetu
1067,ändern::V,পরিবর্তিত করা,mudatu
1068,graben::V,খনন করা,aitzurtu
1069,beugen::V,নোয়া,makurtu
1070,biegen::V,নোয়া,malgutu
1071,biegen::V,নোয়া,makolatu
1072,drehen::V,ঘোরান,jiratu
1073,wenden::V,উলটাইয়া দেত্তয়া,bihurtu
1074,umdrehen::V,উলটানো,biratu
1075,umdrehen::V,উলটানো,alderantzikatu
1076,heben::V,উত্তোলন করা,jaso
1077,heben::V,উত্তোলন করা,goratu
1078,hochheben::V,উঁচু করা,goratu
1079,hochheben::V,উঁচু করা,altxatu
1080,ergreifen::V,দখল করা,oratu
1081,halten::V,ধরা,eutsi
1082,drücken::V,টেপা,sakatu
1083,schieben::V,ঠেলা,bultzatu
1084,kratzen::V,চাঁচা,hatz egin
1085,kratzen::V,চাঁচা,hazka egin
1086,lecken::V,চাটা,miaztu
1087,lecken::V,চাটা,lamikatu
1088,beißen::V,দংশন করা,hozka egin
1089,beißen::V,দংশন করা,ausiki egin
1090,abreißen::V,বিচ্ছিন্ন করা,kendu
1091,abschneiden::V,বিচ্ছিন্ন করা,moztu
1092,abschneiden::V,বিচ্ছিন্ন করা,pikatu
1093,binden::V,বন্ধন করা,lotu
1094,binden::V,বন্ধন করা,estekatu
1095,stecken::V,বিদ্ধ করা,sartu
1096,brechen::V,ভাঙা,apurtu
1097,klopfen::V,আঘাত করা,jo
1098,hauen::V,আঘাত করা,jo
1099,kleben::V,সাঁটা,itsatsi
1100,reiben::V,ঘষা,igurtzi
1101,streichen::V,ছড়াইয়া,igurtzi
1102,schleifen::V,ধার দেওয়া,zorroztu
1103,schneiden::V,কাটা,moztu
1104,rütteln::V,নাড়ান,astindu
1105,rütteln::V,নাড়ান,inarrosi
1106,schütteln::V,নড়া,astindu
1107,schütteln::V,নড়া,inarrosi
1108,schwenken::V,দোলা,zabukatu
1109,schütten::V,বর্ষণ করা,isuri
1110,füllen::V,পরিপূর্ণ করা,bete
1111,einwickeln::V,মুড়া,bildu
1112,tragen::V,বহন করা,eroan
1113,tragen::V,বহন করা,eraman
1114,schleppen::V,টানা,narrastu
1115,schleppen::V,টানা,herrestatu
1116,ziehen::V,টানা,tira egin
1117,aufbewahren::V,রাখা,gorde
1118,werfen::V,ছুড়া,jaurti
1119,werfen::V,ছুড়া,aurtiki
1120,fangen::V,লোফা,atzeman
1121,packen::V,ধরা,heldu
1122,verstecken::V,গোপন করা,ostendu
1123,verstecken::V,গোপন করা,ezkutatu
1124,teilen::V,বিভক্ত করা,zatitu
1125,schicken::V,প্রেরণ করা,bidali
1126,bringen::V,আনা,ekarri
1127,hinzufügen::V,একত্র করা,eratxiki
1128,hinzufügen::V,একত্র করা,gaineratu
1129,bekommen::V,পাওয়া,jaso
1130,erhalten::V,পাওয়া,jaso
1131,nehmen::V,নেওয়া,hartu
1132,wählen::V,বাছা,hautatu
1133,wählen::V,বাছা,aukeratu
1134,auswählen::V,বাছা,hautatu
1135,auswählen::V,বাছা,aukeratu
1136,bewahren::V,বাঁচাইয়া রাখা,begiratu
1137,behindern::V,বাধা দেওয়া,oztopatu
1138,verderben::V,নষ্ট করা,hondatu
1139,beschädigen::V,ক্ষতি করা,akastu
1140,zerbrechen::V,ভাঙ্গিয়া যাওয়া,apurtu
1141,zerreißen::V,ছিঁড়া,zarratatu
1142,zerstören::V,বিনাশ করা,suntsitu
1143,verbrennen::V,দহন করা,erre
1144,verbrennen::V,দহন করা,kiskali
1145,geben::V,দেওয়া,eman
1146,reichen::V,দেওয়া,luzatu
1147,reichen::V,দেওয়া,helarazi
1148,schenken::V,উপহার দেত্তয়া,oparitu
1149,versprechen::V,প্রতিশ্রুতি দেওয়া,agindu
1150,wünschen::V,আকাঙ্ক্ষা করা,opatu
1151,wünschen::V,আকাঙ্ক্ষা করা,opetsi
1152,loben::V,প্রশংসা করা,laudatu
1153,loben::V,প্রশংসা করা,goraipatu
1154,küssen::V,চুম্বন করা,musu eman
1155,wiegen::V,দুলানো,kulunkatu
1156,zudecken::V,ঢাকা,estali
1157,wecken::V,জাগানো,esnatu
1158,wecken::V,জাগানো,iratzartu
1159,zeigen::V,দেখানো,erakutsi
1160,führen::V,পথ দেখানো,gidatu
1161,lehren::V,শেখানো,irakatsi
1162,unterrichten::V,শিক্ষা দেওয়া,eskolak eman
1163,aufziehen::V,পালন করা,hazi
1164,leiten::V,পরিচালনা করা,arteztu
1165,antreiben::V,চালনা করা,bulkatu
1166,lassen::V,অনুমতি দেওয়া,-arazi
1167,einladen::V,নিমন্ত্রণ করা,gonbidatu
1168,vereinigen::V,এক করা,batu
1169,vereinigen::V,এক করা,bateratu
1170,besuchen::V,দেখিতে যাওয়া,ikustatu
1171,treffen::V,সন্মুখীন হওয়া,topatu
1172,sich versammeln::V,জড়ো হওয়া,bildu
1173,spielen::V,খেলা,jolastu
1174,singen::V,গাওয়া,abestu
1175,singen::V,গাওয়া,kantatu
1176,tanzen::V,নাচা,dantzatu
1177,tanzen::V,নাচা,dantzan egin
1178,sich trennen::V,পৃথক করা,banandu
1179,verlassen::V,পরিত্যাগ করা,utzietsi
1180,retten::V,উদ্ধার করা,salbatu
1181,retten::V,উদ্ধার করা,gaizkatu
1182,bewachen::V,পাহারা দেওয়া,jagon
1183,bewachen::V,পাহারা দেওয়া,zaindu
1184,schützen::V,রক্ষা করা,babestu
1185,schützen::V,রক্ষা করা,gerizatu
1186,verteidigen::V,রক্ষা করা,aldeztu
1187,sich schlagen::V,লড়াই করা,elkar jo
1188,sich schlagen::V,লড়াই করা,elkar borrokatu
1189,schießen::V,তীরবেগে ছোটা,tiro egin
1190,siegen::V,জেতা,irabazi
1191,ärgern::V,বিরক্ত করা,ernegatu
1192,ärgern::V,বিরক্ত করা,haserretu
1193,schlagen::V,আঘাত করা,jo
1194,schlagen::V,আঘাত করা,erauntsi
1195,treten::V,লাথি মারা,zapaldu
1196,treten::V,লাথি মারা,ostiaktu
1197,stechen::V,দংশন করা,sastatu
1198,stoßen::V,ঠেলা,bultzatu
1199,stehlen::V,অপহরণ করা,ostu
1200,stehlen::V,অপহরণ করা,lapurtu
1201,stören::V,ঘাঁটান,galarazi
1202,belästigen::V,বিরক্ত করা,gohaindu
1203,belästigen::V,বিরক্ত করা,alamena eman
1204,verbergen::V,গোপন করা,ezkutatu
1205,täuschen::V,প্রবঞ্চনা করা,tronpatu
1206,täuschen::V,প্রবঞ্চনা করা,engainatu
1207,betrügen::V,প্রতারণা করা,iruzurtu
1208,töten::V,হত্যা করা,hil
1209,töten::V,হত্যা করা,heriotza eman
1210,wohnen::V,বাস করা,bizi izan
1211,arbeiten::V,কাজ করা,lan egin
1212,arbeiten::V,কাজ করা,behar egin
1213,sammeln::V,সংগ্রহ করা,bildu
1214,sammeln::V,সংগ্রহ করা,bildumatu
1215,pflücken::V,চয়ন করা,batu
1216,pflücken::V,চয়ন করা,bildu
1217,jagen::V,শিকার করা,ehizatu
1218,fischen::V,মাছ ধরা,arrantzatu
1219,fischen::V,মাছ ধরা,arrantza egin
1220,fassen::V,ধরা,harrapatu
1221,hüten::V,যুথভুক্ত করা,begiratu
1222,treiben::V,চালনা করা,bultza egin
1223,anbinden::V,বন্ধন করা,estekatu
1224,füttern::V,ভোজন করানো,bazkatu
1225,melken::V,দুগ্ধ দোহন করা,jetzi
1226,hacken::V,কাটা,xehatu
1227,gießen::V,বর্ষণ করা,isuri
1228,reifen::V,পাকা,heldu
1229,reifen::V,পাকা,zoritu
1230,zubereiten::V,রন্ধন করা,prestatu
1231,kochen::V,রন্ধন করা,egosi
1232,backen::V,সেকা,labean egin
1233,braten::V,ভাজা,erregosi
1234,umrühren::V,নড়ানো,eragin
1235,stricken::V,বোনা,trikotatu
1236,stricken::V,বোনা,puntu egin
1237,nähen::V,সেলাই করা,josi
1238,färben::V,রঞ্জিত করা,tindatu
1239,reinigen::V,পরিষ্কার করা,ikuzi
1240,reinigen::V,পরিষ্কার করা,garbitu
1241,waschen::V,পরিষ্কার করা,xahutu
1242,waschen::V,পরিষ্কার করা,garbitu
1243,abwischen::V,মুছা,xukatu
1244,spülen::V,পরিষ্কার করা,irakutzi
1245,fegen::V,ঝাঁট দেওয়া,erraztatu
1246,kehren::V,ঝাঁট দেওয়া,isastu
1247,baden::V,অবগাহন করা,bainatu
1248,baden::V,অবগাহন করা,bainua hartu
1249,sich waschen::V,ধোয়া,burua garbitu
1250,ausziehen::V,খুলা,erantzi
1251,anziehen::V,গায়ে দেত্তয়া,jantzi
1252,sich anziehen::V,পোশাক পরা,jantzi
1253,kämmen::V,আঁচড়ানো,orraztu
1254,schmücken::V,সাজান করা,apaindu
1255,sagen::V,উচ্চারণ করা,esan
1256,sprechen::V,বলা,mintzatu
1257,sprechen::V,বলা,hitz egin
1258,reden::V,আলাপ করা,hitz egin
1259,sich unterhalten::V,আড্ডা দেওয়া,solastu
1260,sich unterhalten::V,আড্ডা দেওয়া,solas egin
1261,fragen::V,জিজ্ঞাসা করা,galdetu
1262,bitten::V,প্রার্থনা করা,eskatu
1263,bitten::V,প্রার্থনা করা,galdegin
1264,erzählen::V,বর্ণনা করা,edestu
1265,erzählen::V,বর্ণনা করা,kontatu
1266,mitteilen::V,বলা,jakinarazi
1267,nennen::V,নাম দেওয়া,izena eman
1268,rufen::V,আমন্ত্রণ করা,dei egin
1269,prahlen::V,বড়াই করা,harrokerian ibili
1270,prahlen::V,বড়াই করা,ahoberokeriak esan
1271,übersetzen::V,ভাষাস্তরিত করা,itzuli
1272,denken::V,ভাবা,pentsatu
1273,denken::V,ভাবা,gogoeta egin
1274,glauben::V,বিশ্বাস করা,sinetsi
1275,bemerken::V,লক্ষ্য করা,ohartu
1276,bemerken::V,লক্ষ্য করা,konturatu
1277,erkennen::V,চিনিতে পারা,ezagutu
1278,erkennen::V,চিনিতে পারা,antzeman
1279,begreifen::V,উপলব্ধি করা,ulertu
1280,verstehen::V,উপলব্ধি করা,aditu
1281,lernen::V,শেখা,ikasi
1282,wissen::V,জানা,jakin
1283,sich erinnern an::V,মনে করা,gogoratu
1284,sich erinnern an::V,মনে করা,gogoan izan
1285,vergessen::V,বিস্মৃত হওয়া,ahaztu
1286,vergessen::V,বিস্মৃত হওয়া,ahantzi
1287,messen::V,মাপা,neurtu
1288,zählen::V,গণনা করা,zenbatu
1289,zählen::V,গণনা করা,kopuratu
1290,rechnen::V,হিসাব করা,kalkulatu
1291,lesen::V,পাঠ করা,irakurri
1292,malen::V,আঁকা,margotu
1293,zeichnen::V,ছকা,marraztu
1294,schreiben::V,লেখা,idatzi
1295,besitzen::V,অধিকার করা,ukan
1296,besitzen::V,অধিকার করা,eduki
1297,kaufen::V,ক্রয় করা,erosi
1298,verkaufen::V,বেচা,saldu
1299,bezahlen::V,প্রদান করা,ordaindu
1300,zahlen::V,প্রদান করা,ordaindu
1301,beherrschen::V,শাসন করা,menpean izan
1302,ertragen::V,বহন করা,jasan
1303,ertragen::V,বহন করা,pairatu
1304,lärmen::V,,zarata atera
