,Concept_ID,ce,ro
0,Auge::N,бӏаьрг,ochi
1,Ohr::N,лерг,ureche
2,Nase::N,мара,nas
3,Mund::N,бага,gură
4,Zahn::N,церг,dinte
5,Zunge::N,мотт,limbă
6,Lippe::N,балда,buză
7,Wange::N,бесни,bucă
8,Wange::N,бесни,obraz
9,Gesicht::N,юьхь,față
10,Gesicht::N,юьхь,figură
11,Stirn::N,хьаж,frunte
12,Haar::N,мас,păr
13,Schnurrbart::N,мекх,mustață
14,Bart::N,маж,barbă
15,Kinn::N,чӏениг,bărbie
16,Kiefer[Anatomie]::N,мочхал,falcă
17,Kehle::N,къамкъарг,beregată
18,Hals::N,ворта,gât
19,Genick::N,кӏесаркӏаг,ceafă
20,Kopf::N,корта,cap
21,Rücken::N,букъ,dos
22,Rücken::N,букъ,spate
23,Rücken::N,букъ,spinare
24,Bauch::N,кийра,burtă
25,Bauch::N,кийра,pântece
26,Nabel::N,цӏонга,buric
27,Busen::N,зударийн накха,sân
28,Brust::N,накха,piept
29,Schulter::N,белш,umăr
30,Schulter::N,белш,spate
31,Arm::N,пхьарс,braț
32,Ellenbogen::N,пхьаьрсан гола,cot
33,Hand::N,куьг,mână
34,Handfläche::N,кераюкъ,palmă
35,Finger::N,пӏелг,deget
36,Fingernagel::N,мӏара,unghie
37,Nagel[Anatomie]::N,мӏара,unghie
38,Zeh::N,кога пӏелг,deget de la picior
39,Fuß::N,ког,picior
40,Ferse::N,кӏажа,călcâi
41,Knie::N,гола,genunchi
42,Oberschenkel::N,варе,coapsă
43,Bein::N,ког,picior
44,Körper::N,хӏума,corp
45,Haut::N,чкъор,piele
46,Blut::N,цӏий,sânge
47,Ader::N,пха,vână
48,Ader::N,пха,arteră
49,Sehne::N,хьорзам,tendon
50,Knochen::N,даьӏахк,os
51,Gehirn::N,хье,creier
52,Herz::N,дог,inimă
53,Magen::N,зорх,stomac
54,Leber::N,доӏах,ficat
55,Atem::N,садеӏар,răsuflare
56,Atem::N,садеӏар,respirație
57,Hunger::N,мацалла,foame
58,Träne::N,бӏаьрхи,lacrimă
59,Geschmack::N,чам,gust
60,Geruch::N,хьожа,miros
61,Schlaf::N,наб,somn
62,Traum::N,гӏан,vis
63,Himmel::N,стигал,cer
64,Sonne::N,малх,soare
65,Mond::N,бутт,lună
66,Stern::N,седа,stea
67,Luft::N,xӏаваъ,aer
68,Wind::N,мох,vânt
69,Welle::N,тулгӏе,val
70,Welle::N,тулгӏе,undă
71,Wasser::N,хи,apă
72,Stein::N,тӏулг,piatră
73,Boden::N,цӏенкъа,sol
74,Boden::N,цӏенкъа,pământ
75,Erde::N,латта,pământ
76,Staub::N,чан,praf
77,Rauch::N,кӏур,fum
78,Funke::N,суй,scânteie
79,Feuer::N,цӏе,foc
80,Licht::N,серло,lumină
81,Schatten::N,ӏиндагӏ,umbră
82,Wetter::N,хенан хӏоттам,timp
83,Wetter::N,хенан хӏоттам,vreme
84,Nebel::N,дохк,ceață
85,Nebel::N,дохк,negură
86,Wolke::N,марха,nor
87,Regen::N,догӏа,ploaie
88,Schnee::N,ло,zăpadă
89,Eis::N,ша,gheață
90,Frost::N,шело,ger
91,Kälte::N,шело,frig
92,Hitze::N,йовхо,arșiță
93,Hitze::N,йовхо,căldură
94,Raureif::N,йис,chiciură
95,Regenbogen::N,стелаӏад,curcubeu
96,Donner::N,ткъес,tunet
97,Strömung::N,дӏаэхар,curent
98,Strömung::N,дӏасалелар,curent
99,Tropfen::N,тӏадам,picătură
100,Schaum::N,чопа,spumă
101,Schmutz::N,хатт,murdărie
102,See::N,ӏам,lac
103,Sumpf::N,уьшал,mlaștină
104,Moor::N,уьшал,bărăgan
105,Wiese::N,бай,fânaț
106,Wiese::N,бай,livadă
107,Wald::N,хьун,codru
108,Wald::N,хьун,pădure
109,Hügel::N,гу,deal
110,Hügel::N,гу,movilă
111,Hügel::N,шу,deal
112,Hügel::N,шу,movilă
113,Hügel::N,барз,deal
114,Hügel::N,барз,movilă
115,Anhöhe::N,акъари,deal
116,Anhöhe::N,акъари,ridicătură
117,Berg::N,лам,munte
118,Gipfel::N,бохь,pisc
119,Höhle::N,хьех,peșteră
120,Abhang::N,басе,pantă
121,Abhang::N,басе,versant
122,Quelle::N,шовда,izvor
123,Bach::N,татол,gârlă
124,Fluss::N,хи,râu
125,Fluss::N,хи,fluviu
126,Ufer::N,хийист,mal
127,Ufer::N,хийист,țărm
128,Küste::N,йист,coastă
129,Festland::N,латта,uscat
130,Meer::N,xӏорд,mare
131,Bucht::N,чож,golf
132,Insel::N,гӏайре,insulă
133,Blume::N,зезаг,floare
134,Gras::N,буц,iarbă
135,Wurzel::N,орам,rădăcină
136,Baum::N,дитт,copac
137,Baum::N,дитт,arbore
138,Stamm::N,гӏад,tulpină
139,Stamm::N,тайпа,tulpină
140,Rinde::N,кевстиг,scoarță
141,Ast::N,га,cracă
142,Ast::N,га,creangă
143,Zweig::N,га,ramură
144,Zweig::N,га,creangă
145,Blatt::N,гӏа,frunză
146,Birke::N,дакх,mesteacăn
147,Kiefer[Baum]::N,бага,pin
148,Weide[Baum]::N,дак,salcie
149,Weide[Baum]::N,дак,răchită
150,Tanne::N,база,brad
151,Horn::N,маӏа,corn
152,Feder::N,пелаг,pană
153,Fell::N,цӏока,piele
154,Flügel::N,тӏам,aripă
155,Klaue::N,мӏара,gheară
156,Kralle::N,тlод,labă
157,Kralle::N,тlод,gheară
158,Schwanz::N,цӏога,coadă
159,Ei::N,xӏoa,ou
160,Nest::N,бен,cuib
161,Bau::N,lуьрг,bârlog
162,Bau::N,lуьрг,vizuină
163,Tier::N,дийнат,animal
164,Herde::N,жа,turmă
165,Herde::N,жа,cireadă
166,Kuh::N,етт,vacă
167,Bulle::N,сту,taur
168,Pferd::N,говр,cal
169,Schaf::N,жий,oaie
170,Schaf::N,уьстагӏ,oaie
171,Schwein::N,хьакха,porc
172,Hund::N,жӏаьла,câine
173,Katze::N,цициг,pisică
174,Bär::N,ча,urs
175,Eichhörnchen::N,тарсал,veveriță
176,Elch::N,сай,elan
177,Fuchs::N,цхьогал,vulpe
178,Hase::N,пхьагал,iepure
179,Maus::N,дахка,șoarece
180,Wolf::N,борз,lup
181,Vogel::N,олхазар,pasăre
182,Huhn::N,котам,găină
183,Hahn::N,нӏаьна,cocoș
184,Hahn::N,боргӏал,cocoș
185,Gans::N,гӏаз,gâscă
186,Adler::N,aьрзу,vultur
187,Ente::N,бад,rață
188,Eule::N,бухӏа,bufniță
189,Kranich::N,гӏаргӏули,cocor
190,Krähe::N,къиг,cioară
191,Kuckuck::N,aттйокх,cuc
192,Schwan::N,гӏургӏаз,lebădă
193,Fisch::N,чӏара,pește
194,Barsch::N,окунь,biban
195,Hecht::N,гӏазкхийн чӏара,știucă
196,Schlange[Tier]::N,лаьхьа,șarpe
197,Wurm::N,нӏаьна,vierme
198,Spinne::N,гезг,păianjen
199,Ameise::N,зингат,furnică
200,Laus::N,меза,păduche
201,Laus::N,гӏениг,păduche
202,Mücke::N,чуьрк,țânțar
203,Fliege::N,моза,muscă
204,Schmetterling::N,полла,fluture
205,Beere::N,цӏазам,boabă
206,Apfel::N,ӏаж,măr
207,Pilz::N,жӏаьлин нускал,burete
208,Pilz::N,жӏаьлин нускал,ciupercă
209,Zwiebel::N,xох,ceapă
210,Saat::N,чlу,semănătură
211,Korn::N,буьртиг,grâu
212,Heu::N,йол,fân
213,Schale::N,пардо,coajă
214,Grube::N,ор,groapă
215,Falle::N,кӏело,cursă
216,Falle::N,кӏело,capcană
217,Spur::N,лар,dâră
218,Asche::N,чим,cenușă
219,Dreck::N,мода,noroi
220,Dreck::N,мода,murdărie
221,Eisen::N,эчиг,fier
222,Gold::N,деши,aur
223,Silber::N,дети,argint
224,Kohle::N,кӏора,cărbune
225,Glas::N,aнгали,sticlă
226,Lehm::N,поппар,lut
227,Lehm::N,поппар,humă
228,Sand::N,гӏум,nisip
229,Mensch::N,адам,om
230,Mensch::N,адам,persoană
231,Mann::N,майра,om
232,Mann::N,майра,bărbat
233,Frau::N,зуда,femeie
234,Kind::N,бер,copil
235,Junge::N,жимха,băiat
236,Junge::N,жимха,flăcău
237,Mädchen::N,жима йоӏ,fată
238,Familie::N,доьзал,familie
239,Großvater::N,ненада,bunic
240,Großvater::N,ненада,tată mare
241,Großmutter::N,денана,bunică
242,Großmutter::N,денана,mamă mare
243,Eltern::N,да-нана,părinți
244,Vater::N,да,tată
245,Vater::N,да,părinte
246,Mutter::N,нана,mamă
247,Sohn::N,кӏант,fiu
248,Sohn::N,кӏант,fecior
249,Tochter::N,йоӏ,fiică
250,Bruder::N,ваша,frate
251,Schwester::N,йиша,soră
252,Onkel::N,деваша,unchi
253,Tante::N,дейиша,mătușă
254,Ehemann::N,майра,soț
255,Ehemann::N,майра,bărbat
256,Ehefrau::N,зуда,soție
257,Freude::N,самукъа,bucurie
258,Freude::N,хазахетар,bucurie
259,Gelächter::N,белам,râset
260,Glück::N,ирс,fericire
261,Kummer::N,бала,mâhnire
262,Wunsch::N,лаам,dorință
263,Wunsch::N,лаам,deziderat
264,Lust::N,лаам,poftă
265,Lust::N,лаам,înclinare
266,Geist::N,са,duh
267,Geist::N,са,minte
268,Geist::N,са,suflet
269,Gedanke::N,ойла,gând
270,Gedanke::N,ойла,cuget
271,Gedächtnis::N,диццадалар,memorie
272,Verstand::N,хьекъал,minte
273,Verstand::N,хьекъал,intelect
274,Sinn::N,маьӏна,sens
275,Sinn::N,маьӏна,înțeles
276,Grund::N,бахьана,cauză
277,Grund::N,бахьана,pricină
278,Wahrheit::N,бакъдерг,adevăr
279,Gespräch::N,къамел,convorbire
280,Gespräch::N,къамел,conversație
281,Märchen::N,туьйра,basm
282,Märchen::N,туьйра,poveste
283,Erzählung::N,дийцар,poveste
284,Nachricht::N,хаам,veste
285,Neuigkeit::N,керланиг,noutate
286,Neuigkeit::N,керланиг,actualitate
287,Name::N,цӏе,nume
288,Rätsel::N,хӏетал-метал,ghicitoare
289,Rede::N,къамел,discurs
290,Sprache::N,мотт,limbă
291,Sprache::N,мотт,limbaj
292,Stimme::N,aз,glas
293,Wort::N,дош,cuvânt
294,Zeichen::N,билгало,semn
295,Zeichen::N,билгало,semnal
296,Ruf::N,кхайкхар,chemare
297,Lärm::N,гӏовгӏа,zgomot
298,Lärm::N,гӏовгӏа,tărăboi
299,Laut::N,аз,sunet
300,Ton::N,aз,ton
301,Lied::N,илли,cântec
302,Ruhe::N,тийналла,odihnă
303,Ruhe::N,тийналла,liniște
304,Leute::N,нах,lume
305,Leute::N,нах,oameni
306,Volk::N,халкъ,popor
307,Volk::N,халкъ,națiune
308,Arbeit::N,болх,lucru
309,Gast::N,хьаша,musafir
310,Geschenk::N,совгӏат,dar
311,Geschenk::N,совгӏат,cadou
312,Spiel::N,ловзар,joc
313,Gesellschaft::N,юкъаралла,societate
314,Hilfe::N,гӏо,ajutor
315,Freund::N,доттагl,amic
316,Freund::N,доттагl,prieten
317,Kamerad::N,накъост,tovarăș
318,Angelegenheit::N,гӏуллакх,afacere
319,Anzahl::N,терахь,număr
320,Anzahl::N,терахь,cantitate
321,Stück::N,юьхк,bucată
322,Teil::N,дакъа,parte
323,Teil::N,дакъа,porție
324,Hälfte::N,ах,jumătate
325,Kreis::N,го,cerc
326,Kreuz::N,жӏара,cruce
327,Linie::N,сиз,linie
328,Strich::N,сиз,linie
329,Strich::N,сиз,trăsătură
330,Abstand::N,юкъ,distanță
331,Abstand::N,юкъ,depărtare
332,Gegend::N,мeттиг,regiune
333,Platz::N,майда,loc
334,Ort::N,меттиг,loc
335,Seite::N,aгӏo,latură
336,Mitte::N,юкъ,centru
337,Gegenstand::N,хӏума,obiect
338,Sache::N,хӏума,lucru
339,Sache::N,хӏума,chestie
340,Rand::N,йист,bordură
341,Kante::N,йист,muchie
342,Kante::N,йист,bordură
343,Ecke::N,са,colț
344,Spitze::N,ралла,vârf
345,Spitze::N,ралла,creștet
346,Ende::N,юьхьиг,capăt
347,Loch::N,ӏуьрг,gaură
348,Winkel::N,са,colț
349,Muster::N,дагар,desen
350,Muster::N,тӏамар,desen
351,Größe::N,барам,mărime
352,Länge::N,йохалла,lungime
353,Höhe::N,локхалла,înălțime
354,Gewicht::N,йозалла,greutate
355,Menge::N,дукхалла,cantitate
356,Haufen::N,сал,grămadă
357,Haufen::N,оьла,grămadă
358,Reihe::N,рагӏ,șir
359,Reihe::N,рагӏ,rând
360,Reihe::N,могӏа,șir
361,Reihe::N,могӏа,rând
362,Boot::N,кема,barcă
363,Boot::N,кема,luntre
364,Ruder::N,пийсиг,vâslă
365,Ruder::N,пийсиг,lopată
366,Schlitten::N,салаз,sanie
367,Ski::N,когсалаз,schi
368,Lagerfeuer::N,цӏе,foc de tabără
369,Last::N,дукъ,povară
370,Last::N,дукъ,sarcină
371,Gang::N,лелар,mers
372,Gang::N,лелар,umblet
373,Schritt::N,гӏулч,pas
374,Norden::N,къилбаседе,nord
375,Norden::N,къилбаседе,miazănoapte
376,Süden::N,къилбе,sud
377,Süden::N,къилбе,miazăzi
378,Westen::N,малхбузе,apus
379,Osten::N,малхбале,est
380,Osten::N,малхбале,răsărit
381,Holz::N,дечиг,lemn
382,Brett::N,у,scândură
383,Platte::N,у,placă
384,Stütze::N,гӏopтоp,proptea
385,Stange::N,гӏуркх,bară
386,Stange::N,гӏуркх,prăjină
387,Stock::N,ӏаса,băț
388,Stock::N,ӏаса,baston
389,Stab::N,гӏаж,baston
390,Stab::N,гӏаж,prăjină
391,Rohr::N,биргӏа,tub
392,Rohr::N,биргӏа,țeavă
393,Haus::N,цӏа,casă
394,Heim::N,кхерч,casă
395,Heim::N,кхерч,cămin
396,Ofen::N,кхерч,sobă
397,Fußboden::N,цӏенкъа,podea
398,Fußboden::N,цӏенкъа,dușumea
399,Tisch::N,шун,masă
400,Stuhl::N,гӏант,scaun
401,Wiege::N,ага,leagăn
402,Bett::N,маьнга,pat
403,Regal::N,терхи,rafturi
404,Kiste::N,яьшка,ladă
405,Kiste::N,яьшка,cutie
406,Fenster::N,кор,fereastră
407,Tür::N,неӏ,ușă
408,Tor::N,ков,poartă
409,Zaun::N,керт,gard
410,Dach::N,тхов,acoperiș
411,Leiter::N,лами,scară
412,Besen::N,нуй,mătură
413,Spaten::N,бел,cazma
414,Spaten::N,бел,hârleț
415,Schaufel::N,аьшкал,lopată
416,Gabel::N,мӏара,furculiță
417,Löffel::N,ӏайг,lingură
418,Messer::N,урс,cuțit
419,Nagel::N,хьостам,cui
420,Netz::N,бой,plasă
421,Haken::N,мӏара,cârlig
422,Schloss::N,чӏега,lacăt
423,Bild::N,сурт,tablou
424,Bild::N,сурт,imagine
425,Puppe::N,тайниг,păpușă
426,Beutel::N,гали,pungă
427,Beutel::N,гали,săculeț
428,Bündel::N,кочар,mănunchi
429,Tasche::N,тӏоьрмиг,geantă
430,Eimer::N,чийлик,găleată
431,Deckel::N,негӏар,capac
432,Geschirr::N,пхьегӏа,vase
433,Geschirr::N,пхьегӏа,tacâmuri
434,Sack::N,гали,sac
435,Tasse::N,кад,ceașcă
436,Topf::N,яй,oală
437,Kessel::N,яй,cazan
438,Kessel::N,яй,căldare
439,Essen::N,юург,mâncare
440,Nahrung::N,кхача,hrană
441,Nahrung::N,кхача,aliment
442,Speise::N,юург,bucate
443,Speise::N,юург,fel de bucate
444,Fleisch::N,жижиг,carne
445,Getreide::N,буьртиг,cereale
446,Brei::N,xудар,pireu
447,Brot::N,бепиг,pâine
448,Brot::N,кхаллар,pâine
449,Scheibe::N,цастар,felie
450,Scheibe::N,цастар,bucată
451,Fett::N,мохь,untură
452,Fett::N,мохь,grăsime
453,Butter::N,налха,unt
454,Öl::N,даьтта,ulei
455,Salz::N,туьха,sare
456,Suppe::N,чорпа,supă
457,Suppe::N,чорпа,ciorbă
458,Honig::N,моз,miere
459,Milch::N,шура,lapte
460,Tee::N,чай,ceai
461,Leder::N,цӏока,piele
462,Wolle::N,тӏapгӏa,lână
463,Stoff::N,кӏади,stofă
464,Nadel::N,маха,ac
465,Faden::N,тай,ață
466,Knopf::N,нуьйда,buton
467,Knoten::N,шад,nod
468,Farbe::N,сир,vopsea
469,Farbe::N,басар,vopsea
470,Kleidung::N,бедар,haine
471,Kleidung::N,бедар,îmbrăcăminte
472,Hemd::N,коч,cămașă
473,Kragen::N,кач,guler
474,Ärmel::N,пхьош,mânecă
475,Hose::N,хеча,pantaloni
476,Gürtel::N,доьхка,cordon
477,Mütze::N,куй,șapcă
478,Schuh::N,мача,gheată
479,Stiefel::N,этка,cizmă
480,Ring::N,чӏуг,inel
481,Ring::N,чӏуг,verigă
482,Band::N,лента,panglică
483,Band::N,лента,șiret
484,Kamm::N,ехк,pieptene
485,Spiegel::N,куьзга,oglindă
486,Riemen::N,доьхка,curea
487,Schnur::N,муш,funie
488,Schnur::N,муш,sfoară
489,Leine::N,кочатосу доьхка,lesă
490,Leine::N,кочатосу доьхка,curea
491,Decke::N,юргӏа,pătură
492,Kissen::N,гIайба,pernă
493,Tuch::N,исхар,batic
494,Handtuch::N,гата,prosop
495,Handtuch::N,гата,ștergar
496,Kraft::N,гӏора,forță
497,Kraft::N,гӏора,putere
498,Stärke::N,гӏап,tărie
499,Stärke::N,гӏап,vigoare
500,Gesundheit::N,могашалла,sănătate
501,Krankheit::N,цамгар,boală
502,Krankheit::N,цамгар,maladie
503,Schmerz::N,лазар,durere
504,Wunde::N,чов,rană
505,Fieber::N,xорша,febră
506,Arznei::N,молха,leac
507,Arznei::N,молха,medicament
508,Brücke::N,тӏай,pod
509,Brücke::N,тӏай,punte
510,Brunnen::N,гӏу,puț
511,Weide::N,дак,izlaz
512,Weide::N,дак,pășune
513,Pfad::N,тача,cărare
514,Weg::N,некъ,drum
515,Straße::N,урам,cale
516,Straße::N,урам,stradă
517,Dorf::N,юрт,sat
518,Stadt::N,гӏала,oraș
519,Brief::N,кехат,scrisoare
520,Buch::N,жайна,carte
521,Buchstabe::N,элп,literă
522,Buchstabe::N,элп,caracter
523,Zeitung::N,газет,ziar
524,Zeitung::N,газет,gazetă
525,Leben::N,дахар,viață
526,Tod::N,далар,moarte
527,Tod::N,ӏожалла,moarte
528,Grab::N,каш,groapă
529,Grab::N,каш,mormânt
530,Kirche::N,килс,biserică
531,Sünde::N,къа,păcat
532,Gott::N,дела,zeu
533,Arbeiter::N,белхало,muncitor
534,Chef::N,хьаькам,șef
535,Meister::N,говзанча,meșter
536,Meister::N,говзанча,maestru
537,Arzt::N,лор,medic
538,Arzt::N,лор,doctor
539,Lehrer::N,хьехархо,profesor
540,Lehrer::N,хьехархо,învățător
541,Geld::N,aхча,bani
542,Geld::N,aхча,parale
543,Geschäft::N,туька,treabă
544,Geschäft::N,туька,afacere
545,Laden::N,туька,magazin
546,Laden::N,туька,prăvălie
547,Preis::N,мах,preț
548,Ware::N,хlума,marfă
549,Nutzen::N,пайда,folos
550,Nutzen::N,пайда,profit
551,Reichtum::N,хьал,avuție
552,Reichtum::N,хьал,bogăție
553,Welt::N,дуьне,lume
554,Land::N,мохк,țară
555,Staat::N,пачхьалкх,stat
556,König::N,паччахь,rege
557,Macht::N,ӏедал,putere
558,Macht::N,ӏедал,putință
559,Grenze::N,доза,hotar
560,Grenze::N,доза,graniță
561,Grenze::N,доза,frontieră
562,Krieg::N,тӏом,război
563,Feind::N,мостагӏ,dușman
564,Gewalt::N,гӏело,violență
565,Kampf::N,къийсам,luptă
566,Pfeil::N,пха,săgeată
567,Gewehr::N,топ,armă
568,Gewehr::N,топ,pușcă
569,Fehler::N,гӏалат,eroare
570,Fehler::N,гӏалат,greșeală
571,Lüge::N,аьшпаш,minciună
572,Schaden::N,зен,daună
573,Schaden::N,зен,pagubă
574,Unglück::N,бала,nenorocire
575,Schuld::N,бехк,vină
576,Alter::N,хан,etate
577,Alter::N,хан,vârstă
578,Schluss::N,чакхе,sfârșit
579,Zeit::N,хан,timp
580,Zeit::N,хан,vreme
581,Tag::N,де,zi
582,Morgen::N,ӏуьйре,dimineață
583,Mittag::N,делкъе,prânz
584,Mittag::N,делкъе,amiază
585,Abend::N,суьйре,seară
586,Nacht::N,буьйса,noapte
587,Woche::N,кӏира,săptămână
588,Monat::N,бутт,lună
589,Jahr::N,шо,an
590,Frühling::N,бӏаьсте,primăvară
591,Sommer::N,аьхке,vară
592,Herbst::N,гуьйре,toamnă
593,Winter::N,ӏа,iarnă
594,Januar::N,январь,ianuarie
595,Februar::N,февраль,februarie
596,März::N,март,martie
597,April::N,апрель,aprilie
598,Mai::N,май,mai
599,Juni::N,июнь,iunie
600,Juli::N,июль,iulie
601,August::N,август,august
602,September::N,сентябрь,septembrie
603,Oktober::N,октябрь,octombrie
604,November::N,ноябрь,noiembrie
605,Dezember::N,декабрь,decembrie
606,Montag::N,оршот,luni
607,Dienstag::N,шинара,marți
608,Mittwoch::N,кхаара,miercuri
609,Donnerstag::N,еара,joi
610,Freitag::N,пӏераска,vineri
611,Samstag::N,шот,sâmbătă
612,Sonntag::N,кӏиранде,duminică
613,groß::A,доккха,mare
614,klein::A,кегий,mic
615,lang::A,еха,lung
616,kurz::A,доца,scurt
617,breit::A,шуьйра,lat
618,breit::A,шуьйра,larg
619,schmal::A,готта,strâmt
620,dicht::A,луьста,des
621,dick[Gegenstand]::A,стомма,gros
622,dünn::A,дуткъа,subțire
623,fein::A,ховха,fin
624,fein::A,ховха,subțire
625,fest::A,чӏогӏа,tare
626,fest::A,чӏогӏа,solid
627,flach::A,чӏапа,șes
628,flach::A,чӏапа,plan
629,glatt::A,шера,lins
630,hart::A,чӏогӏa,dur
631,weich::A,кӏеда,moale
632,rund::A,горга,rotund
633,rund::A,горга,circular
634,spitz::A,ира,ascuțit
635,scharf::A,ира,tăios
636,scharf::A,ира,ascuțit
637,stumpf::A,аьртa,tocit
638,schwer::A,деза,greu
639,schön::A,хаза,frumos
640,heiß::A,довха,cald
641,heiß::A,довха,fierbinte
642,warm::A,довха,cald
643,warm::A,довха,fierbinte
644,kalt::A,шийла,rece
645,kühl::A,шийла,rece
646,kühl::A,шийла,răcoros
647,frisch::A,керла,răcoros
648,frisch::A,керла,proaspăt
649,feucht::A,тӏуьна,umed
650,feucht::A,тӏуьна,jilav
651,nass::A,тӏеда,ud
652,trocken::A,eкъа,sec
653,trocken::A,eкъа,uscat
654,voll::A,дуьзна,plin
655,leer::A,яьсса,gol
656,offen::A,диллина,deschis
657,geschlossen::A,дӏакъевлина,închis
658,geschlossen::A,дӏачӏагӏдина,închis
659,sauber::A,цӏена,curat
660,schmutzig::A,боьха,murdar
661,roh::A,буьйда,crud
662,reif::A,хилла,copt
663,lecker::A,чоме,gustos
664,süß::A,мерза,dulce
665,bitter::A,къаьхьа,amar
666,sauer::A,муьста,acru
667,hell::A,сирла,clar
668,hell::A,сирла,luminos
669,dunkel::A,бодане,obscur
670,dunkel::A,бодане,întunecos
671,schwarz::A,ӏаьржа,negru
672,weiß::A,кӏайн,alb
673,rot::A,цӏен,roșu
674,gelb::A,можа,galben
675,blau::A,сийна,albastru
676,grün::A,баьццара,verde
677,grau::A,cира,gri
678,grau::A,cира,cenușiu
679,grau::A,мокха,gri
680,grau::A,мокха,cenușiu
681,bunt::A,къорза,colorat
682,billig::A,дораха,ieftin
683,teuer::A,деза,scump
684,wertvoll::A,мехала,prețios
685,blind::A,бӏаьрзе,orb
686,taub::A,къора,surd
687,kräftig::A,нуьцкъала,tare
688,kräftig::A,нуьцкъала,forte
689,kräftig::A,нуьцкъала,robust
690,stark::A,зоьртала,viguros
691,stark::A,зоьртала,puternic
692,stark::A,нуьцкъала,viguros
693,stark::A,нуьцкъала,puternic
694,schwach::A,гӏорасиза,slab
695,schwach::A,гӏорасиза,debil
696,fett::A,дерстана,gras
697,schlank::A,куц долу,zvelt
698,hübsch::A,хаза,drăguț
699,böse::A,вон,rău
700,böse::A,вон,răutăcios
701,dumm::A,сонта,nerod
702,dumm::A,сонта,tâmpit
703,faul::A,мало ен,leneș
704,fleißig::A,тӏера,harnic
705,fleißig::A,тӏера,sârguincios
706,geizig::A,пис,calic
707,geizig::A,пис,zgârcit
708,geizig::A,сутара,calic
709,geizig::A,сутара,zgârcit
710,klug::A,хьекъале,isteț
711,klug::A,хьекъале,deștept
712,geschickt::A,тӏахъаьлла,dibaci
713,lieb::A,хьоме,drag
714,lieb::A,хьоме,iubit
715,lustig::A,самукъане,vesel
716,sanft::A,кlеда,blând
717,sanft::A,кlеда,blajin
718,hungrig::A,меца,flămând
719,krank::A,цомгуш долу,bolnav
720,nackt::A,дерзана,gol
721,traurig::A,самукъане воцу,trist
722,traurig::A,самукъане воцу,mâhnit
723,lebendig::A,дийна,viu
724,gut::A,дика,bun
725,schlecht::A,вон,rău
726,schlecht::A,вон,prost
727,richtig::A,нийса,drept
728,richtig::A,нийса,corect
729,schlimm::A,вон,rău
730,wahr::A,бакъдолу,adevărat
731,alt::A,къена,uzat
732,alt::A,къена,vechi
733,neu::A,керла,nou
734,ehemalig::A,хилла,fost
735,ehemalig::A,хилла,anterior
736,alt[Lebewesen]::A,къена,bătrîn
737,jung::A,къона,tânăr
738,arm::A,къен,sărac
739,arm::A,къен,sărman
740,reich::A,хьоле,avut
741,reich::A,хьоле,bogat
742,bekannt::A,девзаш долу,cunoscut
743,berühmt::A,цӏеяхана,renumit
744,fremd::A,нехан,străin
745,verschieden::A,тайп-тайпанара,diferit
746,verschieden::A,тайп-тайпанара,deosebit
747,nah::A,гергара,apropiat
748,fern::A,гена,departe
749,fern::A,генара,departe
750,linker::A,аьрру,stâng
751,rechter::A,аьтту,drept
752,anderer::A,кхин,alt
753,erster::A,хьалхара,prim
754,zweiter::A,шолгIа,al doilea
755,dritter::A,кхоалгӏа,treilea
756,letzter::A,тӏаьххьара,final
757,allein::ADV,цхьаъ,singur
758,auf einmal::ADV,цу сохьтта,dintrodată
759,zusammen::ADV,цхьана,împreună
760,lange::ADV,дукха,îndelung
761,lange::ADV,дукха,mult timp
762,plötzlich::ADV,цIеххьана,deodată
763,plötzlich::ADV,цIеххьана,pe neașteptate
764,sofort::ADV,цу сохьтта,imediat
765,sofort::ADV,цу сохьтта,numaidecît
766,später::ADV,тӏаьхьо,mai apoi
767,später::ADV,тӏаьхьо,mai târziu
768,jetzt::ADV,хӏинца,acum
769,heute::ADV,тахана,azi
770,heute::ADV,тахана,astăzi
771,morgen::ADV,кхана,mâine
772,bald::ADV,кеста,curând
773,dann::ADV,тӏаккха,apoi
774,gestern::ADV,селхана,ieri
775,einst::ADV,цкъа,odată
776,einst::ADV,цкъа,odinioară
777,damals::ADV,хӏетахьь,atunci
778,damals::ADV,хӏетахьь,pe atunci
779,danach::ADV,тӏаккха,după aceasta
780,vorher::ADV,хьалхa,mai întâi
781,vorher::ADV,хьалхa,în prealabil
782,zuerst::ADV,хьалха,întâi
783,zuerst::ADV,хьалха,în primul rând
784,einmal::ADV,цкъа,odată
785,manchmal::ADV,цкъаццкъа,uneori
786,manchmal::ADV,цкъаццкъа,câteodată
787,oft::ADV,кест-кеста,des
788,oft::ADV,кест-кеста,deseori
789,immer::ADV,даим,mereu
790,immer::ADV,даим,întotdeauna
791,niemals::ADV,цкъа а,niciodată
792,hier::ADV,кхузахь,aci
793,hier::ADV,кхузахь,aici
794,hierhin::ADV,кхуза,încoace
795,von hier::ADV,кхузара,de aici
796,dort::ADV,цигахь,acolo
797,dorthin::ADV,цига,dincolo
798,geradeaus::ADV,нийса дӏа,drept înainte
799,vorwärts::ADV,хьалха,înainte
800,rückwärts::ADV,юха,îndărăt
801,zurück::ADV,юха,înapoi
802,unten::ADV,лахахь,jos
803,unten::ADV,лахахь,dedesubt
804,hinab::ADV,охьа,în jos
805,hinab::ADV,охьа,de vale
806,oben::ADV,лакхахь,sus
807,oben::ADV,лакхахь,deasupra
808,hinauf::ADV,хьала,în sus
809,überall::ADV,массанхьа,peste tot
810,überall::ADV,массанхьа,pretutindeni
811,nicht::ADV,ца,nu
812,ein wenig::ADV,кӏеззиг,puțin
813,kaum::ADV,халла,cu greu
814,kaum::ADV,халла,cu anevoie
815,sehr::ADV,вуно,mult
816,sehr::ADV,вуно,foarte
817,noch::ADV,кхин,încă
818,nur::ADV,бен ...ца,doar
819,schon::ADV,хӏинцале,și
820,schon::ADV,хӏинцале,deja
821,wieder::ADV,юха а,iar
822,wieder::ADV,юха а,iarăși
823,vergebens::ADV,эрна,în zadar
824,vor::PRP,хьалха,înainte de
825,hinter::PRP,тӏехьа,după
826,hinter::PRP,тӏехьа,în spatele
827,unter::PRP,кIелахь,sub
828,durch::PRP,чекх,prin
829,neben::PRP,юххе,lângă
830,neben::PRP,юххе,alături de
831,zwischen::PRP,юккъехь,între
832,zwischen::PRP,юккъехь,dintre
833,wegen::PRP,дуьхьа,pentru
834,dies::PRN,и,acesta
835,dies::PRN,иза,acesta
836,das::PRN,и,asta
837,das::PRN,иза,asta
838,alles::PRN,дерриг,tot
839,ich::PRN,cо,eu
840,du::PRN,хьо,tu
841,er::PRN,и,el
842,er::PRN,и,dânsul
843,er::PRN,иза,el
844,er::PRN,иза,dânsul
845,wir::PRN,тхо,noi
846,wir::PRN,вай,noi
847,ihr::PRN,шу,voi
848,sie::PRN,уьш,ei
849,sie::PRN,уьш,dânșii
850,was::FPRN,хӏун,ce
851,wer::FPRN,мила,cine
852,wo::FADV,мичaхь,unde
853,wohin::FADV,мича,încotro
854,wie::FADV,муха,cum
855,warum::FADV,хӏунда,de ce
856,warum::FADV,хӏунда,pentru ce
857,wieviel::FNUM,мел,cât
858,wieviel::FNUM,маса,cât
859,eins::NUM,цхьаъ,unu
860,zwei::NUM,шиъ,doi
861,drei::NUM,кхоъ,trei
862,vier::NUM,диъ,patru
863,fünf::NUM,пхиъ,cinci
864,sechs::NUM,ялх,șase
865,sieben::NUM,ворхӏ,șapte
866,acht::NUM,бархӏ,opt
867,neun::NUM,исс,nouă
868,zehn::NUM,итт,zece
869,elf::NUM,цхьайтта,unsprezece
870,zwölf::NUM,шийтта,douăsprezece
871,zwanzig::NUM,ткъа,douăzeci
872,dreißig::NUM,ткъе итт,treizeci
873,vierzig::NUM,шовзткъа,patruzeci
874,fünfzig::NUM,шовзткъе итт,cincizeci
875,sechzig::NUM,кхузткъа,șaizeci
876,siebzig::NUM,кхузткъе итт,șaptezeci
877,achtzig::NUM,дезткъа,optzeci
878,neunzig::NUM,дезткъе итт,nouăzeci
879,hundert::NUM,бӏе,sută
880,tausend::NUM,эзар,mie
881,und::CNJ,a,și
882,oder::CNJ,я,ori
883,stehen::V,латта,sta
884,sitzen::V,хиъна ӏан,ședea
885,liegen::V,ӏилла,zăcea
886,liegen::V,ӏилла,fi culcat
887,hängen::V,кхаза,atârna
888,werden::V,хила,deveni
889,werden::V,хила,se face
890,passieren::V,хила,se întâmpla
891,beginnen::V,доло,începe
892,enden::V,дӏадерза,se sfârși
893,enden::V,дӏадерза,se termina
894,wechseln::V,хийца,se schimba
895,aufgehen[Sonne]::V,кхета,răsări
896,untergehen[Sonne]::V,чубуза,apune
897,scheinen[Sonne]::V,серло яла,străluci
898,donnern::V,къекъа,tuna
899,wehen::V,хьекха,bate
900,strömen::V,эха,curge în șiroaie
901,fließen::V,охьаэха,curge
902,sich drehen::V,хьийза,se învârti
903,schwanken::V,леста,se clătina
904,schwingen::V,лесто,vibra
905,schwingen::V,лесто,flutura
906,fallen::V,охьакхета,cădea
907,brennen::V,дага,arde
908,rauchen::V,оза,fuma
909,regnen::V,догlа догlу,ploua
910,gefrieren::V,гӏоро,îngheța
911,tauen::V,даша,se dezgheța
912,schmelzen::V,лала,se topi
913,trocknen::V,дакъо,se usca
914,sieden::V,кхехка,fierbe
915,sieden::V,кхехка,clocoti
916,faulen::V,дахкадала,se împuți
917,verfaulen::V,дахкадала,putrezi
918,reißen::V,хеда,se rupe
919,reißen::V,хеда,se sfâșia
920,versinken::V,хичудаха,se scufunda
921,vergehen::V,дlаэха,trece
922,vergehen::V,дlаэха,se scurge
923,erscheinen::V,схьадала,apărea
924,erscheinen::V,ӏоттадала,apărea
925,verschwinden::V,къайладала,dispărea
926,sinken::V,лахдала,cădea
927,sinken::V,лахдала,coborî
928,zunehmen::V,лакхадала,spori
929,zunehmen::V,лакхадала,crește
930,zunehmen::V,лакхадала,augmenta
931,steigen::V,хьаладала,urca
932,wachsen::V,кхиа,crește
933,glänzen::V,лепа,luci
934,glänzen::V,лепа,străluci
935,funkeln::V,къега,scânteia
936,lärmen::V,гӏовгӏаян,face larmă
937,läuten::V,детта,suna
938,klingeln::V,дека,suna
939,klirren::V,дека,zăngăni
940,brausen::V,хьаьдда даха,vui
941,rauschen::V,леста,vâjâi
942,klingen::V,дека,suna
943,bellen::V,лета,lătra
944,heulen::V,угӏа,urla
945,blasen::V,хӏуп баха,sufla
946,pfeifen::V,шок етта,fluiera
947,schreien::V,мохь бетта,țipa
948,stöhnen::V,узарш дан,geme
949,zittern::V,дега,tremura
950,leben::V,даха,trăi
951,geboren werden::V,хила,se naște
952,atmen::V,садеӏа,respira
953,trinken::V,мала,bea
954,essen::V,кхалла,mânca
955,schlucken::V,къурдбан,înghiți
956,müde werden::V,кӏаддала,se obosi
957,einschlafen::V,наб кхета,adormi
958,schlafen::V,вижа,dormi
959,schlafen::V,наб ян,dormi
960,schlafen::V,дижина хила,dormi
961,aufwachen::V,самадала,se deștepta
962,aufstehen::V,гӏатта,fi se scula
963,sich erholen::V,садаӏа,se relaxa
964,sich erholen::V,садаӏа,se destinde
965,krank werden::V,цомгуш хила,se îmbolnăvi
966,krank sein::V,цомгуш хила,zăcea
967,krank sein::V,цомгуш хила,fi bolnav
968,schmerzen::V,лаза,durea
969,schmerzen::V,ӏийжа,durea
970,husten::V,йовхарш етта,tuși
971,genesen::V,тадала,se însănătoși
972,sterben::V,дала,muri
973,umkommen::V,хӏаллакхила,pieri
974,sich bewegen::V,лела,se mișca
975,sich rühren::V,меттахъхьен,se mișca
976,sich erheben::V,хьалагlатта,se ridica
977,sich setzen::V,хаа,lua loc
978,sich setzen::V,хаа,se așeza
979,hinfallen::V,дожа,cădea jos
980,hinfallen::V,охьакхета,cădea jos
981,laufen::V,вада,merge
982,laufen::V,вада,merge pe jos
983,laufen::V,хьада,merge
984,laufen::V,хьада,merge pe jos
985,schreiten::V,болар дан,păși
986,schreiten::V,ког баккха,păși
987,spazierengehen::V,доладала,se plimba
988,eilen::V,сихдала,fi se grăbi
989,sich beeilen::V,сихдала,se grăbi
990,rennen::V,дада,fugi
991,rennen::V,дада,alerga
992,springen::V,ирхкхийсадала,sări
993,klettern::V,тӏедийла,urca
994,klettern::V,тӏедийла,se cățăra
995,schaukeln::V,техко,legăna
996,kriechen::V,такха,se târî
997,schwimmen::V,некадан,înota
998,tauchen::V,чулелха,se scufunda
999,rudern::V,дига лело,vâsli
1000,rudern::V,дига лело,lopăta
1001,rudern::V,кема лело,vâsli
1002,rudern::V,кема лело,lopăta
1003,fahren::V,хахка,merge
1004,fliegen::V,тӏемадала,zbura
1005,gehen::V,лeла,merge
1006,weggehen::V,дӏадаха,se duce
1007,abfahren::V,дӏадаха,pleca
1008,anhalten::V,саца,se opri
1009,hineingehen::V,чудала,intra
1010,eintreten::V,чудала,intra
1011,kommen::V,кхача,veni
1012,kommen::V,дӏакхача,veni
1013,kommen::V,схьакхача,veni
1014,ankommen::V,кхача,sosi
1015,ankommen::V,кхача,ajunge
1016,ankommen::V,схьакхача,sosi
1017,ankommen::V,схьакхача,ajunge
1018,zurückkommen::V,юхада,se întoarce
1019,bleiben::V,диса,rămâne
1020,warten::V,хьежа,aștepta
1021,warten::V,cобар дан,aștepta
1022,erwarten::V,хьоьжуш ӏан,aștepta
1023,suchen::V,леха,căuta
1024,finden::V,каро,găsi
1025,versuchen::V,дан хьажа,încerca
1026,vorbereiten::V,кечъян,pregăti
1027,lieben::V,деза,iubi
1028,mögen::V,безамхила,plăcea a
1029,lachen::V,дела,râde
1030,rühren::V,хьедан,mișca
1031,rühren::V,хьедан,înduioșa
1032,weinen::V,делха,plânge
1033,schimpfen::V,чехо,înjura
1034,sich ärgern::V,оьгӏазъэха,se supăra
1035,sich fürchten::V,кхера,se teme
1036,sich fürchten::V,кхера,fi teamă a
1037,fürchten::V,кхера,se teme de
1038,fliehen::V,дӏадада,fugi
1039,flüchten::V,дӏадада,evada
1040,sehen::V,ган,vedea
1041,anschauen::V,хьажа,privi
1042,anschauen::V,хьежа,privi
1043,ansehen::V,хьовса,privi
1044,hören::V,хаза,auzi
1045,zuhören::V,ладогӏа,asculta
1046,probieren::V,хьажа,gusta
1047,riechen::V,хьожа яха,mirosi
1048,fühlen::V,хаадала,simți
1049,fühlen::V,хаадала,resimți
1050,scheinen::V,мотта,părea
1051,zu sehen sein::V,гуш хила,se vedea
1052,vernehmen::V,бартхатта,auzi
1053,frieren::V,гӏоро,fi frig
1054,tun::V,дан,face
1055,können::V,дадала,ști
1056,können::V,дадала,putea
1057,wollen::V,тӏергӏа,dori
1058,anfangen::V,доло,începe
1059,beenden::V,довла,sfârși
1060,beenden::V,довла,termina
1061,aufhören::V,саца,înceta
1062,gelingen::V,кадала,reuși
1063,gelingen::V,кадала,izbuti
1064,geraten::V,хила,reuși
1065,öffnen::V,дӏаделла,deschide
1066,öffnen::V,схьаделла,deschide
1067,schließen::V,къовла,închide
1068,schließen::V,дӏачӏагӏа,închide
1069,stellen::V,хlотто,pune
1070,stellen::V,хlотто,așeza
1071,setzen::V,дийгӏа,pune
1072,setzen::V,дийгӏа,așeza
1073,legen::V,охьадилла,pune
1074,berühren::V,хьедан,atinge
1075,verbinden::V,вовшахтаса,lega
1076,bedecken::V,тилла,acoperi
1077,bedecken::V,тӏетаса,acoperi
1078,aufhängen::V,хьалаолла,atârna
1079,aufhängen::V,хьалаолла,spânzura
1080,anzünden::V,лато,aprinde
1081,aufheben::V,айа,ridica
1082,aufheben::V,айа,lua de jos
1083,zurücklassen::V,дита,lăsa
1084,zurücklassen::V,дита,lăsa în urmă
1085,verlieren::V,дайа,pierde
1086,fallen lassen::V,охьадожо,scăpa
1087,fallen lassen::V,охьадожо,arunca
1088,machen::V,дан,face
1089,herstellen::V,дан,fabrica
1090,herstellen::V,дан,confecționa
1091,bauen::V,гӏишлоян,clădi
1092,bauen::V,гӏишлоян,construi
1093,reparieren::V,тадан,repara
1094,verbessern::V,нисдан,ameliora
1095,verbessern::V,нисдан,îmbunătăți
1096,ändern::V,хийца,schimba
1097,ändern::V,хийца,modifica
1098,graben::V,ахка,săpa
1099,beugen::V,сатто,curba
1100,biegen::V,сатто,îndoi
1101,biegen::V,сатто,încovoia
1102,drehen::V,хьовзо,învârti
1103,umdrehen::V,хьовзo,învârti
1104,umdrehen::V,хьовзo,întoarce
1105,heben::V,айа,ridica
1106,heben::V,хьалаайа,ridica
1107,hochheben::V,хьалаайа,ridica
1108,ergreifen::V,дӏалаца,lua
1109,ergreifen::V,дӏалаца,apuca
1110,halten::V,латто,ține
1111,drücken::V,тӏетаӏо,apăsa
1112,drücken::V,тӏетаӏо,strânge
1113,schieben::V,татта,împinge
1114,kratzen::V,мӏараш тийса,zgâria
1115,lecken::V,мотт хьекха,linge
1116,beißen::V,катoха,mușca
1117,abreißen::V,схьадаккха,rupe
1118,abreißen::V,схьадаккха,smulge
1119,abschneiden::V,кхада,scurta
1120,binden::V,дӏадехка,lega
1121,binden::V,вовшахтаса,lega
1122,stecken::V,чудахийта,pune
1123,brechen::V,кагдан,rupe
1124,brechen::V,кагдан,frânge
1125,klopfen::V,детта,ciocăni
1126,hauen::V,етта,lovi
1127,kleben::V,тӏелато,lipi
1128,reiben::V,хьекхо,freca
1129,reiben::V,хьекхо,fricționa
1130,streichen::V,тlехьакха,unge
1131,schleifen::V,ирдан,ascuți
1132,schneiden::V,ларга,tăia
1133,rütteln::V,лесто,zgâlțâi
1134,schütteln::V,лесто,scutura
1135,schwenken::V,лесто,agita
1136,schütten::V,дотта,vărsa
1137,füllen::V,дуза,umple
1138,einwickeln::V,хьарчо,înveli
1139,einwickeln::V,хьарчо,înfășura
1140,tragen::V,дахьа,căra
1141,schleppen::V,ийзо,târî
1142,ziehen::V,озо,trage
1143,aufbewahren::V,ӏалашдан,păstra
1144,aufbewahren::V,ӏалашдан,conserva
1145,werfen::V,кхосса,arunca
1146,fangen::V,леца,prinde
1147,packen::V,леца,apuca
1148,verstecken::V,къайладаккха,ascunde
1149,teilen::V,декъа,împărți
1150,schicken::V,дӏадахьийта,trimite
1151,bringen::V,дан,aduce
1152,hinzufügen::V,тӏетоха,adăuga
1153,bekommen::V,даккха,obține
1154,bekommen::V,даккха,dobândi
1155,erhalten::V,даккха,primi
1156,erhalten::V,даккха,căpăta
1157,nehmen::V,схьаэца,lua
1158,wählen::V,харжа,opta
1159,wählen::V,харжа,alege
1160,auswählen::V,харжа,selecta
1161,bewahren::V,lалашдан,păstra
1162,behindern::V,новкъарло ян,stingheri
1163,verderben::V,талхо,strica
1164,beschädigen::V,дохо,strica
1165,zerbrechen::V,дохо,rupe
1166,zerbrechen::V,дохо,frânge
1167,zerbrechen::V,кагдан,rupe
1168,zerbrechen::V,кагдан,frânge
1169,zerreißen::V,хадо,rupe
1170,zerreißen::V,хадо,sfâșia
1171,zerstören::V,дохо,distruge
1172,zerstören::V,кагдан,distruge
1173,verbrennen::V,даго,arde
1174,verbrennen::V,даго,incendia
1175,geben::V,яла,da
1176,reichen::V,дӏадала,întinde
1177,reichen::V,дӏакховдо,întinde
1178,schenken::V,совгӏат дан,dărui
1179,versprechen::V,ваӏда дан,făgădui
1180,wünschen::V,лаа,ura
1181,loben::V,хасто,lăuda
1182,küssen::V,оба яккха,săruta
1183,wiegen::V,тахка,legăna
1184,zudecken::V,тӏетаса,acoperi
1185,wecken::V,самадаккха,trezi
1186,wecken::V,самадаккха,deștepta
1187,zeigen::V,гайта,arăta
1188,führen::V,дига,călăuzi
1189,lehren::V,ӏамо,preda
1190,lehren::V,ӏамо,învăța
1191,unterrichten::V,хьеха,învăța
1192,unterrichten::V,хьеха,instrui
1193,aufziehen::V,кхио,crește
1194,leiten::V,урхалла дан,duce
1195,leiten::V,урхалла дан,conduce
1196,antreiben::V,сихдан,împinge
1197,antreiben::V,сихдан,încuraja
1198,lassen::V,-йта,pune pe să
1199,einladen::V,кхайкха,invita
1200,vereinigen::V,цхьаьнатоха,uni
1201,vereinigen::V,цхьаьнатоха,întruni
1202,besuchen::V,хьажахIотта,vizita
1203,besuchen::V,хьажахIотта,face o vizită
1204,treffen::V,дуьхьалкхета,întâlni
1205,sich versammeln::V,гулдан,se aduna
1206,spielen::V,ловза,se juca
1207,singen::V,лакха,cânta
1208,tanzen::V,хелхадала,dansa
1209,sich trennen::V,къаста,se separa
1210,sich trennen::V,къаста,se despărți
1211,verlassen::V,дита,părăsi
1212,verlassen::V,дита,abandona
1213,retten::V,кӏелхьардаккха,salva
1214,bewachen::V,ха дан,păzi
1215,schützen::V,лардан,ocroti
1216,schützen::V,лардан,proteja
1217,verteidigen::V,лардан,apăra
1218,sich schlagen::V,етта,se bate
1219,schießen::V,детта,trage
1220,siegen::V,тола,birui
1221,siegen::V,тола,învinge
1222,ärgern::V,оьгӏаздахийта,supăra
1223,schlagen::V,тоха,lovi
1224,treten::V,мийра тоха,călca
1225,stechen::V,ӏотта,înțepa
1226,stechen::V,ӏотта,împunge
1227,stechen::V,къовзо,înțepa
1228,stechen::V,къовзо,împunge
1229,stoßen::V,татта,împinge
1230,stehlen::V,лачкъо,fura
1231,stören::V,новкъарло ян,deranja
1232,belästigen::V,сагатдан,importuna
1233,verbergen::V,къайладаккха,ascunde
1234,täuschen::V,ӏexo,amăgi
1235,betrügen::V,ледан,înșela
1236,töten::V,ден,omorî
1237,wohnen::V,даха,sta
1238,wohnen::V,даха,locui
1239,arbeiten::V,къахьега,lucra
1240,sammeln::V,гулдан,aduna
1241,sammeln::V,гулдан,colecționa
1242,pflücken::V,даха,culege
1243,jagen::V,талла,vâna
1244,fischen::V,чӏерий леца,pescui
1245,fassen::V,лаца,prinde
1246,fassen::V,схьалаца,prinde
1247,hüten::V,лардан,paște
1248,treiben::V,лахка,mână
1249,anbinden::V,дӏадехка,lega
1250,füttern::V,хӏума яла,da de mâncare
1251,melken::V,оза,mulge
1252,gießen::V,хи тоха,uda
1253,reifen::V,хьекъа,pârgui
1254,zubereiten::V,кечъян,găti
1255,zubereiten::V,кхача бан,găti
1256,kochen::V,кхача бан,găti
1257,backen::V,датта,coace
1258,braten::V,кхарза,coace
1259,umrühren::V,кего,mesteca
1260,nähen::V,тега,coase
1261,färben::V,басардан,vopsi
1262,färben::V,басардан,colora
1263,reinigen::V,цӏандан,curăți
1264,waschen::V,йила,spăla
1265,waschen::V,йитта,spăla
1266,waschen::V,дӏадайа,spăla
1267,abwischen::V,дӏадайа,șterge
1268,spülen::V,хи кхарза,clăti
1269,fegen::V,нуй хьакха,mătura
1270,kehren::V,нуй хьакха,mătura
1271,baden::V,лийча,se scălda
1272,sich waschen::V,юьхь йила,se spăla
1273,ausziehen::V,духар дӏадаккха,și scoate
1274,sich anziehen::V,духа,se îmbrăca
1275,kämmen::V,ехк хьакха,pieptăna
1276,schmücken::V,хаздан,împodobi
1277,sagen::V,ала,zice
1278,sagen::V,ала,spune
1279,sprechen::V,баха,vorbi
1280,sprechen::V,мотт бийца,vorbi
1281,reden::V,къамел дан,vorbi
1282,reden::V,къамел дан,discuta
1283,sich unterhalten::V,къамел дан,conversa
1284,sich unterhalten::V,къамел дан,sta de vorbă
1285,fragen::V,хатта,întreba
1286,bitten::V,деха,ruga
1287,erzählen::V,дийца,spune
1288,erzählen::V,дийца,povesti
1289,mitteilen::V,хаам бан,comunica
1290,mitteilen::V,хаам бан,înștiința
1291,nennen::V,цӏе яккха,numi
1292,nennen::V,цӏе яккха,chema
1293,rufen::V,кхайкха,chema
1294,prahlen::V,куралла ян,se făli
1295,prahlen::V,дозалла дан,se făli
1296,übersetzen::V,гоч дан,traduce
1297,denken::V,ойла ян,gândi
1298,glauben::V,теша,crede
1299,bemerken::V,ган,observa
1300,erkennen::V,довза,cunoaște
1301,erkennen::V,довза,recunoaște
1302,begreifen::V,кхета,pricepe
1303,begreifen::V,кхета,înțelege
1304,verstehen::V,кхета,înțelege
1305,lernen::V,деша,învăța
1306,wissen::V,хаа,ști
1307,sich erinnern an::V,дагадан,a-și aminti de
1308,vergessen::V,дицдала,uita
1309,messen::V,дуста,măsura
1310,zählen::V,дагардан,număra
1311,rechnen::V,лара,calcula
1312,lesen::V,еша,citi
1313,malen::V,сурт дилла,picta
1314,zeichnen::V,сурт дилла,desena
1315,schreiben::V,яздан,scrie
1316,besitzen::V,доладан,avea
1317,besitzen::V,доладан,poseda
1318,kaufen::V,эца,cumpăra
1319,verkaufen::V,дохка,vinde
1320,bezahlen::V,мах бала,plăti
1321,bezahlen::V,мах бала,achita
1322,zahlen::V,мах бала,plăti
1323,beherrschen::V,собаре хила,stăpâni
1324,ertragen::V,лан,răbda
1325,ertragen::V,лан,suporta
1326,ertragen::V,сатоха,răbda
1327,ertragen::V,сатоха,suporta
1328,ertragen::V,садетта,răbda
1329,ertragen::V,садетта,suporta
1330,Schwarm::N,,cârd
1331,Schlinge::N,,laț
1332,Art::N,,fel
1333,Art::N,,specie
1334,Entfernung::N,,distanță
1335,Entfernung::N,,depărtare
1336,Griff::N,,mâner
1337,Figur::N,,chip
1338,Figur::N,,figură
1339,Bogen[Waffe]::N,,arc
1340,so::ADV,,așa
1341,so::ADV,,atât
1342,abnehmen::V,,scădea
1343,abnehmen::V,,descrește
1344,sausen::V,,țâșni
1345,wenden::V,,întoarce
1346,hacken::V,,toca
1347,hacken::V,,sparge
1348,stricken::V,,împleti
1349,anziehen::V,,îmbrăca
