,Concept_ID,es,sah
0,Auge::N,ojo,харах
1,Ohr::N,oreja,кулгаах
2,Nase::N,nariz,мурун
3,Mund::N,boca,айах
4,Zahn::N,diente,тиис
5,Zunge::N,lengua,тыл
6,Lippe::N,labio,уос
7,Wange::N,mejilla,иэдэс
8,Gesicht::N,cara,сирэй
9,Stirn::N,frente,сүүс
10,Haar::N,cabello,баттах
11,Schnurrbart::N,bigote,уос бытыга
12,Bart::N,barba,сэҥийэ бытыга
13,Kinn::N,barbilla,сэҥийэ
14,Kiefer[Anatomie]::N,mandíbula,сыҥаах
15,Kehle::N,garganta,тамах
16,Kehle::N,garganta,күөмэй
17,Hals::N,cuello,моой
18,Genick::N,nuca,кэтэх
19,Genick::N,cerviz,кэтэх
20,Kopf::N,cabeza,бас
21,Rücken::N,espalda,көҕүс
22,Bauch::N,vientre,ис
23,Nabel::N,ombligo,киин
24,Busen::N,pecho,эмиий
25,Brust::N,pecho,түөс
26,Schulter::N,hombro,сарын
27,Arm::N,brazo,илии
28,Ellenbogen::N,codo,тоҕонох
29,Hand::N,mano,илии
30,Handfläche::N,palma,ытыс
31,Finger::N,dedo,тарбах
32,Fingernagel::N,uña,тыҥырах
33,Nagel[Anatomie]::N,uña,тыҥырах
34,Zeh::N,dedo del pie,тарбах
35,Fuß::N,pie,уллуҥах
36,Ferse::N,talón,тилэх
37,Knie::N,rodilla,тобук
38,Knie::N,rodilla,дьилбэк
39,Oberschenkel::N,muslo,уллук
40,Oberschenkel::N,muslo,өттүк
41,Bein::N,pierna,атах
42,Körper::N,cuerpo,бэйэ
43,Haut::N,piel,тирии
44,Blut::N,sangre,хаан
45,Ader::N,vena,вена
46,Ader::N,vena,күөх_тымыр
47,Sehne::N,tendón,иҥиир
48,Knochen::N,hueso,уҥуох
49,Knochen::N,hueso,уҥгуох
50,Gehirn::N,cerebro,мэйии
51,Gehirn::N,encéfalo,мэйии
52,Herz::N,corazón,сүрэх
53,Magen::N,estómago,куртах
54,Leber::N,hígado,быар
55,Atem::N,aliento,тыын
56,Hunger::N,hambre,аас
57,Träne::N,lágrima,харах уута
58,Geschmack::N,gusto,амтан
59,Geruch::N,olor,сыт
60,Schlaf::N,sueño,утуйуу
61,Traum::N,sueño,түүл
62,Traum::N,ensueño,түүл
63,Himmel::N,cielo,халлаан
64,Sonne::N,sol,күн
65,Mond::N,luna,ый
66,Stern::N,estrella,сулус
67,Luft::N,aire,салгын
68,Wind::N,viento,тыал
69,Welle::N,ola,долгун
70,Welle::N,ola,балхаан
71,Welle::N,onda,долгун
72,Welle::N,onda,балхаан
73,Wasser::N,agua,уу
74,Stein::N,piedra,таас
75,Boden::N,suelo,сир
76,Erde::N,tierra,буор
77,Staub::N,polvo,быыл
78,Rauch::N,humo,буруо
79,Funke::N,chispa,кыым
80,Feuer::N,fuego,уот
81,Licht::N,luz,уот
82,Schatten::N,sombra,күлүк
83,Wetter::N,tiempo,күн-дьыл
84,Nebel::N,niebla,туман
85,Wolke::N,nube,былыт
86,Regen::N,lluvia,самыыр
87,Schnee::N,nieve,хаар
88,Eis::N,hielo,муус
89,Frost::N,helada,тымныы
90,Kälte::N,frío,тымныы
91,Hitze::N,calor,куйаас
92,Raureif::N,escarcha,кырыа
93,Regenbogen::N,arco iris,кустук
94,Donner::N,trueno,этиҥ
95,Strömung::N,corriente,сүүрүк
96,Tropfen::N,gota,таммах
97,Tropfen::N,gota,хааппыла
98,Schaum::N,espuma,күүгэн
99,Schmutz::N,suciedad,кир
100,See::N,lago,күөл
101,Sumpf::N,pantano,бадараан
102,Moor::N,turbera,дьэбэрэ
103,Wiese::N,prado,ходуһа
104,Wiese::N,pradera,ходуһа
105,Wald::N,bosque,ойуур
106,Hügel::N,colina,булгунньах
107,Anhöhe::N,cerro,үрдэл
108,Berg::N,monte,хайа
109,Berg::N,montaña,хайа
110,Gipfel::N,cima,чыпчаал
111,Gipfel::N,cumbre,чыпчаал
112,Höhle::N,cueva,хайа_хаспаҕа
113,Höhle::N,cueva,көҥүс
114,Höhle::N,caverna,хайа_хаспаҕа
115,Höhle::N,caverna,көҥүс
116,Abhang::N,cuesta,эниэ
117,Abhang::N,declive,эниэ
118,Quelle::N,fuente,дьүүктэ
119,Quelle::N,manantial,дьүүктэ
120,Bach::N,arroyo,үрүйэ
121,Fluss::N,río,өрүс
122,Ufer::N,orilla,биэрэк
123,Küste::N,costa,кытыл
124,Festland::N,tierra firme,кураанах сир
125,Meer::N,mar,муора
126,Bucht::N,cala,хомо
127,Bucht::N,cala,бухта
128,Bucht::N,bahía,хомо
129,Bucht::N,bahía,бухта
130,Insel::N,isla,арыы
131,Blume::N,flor,сибэкки
132,Gras::N,hierba,от
133,Wurzel::N,raíz,силис
134,Baum::N,árbol,мас
135,Stamm::N,tronco,умнас
136,Rinde::N,corteza,хатырык
137,Ast::N,rama,мутук
138,Zweig::N,ramo,лабаа
139,Blatt::N,hoja,сэбирдэх
140,Birke::N,abedul,хатыҥ
141,Kiefer[Baum]::N,pino,бэс
142,Weide[Baum]::N,sauce,үөт
143,Weide[Baum]::N,sauce,талах
144,Tanne::N,abeto,харыйа
145,Horn::N,asta,муос
146,Horn::N,cuerno,муос
147,Feder::N,pluma,куорсун
148,Fell::N,piel,тирии
149,Flügel::N,ala,кынат
150,Klaue::N,garra,тыҥырах
151,Kralle::N,uña,баппаҕай
152,Kralle::N,garra,баппаҕай
153,Schwanz::N,cola,кутурук
154,Ei::N,huevo,сымыыт
155,Nest::N,nido,уйа
156,Bau::N,madriguera,хороон
157,Tier::N,animal,кыыл
158,Tier::N,animal,харамай
159,Herde::N,rebaño,үөр
160,Kuh::N,vaca,ынах
161,Bulle::N,toro,оҕус
162,Pferd::N,caballo,сылгы
163,Schaf::N,oveja,овца
164,Schwein::N,cerdo,сибиинньэ
165,Hund::N,perro,ыт
166,Katze::N,gato,куоска
167,Bär::N,oso,эһэ
168,Eichhörnchen::N,ardilla,тииҥ
169,Elch::N,alce,тайах
170,Fuchs::N,zorro,саһыл
171,Hase::N,liebre,куобах
172,Maus::N,ratón,кутуйах
173,Wolf::N,lobo,бөрө
174,Vogel::N,ave,көтөр
175,Vogel::N,pájaro,көтөр
176,Schwarm::N,bandada,бөлөх
177,Huhn::N,gallina,куурусса
178,Hahn::N,gallo,бөтүүк
179,Gans::N,oca,хаас
180,Gans::N,ganso,хаас
181,Adler::N,águila,хотой
182,Ente::N,pato,кус
183,Eule::N,lechuza,мэкчиргэ
184,Kranich::N,grulla,туруйа
185,Krähe::N,corneja,тураах
186,Kuckuck::N,cuco,кэҕэ
187,Schwan::N,cisne,куба
188,Fisch::N,pez,балык
189,Barsch::N,perca,алыһар
190,Hecht::N,lucio,сордон
191,Schlange[Tier]::N,serpiente,моҕой
192,Schlange[Tier]::N,serpiente,эриэн үөн
193,Wurm::N,gusano,үөн
194,Spinne::N,araña,ооҕуй
195,Ameise::N,hormiga,кымырдаҕас
196,Laus::N,piojo,быт
197,Mücke::N,mosquito,кумаар
198,Fliege::N,mosca,сахсырҕа
199,Schmetterling::N,mariposa,лыах
200,Schmetterling::N,mariposa,үрүмэччи
201,Beere::N,baya,отон
202,Apfel::N,manzana,яблоко
203,Pilz::N,seta,тэллэй
204,Pilz::N,hongo,тэллэй
205,Zwiebel::N,cebolla,луук
206,Saat::N,siembra,сиэмэ
207,Korn::N,grano,сиэмэ
208,Heu::N,heno,от
209,Schale::N,cáscara,хах
210,Grube::N,foso,дьаама
211,Falle::N,trampa,сохсо
212,Schlinge::N,lazo,уктаа
213,Spur::N,huella,суол
214,Asche::N,ceniza,күл
215,Dreck::N,suciedad,бадараан
216,Eisen::N,hierro,тимир
217,Gold::N,oro,көмүс
218,Gold::N,oro,кыһыл көмүс
219,Silber::N,plata,көмүс
220,Silber::N,plata,үрүҥ көмүс
221,Kohle::N,carbón,чох
222,Glas::N,vidrio,өстүөкүлэ
223,Glas::N,cristal,өстүөкүлэ
224,Lehm::N,barro,туой
225,Sand::N,arena,кумах
226,Mensch::N,hombre,киһи
227,Mensch::N,ser humano,киһи
228,Mann::N,hombre,эр
229,Frau::N,mujer,дьахтар
230,Kind::N,niño,оҕо
231,Junge::N,chico,уол
232,Junge::N,muchacho,уол
233,Mädchen::N,chica,кыыс оҕо
234,Mädchen::N,muchacha,кыыс оҕо
235,Familie::N,familia,кэргэн
236,Großvater::N,abuelo,эһэ
237,Großmutter::N,abuela,эбэ
238,Eltern::N,padres,аҕа-ийэ
239,Vater::N,padre,аҕа
240,Mutter::N,madre,ийэ
241,Sohn::N,hijo,уол
242,Tochter::N,hija,кыыс
243,Bruder::N,hermano,убай
244,Bruder::N,hermano,быраат
245,Schwester::N,hermana,аҕас
246,Schwester::N,hermana,балыс
247,Onkel::N,tío,таай
248,Onkel::N,tío,абаҕа
249,Tante::N,tía,эдьиий
250,Ehemann::N,esposo,эр
251,Ehefrau::N,esposa,ойох
252,Freude::N,placer,үөрүү
253,Freude::N,alegría,үөрүү
254,Gelächter::N,risa,күлүү
255,Gelächter::N,carcajada,күлүү
256,Glück::N,felicidad,дьол
257,Glück::N,felicidad,соргу
258,Kummer::N,pena,кутурҕан
259,Wunsch::N,deseo,баҕарыы
260,Lust::N,ganas,баҕа
261,Geist::N,mente,тыын
262,Geist::N,espíritu,тыын
263,Gedanke::N,idea,санаа
264,Gedanke::N,pensamiento,санаа
265,Gedächtnis::N,memoria,өй
266,Verstand::N,razón,өй
267,Verstand::N,entendimiento,өй
268,Sinn::N,sentido,суолта
269,Sinn::N,significado,суолта
270,Grund::N,causa,төрүөт
271,Wahrheit::N,verdad,кырдьык
272,Gespräch::N,conversación,бэсиэдэ
273,Gespräch::N,conversación,кэпсэтии
274,Märchen::N,cuento,остуоруйа
275,Erzählung::N,cuento,кэпсээн
276,Erzählung::N,narración,кэпсээн
277,Nachricht::N,mensaje,биллэриллии
278,Neuigkeit::N,noticia,сонун
279,Name::N,nombre,аат
280,Rätsel::N,acertijo,таабырын
281,Rätsel::N,adivinanza,таабырын
282,Rede::N,discurso,этии
283,Sprache::N,lengua,тыл
284,Stimme::N,voz,куолас
285,Wort::N,palabra,тыл
286,Zeichen::N,señal,бэлиэ
287,Ruf::N,llamada,ыҥырыы
288,Lärm::N,ruido,айдаан
289,Lärm::N,barullo,айдаан
290,Laut::N,sonido,тыас
291,Ton::N,tono,дорҕоон
292,Lied::N,canción,ырыа
293,Ruhe::N,calma,уу чуумпу
294,Ruhe::N,silencio,уу чуумпу
295,Leute::N,gente,дьон
296,Volk::N,pueblo,дьон
297,Volk::N,pueblo,норуот
298,Arbeit::N,trabajo,үлэ
299,Gast::N,huésped,ыалдьыт
300,Gast::N,invitado,ыалдьыт
301,Geschenk::N,regalo,бэлэх
302,Spiel::N,juego,оонньуу
303,Gesellschaft::N,compañía,общество
304,Hilfe::N,ayuda,көмө
305,Hilfe::N,socorro,көмө
306,Freund::N,amigo,доҕор
307,Kamerad::N,camarada,атас
308,Kamerad::N,compañero,атас
309,Angelegenheit::N,asunto,дьыала
310,Anzahl::N,cantidad,ахсаан
311,Art::N,tipo,биис
312,Art::N,clase,биис
313,Stück::N,pieza,кырбас
314,Teil::N,parte,ирээт
315,Hälfte::N,mitad,аҥар
316,Kreis::N,círculo,төгүрүк
317,Kreis::N,círculo,төгүрүмтэ
318,Kreuz::N,cruz,кириэс
319,Linie::N,línea,сурааһын
320,Strich::N,raya,сурааһын
321,Strich::N,trazo,сурааһын
322,Abstand::N,distancia,арыт
323,Entfernung::N,distancia,ыраах
324,Gegend::N,región,сир
325,Gegend::N,comarca,сир
326,Platz::N,espacio,арыт
327,Ort::N,sitio,сир
328,Seite::N,lado,өрүт
329,Seite::N,lado,сирэй
330,Seite::N,costado,өрүт
331,Seite::N,costado,сирэй
332,Mitte::N,medio,орто
333,Mitte::N,centro,орто
334,Gegenstand::N,objeto,предмет
335,Sache::N,cosa,мал
336,Rand::N,borde,кытыы
337,Rand::N,borde,ойоҕос
338,Kante::N,borde,кырыы
339,Ecke::N,esquina,муннук
340,Spitze::N,punta,чыпчаал
341,Ende::N,cabo,төбө
342,Ende::N,extremo,төбө
343,Loch::N,agujero,тэһэҕэс
344,Loch::N,agujero,дьөлөҕөс
345,Loch::N,abertura,тэһэҕэс
346,Loch::N,abertura,дьөлөҕөс
347,Winkel::N,ángulo,муннук
348,Muster::N,dibujo,оһуор
349,Größe::N,tamaño,кээмэй
350,Länge::N,longitud,уста
351,Höhe::N,altura,үрдүк
352,Höhe::N,altitud,үрдүк
353,Gewicht::N,peso,ыйааһын
354,Menge::N,cantidad,ахсаан
355,Haufen::N,montón,чөмчөх
356,Reihe::N,fila,кэккэ
357,Boot::N,bote,оҥочо
358,Boot::N,barca,оҥочо
359,Ruder::N,remo,эрдии
360,Schlitten::N,trineo,сыарҕа
361,Ski::N,esquí,хайыһар
362,Lagerfeuer::N,hoguera,кутаа
363,Last::N,carga,ыарахан
364,Gang::N,marcha,хаамыы
365,Schritt::N,paso,хардыы
366,Norden::N,norte,хоту
367,Süden::N,sur,соҕуруу
368,Westen::N,oeste,арҕаа
369,Osten::N,este,илин
370,Holz::N,madera,мас
371,Brett::N,tabla,дуоска
372,Brett::N,tabla,хаптаһын
373,Platte::N,placa,билиитэ
374,Platte::N,plancha,билиитэ
375,Stütze::N,sostén,тулааһын
376,Stütze::N,soporte,тулааһын
377,Stange::N,vara,ураҕас
378,Stange::N,percha,ураҕас
379,Stock::N,palo,мас
380,Stock::N,palo,баалкы
381,Stock::N,bastón,мас
382,Stock::N,bastón,баалкы
383,Stab::N,vara,ураҕас
384,Stab::N,bastón,ураҕас
385,Rohr::N,tubo,турба
386,Haus::N,casa,дьиэ
387,Heim::N,hogar,дьиэ
388,Ofen::N,estufa,оһох
389,Fußboden::N,suelo,муоста
390,Tisch::N,mesa,остуол
391,Stuhl::N,silla,устуул
392,Wiege::N,cuna,биһик
393,Bett::N,cama,кырабаат
394,Regal::N,estantería,долбуур
395,Kiste::N,caja,дьааһык
396,Fenster::N,ventana,түннүк
397,Tür::N,puerta,аан
398,Tor::N,puerta,аан
399,Zaun::N,valla,соппулуот
400,Zaun::N,cercado,соппулуот
401,Dach::N,techo,кырыыса
402,Dach::N,tejado,кырыыса
403,Leiter::N,escalera,кирилиэс
404,Besen::N,escoba,миинньик
405,Spaten::N,pala,күрдьэх
406,Schaufel::N,pala,күрдьэх
407,Schaufel::N,paleta,күрдьэх
408,Gabel::N,tenedor,биилкэ
409,Löffel::N,cuchara,луоска
410,Messer::N,cuchillo,быһах
411,Nagel::N,clavo,тоһоҕо
412,Netz::N,red,илим
413,Haken::N,gancho,көхө
414,Haken::N,corchete,көхө
415,Griff::N,asa,ук
416,Griff::N,asa,тутаах
417,Griff::N,mango,ук
418,Griff::N,mango,тутаах
419,Schloss::N,cerradura,күлүүс
420,Bild::N,imagen,хартыына
421,Figur::N,figura,фигура
422,Puppe::N,muñeca,куукула
423,Beutel::N,bolsa,мөһөөччук
424,Bündel::N,haz,баайыы
425,Tasche::N,bolso,суумка
426,Eimer::N,cubo,биэдэрэ
427,Deckel::N,tapa,хаппах
428,Deckel::N,tapadera,хаппах
429,Geschirr::N,vajilla,иһит
430,Sack::N,saco,куул
431,Tasse::N,taza,сэлиэнэй
432,Topf::N,olla,көстүрүүҥкэ
433,Topf::N,marmita,көстүрүүҥкэ
434,Kessel::N,caldera,хочуол
435,Essen::N,comida,аһылык
436,Nahrung::N,alimento,ас
437,Speise::N,plato,аһылык
438,Fleisch::N,carne,эт
439,Getreide::N,cereales,злактар
440,Brei::N,puré,хааһы
441,Brei::N,papilla,хааһы
442,Brot::N,pan,килиэп
443,Scheibe::N,lonja,куһуок
444,Scheibe::N,rebanada,куһуок
445,Fett::N,grasa,сыа
446,Butter::N,mantequilla,арыы
447,Öl::N,aceite,арыы
448,Salz::N,sal,туус
449,Suppe::N,sopa,мин
450,Honig::N,miel,мүөт
451,Milch::N,leche,үүт
452,Tee::N,té,чэй
453,Leder::N,cuero,тирии
454,Wolle::N,lana,түү
455,Stoff::N,tela,таҥас
456,Stoff::N,tejido,таҥас
457,Nadel::N,aguja,иннэ
458,Faden::N,hilo,сап
459,Knopf::N,botón,тимэх
460,Knoten::N,nudo,түмүк
461,Farbe::N,pintura,кырааска
462,Kleidung::N,ropa,таҥас
463,Kleidung::N,vestidos,таҥас
464,Hemd::N,camisa,ырбаахы
465,Kragen::N,cuello,саҕа
466,Ärmel::N,manga,сиэх
467,Hose::N,pantalón,ыстаан
468,Hose::N,pantalón,бүрүүкэ
469,Gürtel::N,cinturón,кур
470,Mütze::N,gorro,бэргэһэ
471,Schuh::N,zapato,бачыыҥка
472,Stiefel::N,bota,саппыкы
473,Ring::N,anillo,биһилэх
474,Band::N,cinta,лиэнтэ
475,Kamm::N,peine,тараах
476,Spiegel::N,espejo,сиэркилэ
477,Riemen::N,correa,кур
478,Schnur::N,cuerda,быа
479,Leine::N,correa,тэһиин
480,Decke::N,manta,суорҕан
481,Kissen::N,almohada,сыттык
482,Tuch::N,pañuelo,былаат
483,Handtuch::N,toalla,соттор
484,Kraft::N,fuerza,сыра
485,Stärke::N,fuerza,күүс
486,Gesundheit::N,salud,доруобуйа
487,Krankheit::N,enfermedad,ыарыы
488,Schmerz::N,dolor,ыарыы
489,Wunde::N,llaga,баас
490,Wunde::N,herida,баас
491,Fieber::N,fiebre,түрүлгэн
492,Fieber::N,fiebre,лихорадка
493,Fieber::N,fiebre,температура
494,Arznei::N,medicina,эмп
495,Arznei::N,medicamento,эмп
496,Brücke::N,puente,күргэ
497,Brunnen::N,pozo,холуодьас
498,Weide::N,pasto,мэччирэҥ
499,Pfad::N,sendero,ыллык
500,Weg::N,camino,суол
501,Straße::N,vía,суол
502,Straße::N,carretera,суол
503,Dorf::N,aldea,дэриэбинэ
504,Dorf::N,pueblo,дэриэбинэ
505,Stadt::N,ciudad,куорат
506,Brief::N,carta,сурук
507,Buch::N,libro,кинигэ
508,Buchstabe::N,letra,буква
509,Buchstabe::N,carácter,буква
510,Zeitung::N,diario,хаһыат
511,Zeitung::N,periódico,хаһыат
512,Leben::N,vida,тыын
513,Tod::N,muerte,өлүү
514,Grab::N,tumba,иин
515,Grab::N,sepulcro,иин
516,Kirche::N,iglesia,таҥара дьиэтэ
517,Sünde::N,pecado,айыы
518,Gott::N,dios,тангара
519,Arbeiter::N,obrero,үлэһит
520,Arbeiter::N,trabajador,үлэһит
521,Chef::N,jefe,баһылык
522,Chef::N,jefe,начальник
523,Meister::N,maestro,уус
524,Meister::N,maestro,маастар
525,Arzt::N,médico,врач
526,Lehrer::N,profesor,учуутал
527,Geld::N,dinero,харчы
528,Geschäft::N,negocio,идэ
529,Laden::N,tienda,маҕаһыын
530,Preis::N,precio,сыана
531,Ware::N,mercancía,табаар
532,Nutzen::N,provecho,туһа
533,Reichtum::N,riqueza,баай
534,Welt::N,mundo,аан дойду
535,Land::N,país,дойду
536,Staat::N,Estado,государство
537,König::N,rey,король
538,Macht::N,poder,былаас
539,Macht::N,potencia,былаас
540,Grenze::N,frontera,кыраныысса
541,Krieg::N,guerra,сэрии
542,Feind::N,enemigo,өстөөх
543,Gewalt::N,violencia,күүһүлээһин
544,Kampf::N,lucha,охсуһуу
545,Kampf::N,combate,охсуһуу
546,Bogen[Waffe]::N,arco,ох
547,Pfeil::N,flecha,ох
548,Gewehr::N,fusil,саа
549,Gewehr::N,escopeta,саа
550,Fehler::N,error,сыыһа
551,Lüge::N,mentira,сымыйа
552,Schaden::N,daño,хоромньу
553,Unglück::N,desgracia,алдьархай
554,Schuld::N,culpa,буруй
555,Alter::N,edad,саас
556,Schluss::N,fin,тиһэх
557,Schluss::N,final,тиһэх
558,Zeit::N,tiempo,бириэмэ
559,Tag::N,día,күн
560,Morgen::N,mañana,сарсыарда
561,Mittag::N,mediodía,күн ортото
562,Abend::N,noche,киэһэ
563,Nacht::N,noche,түүн
564,Woche::N,semana,нэдиэлэ
565,Monat::N,mes,ый
566,Jahr::N,año,сыл
567,Jahr::N,año,дьыл
568,Frühling::N,primavera,саас
569,Sommer::N,verano,сайын
570,Herbst::N,otoño,күһүн
571,Winter::N,invierno,кыһын
572,Januar::N,enero,тохсунньу
573,Februar::N,febrero,олунньу
574,März::N,marzo,кулун тутар
575,April::N,abril,муус устар ый
576,Mai::N,mayo,ыам ыйа
577,Juni::N,junio,бэс ыйа
578,Juli::N,julio,от ыйа
579,August::N,agosto,атырдьах ыйа
580,September::N,septiembre,балаҕан ыйа
581,Oktober::N,octubre,алтынньы
582,November::N,noviembre,сэтинньи
583,Dezember::N,diciembre,ахсынньы
584,Montag::N,lunes,бэнидиэнньик
585,Dienstag::N,martes,оптуорунньук
586,Mittwoch::N,miércoles,сэрэдэ
587,Donnerstag::N,jueves,чэппиэр
588,Freitag::N,viernes,бээтинсэ
589,Samstag::N,sábado,субуота
590,Sonntag::N,domingo,баскыһыанньа
591,groß::A,grande,бөдөҥ
592,groß::A,grande,улахан
593,klein::A,pequeño,кыр
594,lang::A,largo,уһун
595,kurz::A,corto,кылгас
596,breit::A,ancho,кэтит
597,schmal::A,estrecho,кыараҕас
598,dicht::A,denso,хойуу
599,dick[Gegenstand]::A,grueso,суон
600,dick[Gegenstand]::A,grueso,хойуу
601,dünn::A,fino,чараас
602,dünn::A,delgado,чараас
603,fein::A,fino,бытархай
604,fein::A,fino,синньигес
605,fein::A,delicado,бытархай
606,fein::A,delicado,синньигес
607,fest::A,firme,бөҕө
608,fest::A,firme,кытаанах
609,fest::A,sólido,бөҕө
610,fest::A,sólido,кытаанах
611,flach::A,plano,хаптаҕай
612,glatt::A,liso,кылааккай
613,hart::A,duro,хатан
614,hart::A,duro,кытаанах
615,weich::A,muelle,сымнаҕас
616,rund::A,redondo,төгүрүк
617,spitz::A,agudo,сытыы
618,spitz::A,agudo,уһуктаах
619,spitz::A,apuntado,сытыы
620,spitz::A,apuntado,уһуктаах
621,scharf::A,agudo,сытыы
622,scharf::A,afilado,сытыы
623,stumpf::A,sin filo,сыппах
624,schwer::A,pesado,ыарахан
625,schön::A,bello,кыраһыабай
626,schön::A,hermoso,кыраһыабай
627,heiß::A,caluroso,итии
628,warm::A,cálido,ичигэс
629,warm::A,caliente,ичигэс
630,kalt::A,frío,тымныы
631,kühl::A,fresco,сөрүүн
632,frisch::A,fresco,ыраас
633,frisch::A,fresco,сөрүүн
634,frisch::A,fresco,тымныы
635,feucht::A,húmedo,сииктээх
636,nass::A,mojado,инчэҕэй
637,trocken::A,seco,кураан
638,voll::A,lleno,толору
639,leer::A,vacío,иччитэх
640,offen::A,abierto,аһаҕас
641,geschlossen::A,cerrado,бүтэй
642,sauber::A,limpio,сэбэр
643,schmutzig::A,sucio,кирдээх
644,roh::A,crudo,сиикэй
645,reif::A,maduro,буспут
646,reif::A,maduro,сиппит-хоппут
647,lecker::A,rico,минньигэс
648,lecker::A,sabroso,минньигэс
649,süß::A,dulce,минньигэс
650,bitter::A,amargo,аһыы
651,sauer::A,agrio,аһыы
652,hell::A,claro,сырдык
653,dunkel::A,oscuro,хараҥа
654,schwarz::A,negro,хара
655,weiß::A,blanco,үрүҥ
656,weiß::A,blanco,маҥан
657,rot::A,rojo,кыһыл
658,gelb::A,amarillo,саһархай
659,blau::A,azul,күөх
660,grün::A,verde,күөх
661,grün::A,verde,от күөҕэ
662,grau::A,gris,сиэрэй
663,bunt::A,multicolor,эриэн
664,billig::A,barato,чэпчэки
665,teuer::A,caro,сыаналаах
666,wertvoll::A,valioso,сыаналаах
667,wertvoll::A,precioso,сыаналаах
668,blind::A,ciego,хараҕа суох
669,taub::A,sordo,дьүлэй
670,kräftig::A,fuerte,модун
671,stark::A,fuerte,күүстээх
672,stark::A,vigoroso,күүстээх
673,schwach::A,débil,мөлтөх
674,fett::A,obeso,эмис
675,schlank::A,esbelto,дьылҕан
676,schlank::A,esbelto,дьыпсаҕай
677,hübsch::A,mono,олус кэрэ
678,hübsch::A,mono,көрүөхтэн үчүгэй
679,hübsch::A,guapo,олус кэрэ
680,hübsch::A,guapo,көрүөхтэн үчүгэй
681,böse::A,malo,өһүөннээх
682,dumm::A,tonto,акаары
683,dumm::A,estúpido,акаары
684,faul::A,vago,нэс
685,faul::A,perezoso,нэс
686,fleißig::A,aplicado,кыһамньылаах
687,fleißig::A,diligente,кыһамньылаах
688,geizig::A,avaro,иҥсэлээх
689,klug::A,sensato,өйдөөх
690,klug::A,inteligente,өйдөөх
691,geschickt::A,hábil,наһаа дьоҕурдаах
692,lieb::A,querido,тапталлаах
693,lustig::A,alegre,көрдөөх
694,sanft::A,suave,намчы
695,sanft::A,suave,сымнаҕас
696,hungrig::A,hambriento,аччык
697,krank::A,enfermo,ыалдьар
698,nackt::A,desnudo,сыгынньах
699,traurig::A,triste,санаарҕабыллаах
700,lebendig::A,vivo,тыыннаах
701,lebendig::A,viviente,тыыннаах
702,gut::A,bueno,үтүө
703,gut::A,bueno,үчүгэй
704,schlecht::A,malo,куһаҕан
705,richtig::A,justo,сөп
706,richtig::A,correcto,сөп
707,schlimm::A,malo,сидьиҥ
708,schlimm::A,malo,быдьар
709,schlimm::A,grave,сидьиҥ
710,schlimm::A,grave,быдьар
711,wahr::A,verídico,кырдьык
712,wahr::A,verdadero,кырдьык
713,alt::A,viejo,былыргы
714,neu::A,nuevo,саҥа
715,ehemalig::A,antiguo,урукку
716,alt[Lebewesen]::A,viejo,кырдьаҕас
717,jung::A,joven,эдэр
718,arm::A,pobre,дьадаҥы
719,reich::A,rico,баай
720,bekannt::A,conocido,билэр
721,berühmt::A,famoso,аатырбыт
722,berühmt::A,célebre,аатырбыт
723,fremd::A,extraño,атын
724,verschieden::A,diverso,араас
725,verschieden::A,distinto,араас
726,verschieden::A,diferente,араас
727,nah::A,cercano,чугас
728,fern::A,lejano,ыраах
729,linker::A,izquierdo,хаҥас
730,rechter::A,derecho,уҥа
731,anderer::A,otro,атын
732,erster::A,primero,маҥнайгы
733,zweiter::A,segundo,иккис
734,dritter::A,tercero,үһүс
735,letzter::A,último,тиһэх
736,allein::ADV,a solo,соҕотох
737,auf einmal::ADV,de una vez,биирдэ
738,zusammen::ADV,juntos,холбуу
739,lange::ADV,mucho tiempo,уһуннук
740,plötzlich::ADV,de repente,эмискэ
741,sofort::ADV,en seguida,тута
742,später::ADV,más tarde,хойут
743,jetzt::ADV,ahora,билигин
744,heute::ADV,hoy,бүгүн
745,morgen::ADV,mañana,сарсын
746,bald::ADV,pronto,өтөр
747,bald::ADV,en breve,өтөр
748,dann::ADV,luego,кэнна
749,dann::ADV,entonces,кэнна
750,gestern::ADV,ayer,бэҕэһээ
751,einst::ADV,antaño,биир төгүл
752,einst::ADV,antaño,арай биирдэ
753,damals::ADV,entonces,оччоҕо
754,danach::ADV,después,аары
755,danach::ADV,después,ол кэнниттэн
756,vorher::ADV,antes,урут
757,zuerst::ADV,primero,маҥнай
758,einmal::ADV,una vez,биирдэ
759,manchmal::ADV,a veces,арыт
760,oft::ADV,a menudo,чаастатык
761,oft::ADV,con frecuencia,чаастатык
762,immer::ADV,siempre,мэлдьи
763,niemals::ADV,jamás,хаһан да
764,hier::ADV,aquí,маныаха
765,hierhin::ADV,acá,бэттэх
766,von hier::ADV,desde aquí,мантан
767,dort::ADV,ahí,онно
768,dort::ADV,allí,онно
769,dorthin::ADV,allí,онно
770,dorthin::ADV,hacia allí,онно
771,geradeaus::ADV,todo derecho,быһа
772,geradeaus::ADV,todo derecho,быһаччы
773,vorwärts::ADV,adelante,инники
774,rückwärts::ADV,hacia atrás,төттөру
775,zurück::ADV,atrás,төттөрү
776,unten::ADV,abajo,аллара
777,hinab::ADV,hacia abajo,аллара
778,oben::ADV,arriba,үөһэ
779,hinauf::ADV,hacia arriba,өрө
780,hinauf::ADV,hacia arriba,үөһэ
781,überall::ADV,por todas partes,бэйдиэ
782,nicht::ADV,no,буолбатах
783,ein wenig::ADV,un poco,кыратык
784,kaum::ADV,apenas,нэһиилэ
785,sehr::ADV,muy,бэрт
786,sehr::ADV,muy,наһаа
787,sehr::ADV,mucho,бэрт
788,sehr::ADV,mucho,наһаа
789,so::ADV,tan,оччо
790,so::ADV,tan,оннук
791,noch::ADV,aún,өссө
792,noch::ADV,todavía,өссө
793,nur::ADV,solamente,эрэ
794,nur::ADV,solamente,сыччах
795,schon::ADV,ya,бэлиэр
796,wieder::ADV,de nuevo,эмиэ
797,vergebens::ADV,en vano,таак
798,vor::PRP,antes de,иннигэр
799,vor::PRP,delante de,иннигэр
800,hinter::PRP,tras,кэлин
801,hinter::PRP,detrás de,кэлин
802,unter::PRP,bajo,-ҕа
803,unter::PRP,bajo,оһох түгэҕэ
804,unter::PRP,debajo de,-ҕа
805,unter::PRP,debajo de,оһох түгэҕэ
806,durch::PRP,por,курдары
807,durch::PRP,a través de,курдары
808,neben::PRP,al lado de,аттыгар
809,zwischen::PRP,entre,ыккардынан
810,wegen::PRP,por,уҥуортан
811,wegen::PRP,a causa de,уҥуортан
812,dies::PRN,esto,ити
813,dies::PRN,esto,бу
814,das::PRN,eso,били
815,das::PRN,esto,били
816,alles::PRN,todo,барыта
817,ich::PRN,yo,мин
818,du::PRN,tú,эн
819,er::PRN,él,кнни
820,wir::PRN,nosotros,биһиги
821,ihr::PRN,vosotros,эһиги
822,sie::PRN,ellos,кинилэр
823,was::FPRN,qué,туох
824,wer::FPRN,quién,ким
825,wo::FADV,dónde,ханна
826,wohin::FADV,adónde,ханна
827,wohin::FADV,hacia dónde,ханна
828,wie::FADV,cómo,хайдах
829,warum::FADV,por qué,тоҕо
830,wieviel::FNUM,cuánto,төһө
831,eins::NUM,uno,биир
832,zwei::NUM,dos,икки
833,drei::NUM,tres,үс
834,vier::NUM,cuatro,түөрт
835,fünf::NUM,cinco,биэс
836,sechs::NUM,seis,алта
837,sieben::NUM,siete,сэттэ
838,acht::NUM,ocho,аҕыс
839,neun::NUM,nueve,тоҕус
840,zehn::NUM,diez,уон
841,elf::NUM,once,уон биир
842,zwölf::NUM,doce,уон икки
843,zwanzig::NUM,veinte,сүүрбэ
844,dreißig::NUM,treinta,отут
845,vierzig::NUM,cuarenta,түөрт уон
846,fünfzig::NUM,cincuenta,биэс уон
847,sechzig::NUM,sesenta,алта уон
848,siebzig::NUM,setenta,сэттэ уон
849,achtzig::NUM,ochenta,аҕыс уон
850,neunzig::NUM,noventa,тоҕус уонус
851,hundert::NUM,cien,сүүс
852,hundert::NUM,ciento,сүүс
853,tausend::NUM,mil,тыһыынча
854,und::CNJ,y,да
855,und::CNJ,y,уонна
856,und::CNJ,y,итиэннэ
857,oder::CNJ,o,эбэтэр
858,stehen::V,estar de pie,тур
859,sitzen::V,estar sentado,олор
860,liegen::V,yacer,сыт
861,liegen::V,estar acostado,сыт
862,hängen::V,pender,санньылый
863,werden::V,hacerse,буол
864,passieren::V,suceder,буол
865,beginnen::V,iniciarse,саҕалан
866,beginnen::V,principiar,саҕалан
867,enden::V,acabar,бүт
868,enden::V,terminar,бүт
869,wechseln::V,variar,уларый
870,wechseln::V,alternar,уларый
871,aufgehen[Sonne]::V,salir,ой
872,untergehen[Sonne]::V,ponerse,киир
873,untergehen[Sonne]::V,descender,киир
874,scheinen[Sonne]::V,brillar,сырдат
875,donnern::V,tronar,эт
876,wehen::V,soplar,үр
877,strömen::V,afluir,кутулун
878,fließen::V,fluir,сүүр
879,fließen::V,correr,сүүр
880,sich drehen::V,girar,эргий
881,schwanken::V,vacilar,биэтэҥнээ
882,schwingen::V,oscilar,эйэҥнээ
883,fallen::V,caer,оҕут
884,brennen::V,arder,умай
885,brennen::V,quemar,умай
886,rauchen::V,humear,буруолаа
887,rauchen::V,echar humo,буруолаа
888,regnen::V,llover,самыырдаа
889,gefrieren::V,helarse,тоҥ
890,tauen::V,deshelarse,ир
891,schmelzen::V,fundirse,уулун
892,schmelzen::V,derretirse,уулун
893,trocknen::V,secarse,куур
894,sieden::V,hervir,оргуй
895,faulen::V,pudrirse,сытый
896,verfaulen::V,pudrirse,сытыйан_хаал
897,reißen::V,romperse,хайыт
898,reißen::V,romperse,быһытталан
899,versinken::V,hundirse,тимир
900,versinken::V,hundirse,батылын
901,vergehen::V,pasar,дьай
902,erscheinen::V,aparecer,көһүн
903,verschwinden::V,desaparecer,сүт
904,sinken::V,bajar,намтаа
905,abnehmen::V,decrecer,аччаа
906,abnehmen::V,disminuir,аччаа
907,zunehmen::V,crecer,элбээ
908,zunehmen::V,aumentar,элбээ
909,steigen::V,subir,үрдээ
910,steigen::V,ascender,үрдээ
911,wachsen::V,crecer,үүн
912,glänzen::V,brillar,кылбай
913,glänzen::V,resplandecer,кылбай
914,funkeln::V,chispear,күлүмнээ
915,funkeln::V,chispear,күлүмүрдээ
916,lärmen::V,hacer ruido,тыаһаа
917,läuten::V,sonar,собуоннаа
918,läuten::V,repicar,собуоннаа
919,klingeln::V,tocar el timbre,линкинээ
920,klirren::V,tintinear,айгырат
921,brausen::V,zumbar,сирилээ
922,rauschen::V,murmurar,суугунаа
923,klingen::V,sonar,доргуй
924,bellen::V,ladrar,үр
925,heulen::V,ulular,улуй
926,blasen::V,soplar,үр
927,pfeifen::V,silbar,иһиир
928,schreien::V,gritar,кылан
929,schreien::V,gritar,хаһыытаа
930,stöhnen::V,gemir,ынчыктаа
931,zittern::V,temblar,титирээ
932,zittern::V,temblar,дьигиһий
933,leben::V,vivir,олор
934,geboren werden::V,nacer,төрөө
935,atmen::V,respirar,тыын
936,trinken::V,beber,ис
937,essen::V,comer,аһаа
938,schlucken::V,tragar,ыйыһын
939,müde werden::V,cansarse,сылай
940,müde werden::V,fatigarse,сылай
941,einschlafen::V,dormirse,утуйан хаал
942,schlafen::V,dormir,утуй
943,schlafen::V,dormir,утуйа сыт
944,aufwachen::V,despertarse,уһугун
945,aufstehen::V,levantarse,тур
946,sich erholen::V,reposar,сынньан
947,sich erholen::V,descansar,сынньан
948,krank werden::V,caer enfermo,ыарый
949,krank sein::V,estar enfermo,ыарый
950,krank sein::V,estar enfermo,ыарыт
951,schmerzen::V,doler,ыарыт
952,husten::V,toser,сөтөлүн
953,genesen::V,convalecer,көн
954,genesen::V,restablecerse,көн
955,sterben::V,morir,өл
956,umkommen::V,perecer,өл
957,umkommen::V,perecer,оҕут
958,sich bewegen::V,moverse,хамсаа
959,sich rühren::V,rebullir,хамсаа
960,sich erheben::V,levantarse,тур
961,sich setzen::V,sentarse,олор
962,hinfallen::V,caerse,оҕут
963,laufen::V,andar,хаам
964,schreiten::V,proceder,атыллаа
965,spazierengehen::V,pasear,дьаарбай
966,spazierengehen::V,pasearse,дьаарбай
967,eilen::V,correr prisa,тиэтэй
968,sich beeilen::V,darse prisa,ыксаа
969,sausen::V,correr,элээр
970,rennen::V,correr,сүүрэкэлээ
971,springen::V,saltar,ой
972,springen::V,saltar,ыстан
973,klettern::V,trepar,ытын
974,klettern::V,escalar,ытын
975,schaukeln::V,bambolearse,эйэҥнээ
976,schaukeln::V,bambolearse,биэрэҥнээ
977,kriechen::V,reptar,сыыл
978,kriechen::V,arrastrarse,сыыл
979,schwimmen::V,nadar,уһун
980,schwimmen::V,nadar,харбаа
981,tauchen::V,bucear,умус
982,tauchen::V,sumergirse,умус
983,rudern::V,remar,эрт
984,fahren::V,ir,айаннаа
985,fliegen::V,volar,көт
986,gehen::V,ir,бар
987,gehen::V,andar,бар
988,weggehen::V,irse,бар
989,weggehen::V,marcharse,бар
990,abfahren::V,salir,бар
991,abfahren::V,partir,бар
992,anhalten::V,parar,тохтоо
993,anhalten::V,pararse,тохтоо
994,hineingehen::V,entrar,киир
995,eintreten::V,entrar,киир
996,kommen::V,venir,кэл
997,ankommen::V,llegar,кэл
998,ankommen::V,llegar,тиий
999,zurückkommen::V,volver,төнүн
1000,zurückkommen::V,regresar,төнүн
1001,bleiben::V,quedarse,хаал
1002,warten::V,esperar,көһүт
1003,erwarten::V,esperar,күүт
1004,erwarten::V,esperar,көһүт
1005,suchen::V,buscar,ирдээ
1006,suchen::V,buscar,көрдөө
1007,finden::V,hallar,бул
1008,finden::V,encontrar,бул
1009,versuchen::V,intentar,сорун
1010,vorbereiten::V,preparar,бэлэмнээ
1011,lieben::V,amar,таптаа
1012,lieben::V,querer,таптаа
1013,mögen::V,querer,сөбүл
1014,lachen::V,reír,күл
1015,rühren::V,conmover,долгут
1016,weinen::V,llorar,ытаа
1017,schimpfen::V,regañar,үөҕүс
1018,sich ärgern::V,enfadarse,кыыһыр
1019,sich ärgern::V,enfadarse,кыйахан
1020,sich fürchten::V,tener miedo,куттан
1021,sich fürchten::V,tener miedo,дьиксин
1022,fürchten::V,temer,дьиксин
1023,fürchten::V,temer,куттан
1024,fürchten::V,tener miedo a,дьиксин
1025,fürchten::V,tener miedo a,куттан
1026,fliehen::V,huir,күрээ
1027,flüchten::V,escaparse,күрээ
1028,sehen::V,ver,көр
1029,anschauen::V,mirar,көр
1030,ansehen::V,mirar,көр
1031,hören::V,oír,бил
1032,hören::V,oír,иһит
1033,zuhören::V,escuchar,иһит
1034,probieren::V,probar,боруобалаан көр
1035,probieren::V,probar,амсайан көр
1036,probieren::V,degustar,боруобалаан көр
1037,probieren::V,degustar,амсайан көр
1038,riechen::V,oler,сытырҕаа
1039,fühlen::V,sentir,бил
1040,scheinen::V,parecer,көһүн
1041,zu sehen sein::V,poder verse,көһүн
1042,vernehmen::V,oír,иһит
1043,vernehmen::V,percibir,иһит
1044,frieren::V,tener frío,тоҥ
1045,frieren::V,tener frío,үлүй
1046,tun::V,hacer,гын
1047,können::V,poder,кыай
1048,wollen::V,querer,баҕар
1049,anfangen::V,iniciar,саҕалаа
1050,beenden::V,acabar,бүтэр
1051,beenden::V,terminar,бүтэр
1052,aufhören::V,cesar,уурай
1053,gelingen::V,salir bien,сатан
1054,geraten::V,salir,баар буолан биэр
1055,geraten::V,salir,баар буола тус
1056,geraten::V,salir,буолан таҕыс
1057,geraten::V,dar resultado,баар буолан биэр
1058,geraten::V,dar resultado,баар буола тус
1059,geraten::V,dar resultado,буолан таҕыс
1060,öffnen::V,abrir,ас
1061,schließen::V,cerrar,сап
1062,schließen::V,cerrar,хатаа
1063,stellen::V,poner,уур
1064,stellen::V,poner,туруор
1065,stellen::V,colocar,уур
1066,stellen::V,colocar,туруор
1067,setzen::V,poner,туруор
1068,setzen::V,poner,уур
1069,setzen::V,colocar,туруор
1070,setzen::V,colocar,уур
1071,legen::V,poner,уур
1072,berühren::V,tocar,тыыт
1073,berühren::V,tocar,таарый
1074,verbinden::V,unir,кэлгий
1075,verbinden::V,juntar,кэлгий
1076,bedecken::V,tapar,бүрүй
1077,bedecken::V,cubrir,бүрүй
1078,aufhängen::V,colgar,ыйаа
1079,anzünden::V,encender,умат
1080,aufheben::V,recoger,өрө тарт
1081,zurücklassen::V,dejar,бырах
1082,verlieren::V,perder,сүтэр
1083,fallen lassen::V,dejar caer,түһэр
1084,fallen lassen::V,dejar caer,мүлчү тут
1085,machen::V,hacer,оҥор
1086,machen::V,hacer,оҥоһун
1087,herstellen::V,fabricar,оҥор
1088,bauen::V,construir,тут
1089,reparieren::V,reparar,абырахтаа
1090,verbessern::V,mejorar,тупсар
1091,ändern::V,mudar,уларыт
1092,ändern::V,modificar,уларыт
1093,graben::V,cavar,хас
1094,beugen::V,doblar,бокут
1095,beugen::V,doblar,токурут
1096,beugen::V,doblar,бүк баттаа
1097,beugen::V,inclinar,бокут
1098,beugen::V,inclinar,токурут
1099,beugen::V,inclinar,бүк баттаа
1100,biegen::V,doblar,иэх
1101,biegen::V,doblar,өҕүлүннэр
1102,drehen::V,volver,эргит
1103,drehen::V,volver,эргичит
1104,drehen::V,hacer girar,эргит
1105,drehen::V,hacer girar,эргичит
1106,wenden::V,volver,эргилин
1107,umdrehen::V,revolver,түҥнэр
1108,heben::V,levantar,көтөх
1109,hochheben::V,alzar,таһаар
1110,ergreifen::V,coger,тут
1111,halten::V,tener,тут
1112,drücken::V,apretar,ык
1113,schieben::V,empujar,ас
1114,kratzen::V,rascar,кыһыы
1115,lecken::V,lamer,салаа
1116,beißen::V,morder,ытыр
1117,abreißen::V,arrancar,быһа тарт
1118,abreißen::V,arrancar,туура тарт
1119,abschneiden::V,cortar,быс
1120,abschneiden::V,cortar,быһан ыл
1121,abschneiden::V,cortar,быһа баттаа
1122,binden::V,atar,кэлгий
1123,stecken::V,meter,батары ас
1124,brechen::V,romper,тоһут
1125,brechen::V,quebrar,тоһут
1126,klopfen::V,golpear,тоҥсуй
1127,hauen::V,pegar,оҕус
1128,kleben::V,pegar,силимнээ
1129,kleben::V,encolar,силимнээ
1130,reiben::V,frotar,аал
1131,streichen::V,untar,сыбаа
1132,streichen::V,recubrir,сыбаа
1133,schleifen::V,afilar,чочуй
1134,schneiden::V,cortar,быс
1135,rütteln::V,agitar,иэҕэҥнэт
1136,schütteln::V,agitar,сахсый
1137,schütteln::V,sacudir,сахсый
1138,schwenken::V,menear,дайбаа
1139,schütten::V,verter,кут
1140,füllen::V,llenar,толор
1141,einwickeln::V,envolver,суулаа
1142,tragen::V,llevar,ит
1143,schleppen::V,arrastrar,сос
1144,ziehen::V,tirar,тарт
1145,aufbewahren::V,conservar,уур
1146,aufbewahren::V,conservar,харай
1147,werfen::V,echar,бырах
1148,werfen::V,lanzar,бырах
1149,fangen::V,coger,хап
1150,packen::V,agarrar,тут
1151,verstecken::V,esconder,саһыар
1152,teilen::V,partir,үллэр
1153,teilen::V,dividir,үллэр
1154,schicken::V,enviar,ыыт
1155,bringen::V,traer,аҕал
1156,hinzufügen::V,añadir,эп
1157,bekommen::V,obtener,ыл
1158,bekommen::V,obtener,булун
1159,bekommen::V,conseguir,ыл
1160,bekommen::V,conseguir,булун
1161,erhalten::V,recibir,ыл
1162,nehmen::V,tomar,ыл
1163,wählen::V,elegir,быыбардаа
1164,auswählen::V,escoger,тал
1165,auswählen::V,seleccionar,тал
1166,bewahren::V,guardar,харай
1167,bewahren::V,preservar,харай
1168,behindern::V,estorbar,мэһэйдээ
1169,behindern::V,obstaculizar,мэһэйдээ
1170,verderben::V,estropear,буорту гын
1171,beschädigen::V,deteriorar,алдьат
1172,zerbrechen::V,romper,үлтүрүт
1173,zerbrechen::V,quebrar,үлтүрүт
1174,zerreißen::V,desgarrar,хайыта тарт
1175,zerreißen::V,despedazar,хайыта тарт
1176,zerstören::V,destruir,алдьат
1177,zerstören::V,destrozar,алдьат
1178,verbrennen::V,quemar,уоттаа
1179,geben::V,dar,биэр
1180,reichen::V,pasar,аҕал
1181,schenken::V,regalar,бэлэхтээ
1182,versprechen::V,prometer,эрэннэр
1183,wünschen::V,desear,баҕар
1184,loben::V,alabar,хайҕаа
1185,küssen::V,besar,уураа
1186,wiegen::V,mecer,бигээ
1187,zudecken::V,tapar,сап
1188,zudecken::V,tapar,бүрүй
1189,zudecken::V,cubrir,сап
1190,zudecken::V,cubrir,бүрүй
1191,wecken::V,despertar,уһугуннар
1192,zeigen::V,mostrar,көрдөр
1193,führen::V,guiar,салай
1194,führen::V,conducir,салай
1195,lehren::V,enseñar,үөрэт
1196,lehren::V,instruir,үөрэт
1197,unterrichten::V,enseñar,үөрэт
1198,aufziehen::V,criar,иит
1199,leiten::V,guiar,салай
1200,leiten::V,dirigir,салай
1201,antreiben::V,impeler,кыһай
1202,antreiben::V,impulsar,кыһай
1203,lassen::V,hacer,күһэй
1204,einladen::V,invitar,ыҥыр
1205,vereinigen::V,unir,холбоо
1206,vereinigen::V,unir,түм
1207,besuchen::V,visitar,сырыт
1208,besuchen::V,visitar,билсэ сырыт
1209,besuchen::V,ir a ver,сырыт
1210,besuchen::V,ir a ver,билсэ сырыт
1211,treffen::V,encontrar,көрүс
1212,sich versammeln::V,reunirse,мүһүн
1213,sich versammeln::V,reunirse,түмүс
1214,sich versammeln::V,congregarse,мүһүн
1215,sich versammeln::V,congregarse,түмүс
1216,spielen::V,jugar,оонньоо
1217,singen::V,cantar,ыллаа
1218,tanzen::V,bailar,үҥкүүлээ
1219,sich trennen::V,separarse,араҕыс
1220,verlassen::V,dejar,хааллар
1221,verlassen::V,abandonar,хааллар
1222,retten::V,salvar,өрүһүй
1223,bewachen::V,vigilar,араҥаччылаа
1224,schützen::V,proteger,көмүскээ
1225,verteidigen::V,defender,көмүскээ
1226,sich schlagen::V,batirse,охсус
1227,schießen::V,tirar,ытыалаа
1228,schießen::V,disparar,ытыалаа
1229,siegen::V,vencer,хот
1230,siegen::V,vencer,кыай
1231,ärgern::V,enojar,кыыһырт
1232,ärgern::V,enfadar,кыыһырт
1233,schlagen::V,pegar,оҕус
1234,schlagen::V,golpear,оҕус
1235,treten::V,dar una patada a,тэп
1236,stechen::V,pinchar,кэй
1237,stoßen::V,empujar,кэп
1238,stoßen::V,empujar,үтүрүй
1239,stehlen::V,robar,уор
1240,stehlen::V,hurtar,уор
1241,stören::V,molestar,мэһэйдээ
1242,belästigen::V,molestar,батар
1243,belästigen::V,importunar,батар
1244,verbergen::V,ocultar,кистээ
1245,verbergen::V,esconder,кистээ
1246,täuschen::V,engañar,албыннаа
1247,betrügen::V,engañar,албыннаа
1248,töten::V,matar,өлөр
1249,wohnen::V,vivir,олор
1250,wohnen::V,habitar,олор
1251,arbeiten::V,trabajar,үлэлээ
1252,sammeln::V,recoger,мус
1253,sammeln::V,recoger,хомуй
1254,sammeln::V,coleccionar,мус
1255,sammeln::V,coleccionar,хомуй
1256,pflücken::V,coger,үргээ
1257,jagen::V,cazar,бултаа
1258,fischen::V,pescar,балыктаа
1259,fassen::V,atrapar,тут
1260,fassen::V,capturar,тут
1261,hüten::V,guardar,манаа
1262,treiben::V,aballar,үүр
1263,anbinden::V,atar,баай
1264,füttern::V,echar de comer,аһат
1265,melken::V,ordeñar,ыа
1266,hacken::V,picar,кэрт
1267,hacken::V,cortar,кэрт
1268,gießen::V,regar,сиигирт
1269,reifen::V,madurar,бус
1270,zubereiten::V,preparar,бэлэмнээ
1271,kochen::V,cocer,буһар
1272,kochen::V,guisar,буһар
1273,backen::V,hornear,буһар
1274,backen::V,cocer al horno,буһар
1275,braten::V,asar,хооруй
1276,braten::V,asar,ыһаарылаа
1277,braten::V,asar,соркуойдаа
1278,braten::V,freír,хооруй
1279,braten::V,freír,ыһаарылаа
1280,braten::V,freír,соркуойдаа
1281,umrühren::V,remover,былаа
1282,stricken::V,hacer punto,өр
1283,stricken::V,hacer calceta,өр
1284,nähen::V,coser,иистэн
1285,färben::V,teñir,кырааскалаа
1286,färben::V,colorear,кырааскалаа
1287,reinigen::V,limpiar,ыраастаа
1288,waschen::V,lavar,сууй
1289,abwischen::V,fregar,сот
1290,abwischen::V,limpiar,сот
1291,spülen::V,aclarar,сайҕаа
1292,spülen::V,enjuagar,сайҕаа
1293,fegen::V,barrer,сиппий
1294,fegen::V,pasar la escoba,сиппий
1295,kehren::V,barrer,харбаа
1296,baden::V,bañarse,сөтүөлээ
1297,sich waschen::V,lavarse,суун
1298,ausziehen::V,quitar,уһул
1299,ausziehen::V,quitarse,уһул
1300,anziehen::V,ponerse,кэтэрт
1301,sich anziehen::V,vestirse,таҥын
1302,kämmen::V,peinar,тараа
1303,schmücken::V,adornar,симээ
1304,sagen::V,decir,диэ
1305,sprechen::V,hablar,эт
1306,sprechen::V,hablar,саҥар
1307,reden::V,hablar,кэпсэт
1308,reden::V,conversar,кэпсэт
1309,sich unterhalten::V,charlar,кэпсэт
1310,sich unterhalten::V,conversar,кэпсэт
1311,fragen::V,preguntar,ыйыт
1312,bitten::V,rogar,көрдөс
1313,erzählen::V,contar,кэпсээ
1314,erzählen::V,contar,сэһэргээ
1315,mitteilen::V,comunicar,биллэр
1316,mitteilen::V,participar,биллэр
1317,nennen::V,llamar,ааттаа
1318,nennen::V,nombrar,ааттаа
1319,rufen::V,llamar,ыҥыр
1320,prahlen::V,jactarse,чабылан
1321,prahlen::V,jactarse,киһиргээ
1322,übersetzen::V,traducir,тылбаастаа
1323,denken::V,pensar,санаа
1324,denken::V,pensar,толкуйдаа
1325,glauben::V,creer,итэҕэй
1326,bemerken::V,notar,бэлиэтээ
1327,erkennen::V,reconocer,бил
1328,begreifen::V,concebir,өйдөө
1329,verstehen::V,entender,өйдөө
1330,verstehen::V,comprender,өйдөө
1331,lernen::V,aprender,үөрэн
1332,wissen::V,saber,бил
1333,sich erinnern an::V,recordar,аҕын
1334,sich erinnern an::V,acordarse de,аҕын
1335,vergessen::V,olvidar,умун
1336,messen::V,medir,кэмнээ
1337,messen::V,medir,кээмэйдээ
1338,zählen::V,contar,аах
1339,rechnen::V,contar,аах
1340,rechnen::V,calcular,аах
1341,lesen::V,leer,аах
1342,malen::V,pintar,уруһуйдаа
1343,zeichnen::V,dibujar,уруһуйдаа
1344,schreiben::V,escribir,суруй
1345,besitzen::V,poseer,баһылаа
1346,kaufen::V,comprar,атыылас
1347,verkaufen::V,vender,атыылаа
1348,bezahlen::V,pagar,төлөө
1349,zahlen::V,pagar,төлөө
1350,beherrschen::V,dominar,баһылаа
1351,ertragen::V,soportar,тулуй
