,Concept_ID,he,sv
0,Auge::N,עין,öga
1,Ohr::N,אזן,öra
2,Nase::N,אף,näsa
3,Nase::N,חטם,näsa
4,Mund::N,פה,mun
5,Zahn::N,שן,tand
6,Zunge::N,לשון,tunga
7,Lippe::N,שפה,läpp
8,Wange::N,לחי,kind
9,Gesicht::N,פנים,syn
10,Gesicht::N,פנים,ansikte
11,Stirn::N,מצח,panna
12,Haar::N,שערה,hår
13,Schnurrbart::N,שפם,mustasch
14,Bart::N,זקן,skägg
15,Kinn::N,סנטר,haka
16,Kiefer[Anatomie]::N,לסת,käke
17,Kehle::N,גרון,strupe
18,Hals::N,צואר,hals
19,Genick::N,ערף,nacke
20,Kopf::N,ראש,huvud
21,Rücken::N,גב,rygg
22,Bauch::N,בטן,buk
23,Bauch::N,בטן,mage
24,Nabel::N,טבור,navel
25,Busen::N,שד,barm
26,Brust::N,חזה,bröst
27,Schulter::N,כתף,skuldra
28,Arm::N,זרוע,arm
29,Ellenbogen::N,מרפק,armbåge
30,Hand::N,יד,hand
31,Handfläche::N,כף יד,handflata
32,Finger::N,אצבע,finger
33,Fingernagel::N,צפרן,fingernagel
34,Nagel[Anatomie]::N,צפרן,nagel
35,Zeh::N,אצבע,tå
36,Fuß::N,רגל,fot
37,Ferse::N,עקב,häl
38,Knie::N,ברך,knä
39,Oberschenkel::N,ירך,lår
40,Bein::N,רגל,ben
41,Körper::N,גוף,kropp
42,Haut::N,עור,hud
43,Haut::N,עור,skinn
44,Blut::N,דם,blod
45,Ader::N,וריד,åder
46,Sehne::N,גיד,sena
47,Knochen::N,עצם,ben
48,Gehirn::N,מוח,hjärna
49,Herz::N,לב,hjärta
50,Magen::N,קבה,mage
51,Leber::N,כבד,lever
52,Atem::N,נשימה,anda
53,Atem::N,נשימה,andedräkt
54,Hunger::N,רעב,svält
55,Hunger::N,רעב,hunger
56,Träne::N,דמעה,tår
57,Geschmack::N,טעם,smak
58,Geruch::N,ריח,lukt
59,Schlaf::N,שנה,sömn
60,Traum::N,חלום,dröm
61,Himmel::N,שמים,himmel
62,Sonne::N,שמש,sol
63,Mond::N,ירח,måne
64,Stern::N,כוכב,stjärna
65,Luft::N,אויר,luft
66,Wind::N,רוח,vind
67,Welle::N,גל,våg
68,Welle::N,גל,bölja
69,Wasser::N,מים,vatten
70,Stein::N,אבן,sten
71,Boden::N,קרקע,mark
72,Erde::N,אדמה,jord
73,Staub::N,אבק,damm
74,Rauch::N,עשן,rök
75,Funke::N,ניצוץ,gnista
76,Feuer::N,אש,eld
77,Licht::N,אור,ljus
78,Schatten::N,צל,skugga
79,Wetter::N,מזג אויר,väder
80,Nebel::N,ערפל,dimma
81,Nebel::N,ערפל,töcken
82,Wolke::N,ענן,sky
83,Wolke::N,ענן,moln
84,Regen::N,גשם,regn
85,Schnee::N,שלג,snö
86,Eis::N,קרח,is
87,Frost::N,צנה,frost
88,Kälte::N,קר,köld
89,Hitze::N,חם,hetta
90,Raureif::N,כפור,rimfrost
91,Regenbogen::N,קשת,regnbåge
92,Donner::N,רעם,åska
93,Donner::N,רעם,dunder
94,Strömung::N,זרימה,strömning
95,Tropfen::N,טפה,dropper
96,Schaum::N,קצף,skum
97,Schmutz::N,לכלוך,lort
98,Schmutz::N,לכלוך,smuts
99,See::N,אגם,sjö
100,Sumpf::N,בצה,träsk
101,Moor::N,בצה,myr
102,Moor::N,בצה,mosse
103,Wiese::N,מרעה,äng
104,Wald::N,יער,skog
105,Hügel::N,תל,höjd
106,Hügel::N,תל,kulle
107,Anhöhe::N,מעלה,höjd
108,Anhöhe::N,מעלה,backe
109,Berg::N,הר,berg
110,Berg::N,הר,fjäll
111,Gipfel::N,פסגה,topp
112,Höhle::N,מערה,håla
113,Höhle::N,מערה,grotta
114,Abhang::N,מדרון,slänt
115,Abhang::N,מדרון,sluttning
116,Abhang::N,שפוע,slänt
117,Abhang::N,שפוע,sluttning
118,Quelle::N,מעין,källa
119,Bach::N,נחל,bäck
120,Fluss::N,נהר,älv
121,Fluss::N,נהר,flod
122,Ufer::N,גדה,strand
123,Küste::N,חוף,kust
124,Festland::N,יבשה,fastland
125,Meer::N,ים,hav
126,Bucht::N,מפרץ,vik
127,Bucht::N,מפרץ,bukt
128,Insel::N,אי,ö
129,Blume::N,פרח,blomma
130,Blume::N,פרח,blomster
131,Gras::N,דשא,gräs
132,Wurzel::N,שרש,rot
133,Baum::N,עץ,träd
134,Stamm::N,גזע,stam
135,Rinde::N,קלפת עץ,bark
136,Ast::N,ענף,gren
137,Zweig::N,ענף,kvist
138,Blatt::N,עלה,löv
139,Blatt::N,עלה,blad
140,Birke::N,שדר,björk
141,Kiefer[Baum]::N,ארן,tall
142,Weide[Baum]::N,ערבה,pil
143,Weide[Baum]::N,ערבה,vide
144,Tanne::N,אשוח,gran
145,Horn::N,קרן,horn
146,Feder::N,נוצה,fjäder
147,Fell::N,פרוה,fäll
148,Fell::N,פרוה,skinn
149,Flügel::N,כנף,vinge
150,Klaue::N,טלף,klöv
151,Kralle::N,טפר,klo
152,Schwanz::N,זנב,svans
153,Schwanz::N,זנב,stjärt
154,Ei::N,ביצה,ägg
155,Nest::N,קן,rede
156,Nest::N,קן,näste
157,Bau::N,מחלה,bo
158,Tier::N,חיה,djur
159,Herde::N,עדר,flock
160,Kuh::N,פרה,ko
161,Bulle::N,פר,tjur
162,Pferd::N,סוס,häst
163,Schaf::N,כבשה,får
164,Schwein::N,חזיר,svin
165,Hund::N,כלב,hund
166,Katze::N,חתול,katt
167,Bär::N,דב,björn
168,Eichhörnchen::N,סנאי,ekorre
169,Elch::N,דישון,älg
170,Fuchs::N,שועל,räv
171,Hase::N,ארנב,hare
172,Maus::N,עכבר,mus
173,Wolf::N,זאב,varg
174,Vogel::N,צפור,fågel
175,Schwarm::N,נחיל,svärm
176,Schwarm::N,להקה,svärm
177,Huhn::N,תרנגלת,höns
178,Hahn::N,תרנגול,tupp
179,Gans::N,אוז,gås
180,Adler::N,עיט,örn
181,Ente::N,ברוז,anka
182,Eule::N,ינשוף,uggla
183,Kranich::N,עגור,trana
184,Kranich::N,כרוכיה,trana
185,Krähe::N,עורב,kråka
186,Kuckuck::N,קוקיה,gök
187,Schwan::N,ברבור,svan
188,Fisch::N,דג,fisk
189,Barsch::N,אוקונוס,abborre
190,Hecht::N,זאב הים,gädda
191,Schlange[Tier]::N,נחש,orm
192,Wurm::N,תולעת,mask
193,Spinne::N,עכביש,spindel
194,Ameise::N,נמלה,myra
195,Laus::N,כנה,lus
196,Mücke::N,יתוש,mygga
197,Fliege::N,זבוב,fluga
198,Schmetterling::N,פרפר,fjäril
199,Beere::N,ענבה,bär
200,Apfel::N,תפוח,äpple
201,Pilz::N,פטריה,svamp
202,Zwiebel::N,בצל,lök
203,Saat::N,זרעים,sådd
204,Korn::N,גרעין,korn
205,Heu::N,חציר,hö
206,Schale::N,קלפה,skal
207,Grube::N,בור,grop
208,Grube::N,שוחה,grop
209,Falle::N,מלכדת,fälla
210,Schlinge::N,לולאה,snara
211,Spur::N,עקבה,spår
212,Asche::N,אפר,aska
213,Dreck::N,זהמה,lort
214,Eisen::N,ברזל,järn
215,Gold::N,זהב,guld
216,Silber::N,כסף,silver
217,Kohle::N,פחם,kol
218,Glas::N,זכוכית,glas
219,Lehm::N,חרסית,lera
220,Sand::N,חול,sand
221,Mensch::N,אדם,människa
222,Mann::N,איש,man
223,Mann::N,גבר,man
224,Frau::N,אשה,kvinna
225,Frau::N,גברת,kvinna
226,Kind::N,ילד,barn
227,Junge::N,ילד,pojke
228,Mädchen::N,נערה,flicka
229,Familie::N,משפחה,familj
230,Großvater::N,סבא,morfar
231,Großmutter::N,סבתא,farmor
232,Eltern::N,הורים,föräldrar
233,Vater::N,אב,far
234,Mutter::N,אם,mor
235,Sohn::N,בן,son
236,Tochter::N,בת,dotter
237,Bruder::N,אח,bror
238,Schwester::N,אחות,syster
239,Onkel::N,דוד,morbror
240,Tante::N,דודה,tant
241,Ehemann::N,איש,äkta man
242,Ehemann::N,בעל,äkta man
243,Ehefrau::N,אשה,hustru
244,Freude::N,שמחה,fröjd
245,Freude::N,שמחה,glädje
246,Gelächter::N,צחוק,åtlöje
247,Glück::N,אשר,lycka
248,Kummer::N,יגון,sorg
249,Kummer::N,עגמה,sorg
250,Wunsch::N,אחול,önskan
251,Wunsch::N,משאלה,önskan
252,Lust::N,חשק,lust
253,Lust::N,תשוקה,lust
254,Geist::N,רוח,ande
255,Gedanke::N,מחשבה,tanke
256,Gedächtnis::N,זכרון,minne
257,Verstand::N,שכל,förstånd
258,Sinn::N,מובן,mening
259,Sinn::N,מובן,betydelse
260,Sinn::N,משמעות,mening
261,Sinn::N,משמעות,betydelse
262,Grund::N,סבה,skäl
263,Grund::N,סבה,grund
264,Wahrheit::N,אמת,sanning
265,Gespräch::N,דיון,samtal
266,Märchen::N,אגדה,saga
267,Erzählung::N,ספור,berättelse
268,Nachricht::N,ידיעה,meddelande
269,Neuigkeit::N,חדשה,nyhet
270,Name::N,שם,namn
271,Rätsel::N,תעלומה,gåta
272,Rede::N,נאום,tal
273,Sprache::N,לשון,språk
274,Stimme::N,קול,stämma
275,Wort::N,מלה,ord
276,Zeichen::N,סימן,tecken
277,Ruf::N,קריאה,rop
278,Lärm::N,רעש,bråk
279,Lärm::N,רעש,oväsen
280,Laut::N,הגה,ljud
281,Ton::N,צליל,ton
282,Lied::N,שיר,sång
283,Ruhe::N,שלוה,ro
284,Ruhe::N,שלוה,lugn
285,Leute::N,אנשים,folk
286,Volk::N,עם,folk
287,Arbeit::N,עבודה,arbete
288,Gast::N,אורח,gäst
289,Geschenk::N,מתנה,gåva
290,Geschenk::N,מתנה,present
291,Spiel::N,משחק,lek
292,Spiel::N,משחק,spel
293,Gesellschaft::N,חברה,sällskap
294,Hilfe::N,עזרה,hjälp
295,Freund::N,חבר,vän
296,Freund::N,ידיד,vän
297,Kamerad::N,רע,kamrat
298,Angelegenheit::N,ענין,ärende
299,Angelegenheit::N,ענין,angelägenhet
300,Anzahl::N,מספר,antal
301,Art::N,סוג,art
302,Art::N,סוג,slag
303,Stück::N,חתיכה,stycke
304,Teil::N,פרק,del
305,Hälfte::N,חצי,halva
306,Kreis::N,מעגל,krets
307,Kreis::N,מעגל,cirkel
308,Kreuz::N,צלב,kors
309,Kreuz::N,צלב,kryss
310,Linie::N,קו,linje
311,Strich::N,קו קצר,streck
312,Abstand::N,מרחק,avstånd
313,Entfernung::N,מרחק,avstånd
314,Gegend::N,נוף,trakt
315,Platz::N,שטח,plats
316,Ort::N,אתר,plats
317,Ort::N,אתר,ställe
318,Ort::N,מקום,plats
319,Ort::N,מקום,ställe
320,Seite::N,צד,sida
321,Mitte::N,אמצע,mitt
322,Gegenstand::N,אוביקט,föremål
323,Sache::N,דבר,sak
324,Rand::N,פרור,rand
325,Kante::N,קצה,kant
326,Ecke::N,פנה,vrå
327,Ecke::N,פנה,hörn
328,Spitze::N,קצה,spets
329,Ende::N,סוף,ända
330,Loch::N,חר,hål
331,Winkel::N,פנה,vinkel
332,Muster::N,תבנית,mönster
333,Größe::N,גדל,storlek
334,Länge::N,ארך,längd
335,Höhe::N,קומה,höjd
336,Höhe::N,גבה,höjd
337,Gewicht::N,משקל,tyngd
338,Menge::N,כמות,mängd
339,Haufen::N,ערמה,hög
340,Reihe::N,רצף,rad
341,Boot::N,סירה,båt
342,Ruder::N,משוט,åra
343,Schlitten::N,מזחלת,släde
344,Ski::N,מגלשים,skida
345,Lagerfeuer::N,מדורה,lägereld
346,Last::N,משא,last
347,Last::N,משא,börda
348,Gang::N,הליכה,gång
349,Schritt::N,צעד,steg
350,Norden::N,צפון,norr
351,Süden::N,דרום,söder
352,Westen::N,מערב,väster
353,Osten::N,מזרח,öster
354,Holz::N,עץ,trä
355,Brett::N,קרש,bräda
356,Platte::N,לוח,platta
357,Stütze::N,משען,stöd
358,Stütze::N,משען,stötta
359,Stange::N,מוט,stång
360,Stock::N,מקל,käpp
361,Stock::N,מקל,pinne
362,Stab::N,מוט,stav
363,Rohr::N,צנור,rör
364,Haus::N,בית,hus
365,Heim::N,בית,hem
366,Ofen::N,תנור,ugn
367,Fußboden::N,רצפה,golv
368,Tisch::N,שלחן,bord
369,Stuhl::N,כסא,stol
370,Wiege::N,ערש,vagga
371,Bett::N,מטה,säng
372,Regal::N,מדף,hylla
373,Kiste::N,תבה,låda
374,Kiste::N,ארגז,låda
375,Fenster::N,חלון,fönster
376,Tür::N,דלת,dörr
377,Tor::N,שער,port
378,Zaun::N,גדר,staket
379,Zaun::N,גדר,stängsel
380,Dach::N,גג,tak
381,Leiter::N,סלם,stege
382,Besen::N,מטאטא,kvast
383,Spaten::N,את,spade
384,Schaufel::N,את,skovel
385,Schaufel::N,את,skyffel
386,Gabel::N,מזלג,gaffel
387,Löffel::N,כף,sked
388,Messer::N,סכין,kniv
389,Nagel::N,מסמר,spik
390,Netz::N,רשת,nät
391,Haken::N,וו,krok
392,Haken::N,קרס,krok
393,Griff::N,ידית,tag
394,Griff::N,ידית,handtag
395,Schloss::N,מנעול,las
396,Bild::N,תמונה,bild
397,Figur::N,פסל,figur
398,Puppe::N,בבה,docka
399,Beutel::N,שק,påse
400,Bündel::N,צרור,bunt
401,Bündel::N,צרור,knippa
402,Tasche::N,שקית,väska
403,Eimer::N,דלי,hink
404,Eimer::N,דלי,ämbar
405,Deckel::N,מכסה,lock
406,Geschirr::N,כלים,servis
407,Geschirr::N,כלים,porslin
408,Sack::N,שק,säck
409,Tasse::N,ספל,kopp
410,Topf::N,סיר,gryta
411,Topf::N,סיר,kastrull
412,Kessel::N,קנקן,kittel
413,Essen::N,אכל,mål
414,Essen::N,ארוחה,mål
415,Nahrung::N,הזנה,näring
416,Nahrung::N,תזונה,näring
417,Speise::N,מאכל,maträtt
418,Speise::N,ארוחה,maträtt
419,Fleisch::N,בשר,kött
420,Getreide::N,דגן,säd
421,Getreide::N,דגן,spannmål
422,Brei::N,מחית,gröt
423,Brot::N,לחם,bröd
424,Scheibe::N,עגול,skiva
425,Scheibe::N,פרוסה,skiva
426,Fett::N,שמן,fett
427,Butter::N,חמאה,smör
428,Öl::N,שמן,olja
429,Salz::N,מלח,salt
430,Suppe::N,מרק,soppa
431,Honig::N,דבש,honung
432,Milch::N,חלב,mjölk
433,Tee::N,תה,te
434,Leder::N,עור,läder
435,Wolle::N,צמר,ull
436,Wolle::N,צמר,ylle
437,Stoff::N,בד,tyg
438,Stoff::N,בד,stoff
439,Stoff::N,אריג,tyg
440,Stoff::N,אריג,stoff
441,Nadel::N,מחט,nål
442,Faden::N,חוט,tråd
443,Knopf::N,כפתור,knapp
444,Knoten::N,קשר,knut
445,Farbe::N,צבע,färg
446,Kleidung::N,בגדים,klädsel
447,Hemd::N,חלצה,skjorta
448,Kragen::N,צוארון,krage
449,Ärmel::N,שרוול,ärm
450,Hose::N,מכנסים,byxor
451,Gürtel::N,חגורה,bälte
452,Mütze::N,כובע,mössa
453,Schuh::N,נעל,sko
454,Stiefel::N,מגף,stövel
455,Ring::N,טבעת,ring
456,Band::N,סרט,band
457,Kamm::N,מסרק,kam
458,Spiegel::N,מראה,spegel
459,Riemen::N,רצועה,rem
460,Schnur::N,חבל,snöre
461,Leine::N,מושכות,lina
462,Decke::N,שמיכה,täcke
463,Kissen::N,כרית,dyna
464,Kissen::N,כרית,kudde
465,Tuch::N,צעיף,sjal
466,Handtuch::N,מגבת,handduk
467,Kraft::N,כוח,kraft
468,Stärke::N,און,styrka
469,Gesundheit::N,בריאות,hälsa
470,Krankheit::N,מחלה,sjukdom
471,Schmerz::N,כאב,smärta
472,Wunde::N,פציעה,sår
473,Fieber::N,חם,feber
474,Arznei::N,תרופה,medicin
475,Arznei::N,תרופה,läkemedel
476,Brücke::N,גשר,bro
477,Brunnen::N,באר,brunn
478,Weide::N,אחו,bete
479,Weide::N,מרעה,bete
480,Pfad::N,שביל,stig
481,Pfad::N,מדרכה,stig
482,Weg::N,דרך,väg
483,Straße::N,כביש,gata
484,Dorf::N,כפר,by
485,Stadt::N,עיר,stad
486,Brief::N,מכתב,brev
487,Buch::N,ספר,bok
488,Buchstabe::N,אות,bokstav
489,Zeitung::N,עתון,tidning
490,Leben::N,חיים,liv
491,Tod::N,מות,död
492,Grab::N,קבר,grav
493,Kirche::N,כנסיה,kyrka
494,Sünde::N,חטא,synd
495,Gott::N,אל,gud
496,Arbeiter::N,פועל,arbetare
497,Chef::N,ראש,chef
498,Chef::N,מנהל,chef
499,Meister::N,ממחה,mästare
500,Arzt::N,רופא,läkare
501,Lehrer::N,מורה,lärare
502,Geld::N,כסף,pengar
503,Geschäft::N,עסקה,rörelse
504,Laden::N,חנות,affär
505,Preis::N,מחיר,pris
506,Ware::N,סחורה,vara
507,Nutzen::N,תועלת,gagn
508,Nutzen::N,תועלת,nytta
509,Reichtum::N,עשר,rikedom
510,Welt::N,עולם,värld
511,Land::N,ארץ,land
512,Staat::N,מדינה,stat
513,König::N,מלך,kung
514,König::N,מלך,konung
515,Macht::N,כוח,makt
516,Grenze::N,גבול,gräns
517,Krieg::N,מלחמה,krig
518,Feind::N,אויב,fiende
519,Gewalt::N,אלימות,våld
520,Kampf::N,קרב,kamp
521,Kampf::N,קרב,strid
522,Kampf::N,לחימה,kamp
523,Kampf::N,לחימה,strid
524,Bogen[Waffe]::N,קשת,båge
525,Pfeil::N,חץ,pil
526,Gewehr::N,רובה,gevär
527,Fehler::N,טעות,fel
528,Lüge::N,שקר,lögn
529,Schaden::N,נזק,skada
530,Unglück::N,מזל רע,otur
531,Unglück::N,מזל רע,olycka
532,Schuld::N,אשמה,skuld
533,Alter::N,גיל,ålder
534,Schluss::N,סיום,slut
535,Zeit::N,זמן,tid
536,Tag::N,יום,dag
537,Morgen::N,בקר,morgon
538,Mittag::N,צהרים,middag
539,Abend::N,ערב,kväll
540,Nacht::N,לילה,natt
541,Woche::N,שבוע,vecka
542,Monat::N,חדש,månad
543,Jahr::N,שנה,år
544,Frühling::N,אביב,vår
545,Sommer::N,קיץ,sommar
546,Herbst::N,סתו,höst
547,Winter::N,חרף,vinter
548,Januar::N,ינואר,januari
549,Februar::N,פברואר,februari
550,März::N,מרץ,mars
551,April::N,אפריל,april
552,Mai::N,מאי,maj
553,Juni::N,יוני,juni
554,Juli::N,יולי,juli
555,August::N,אוגוסט,augusti
556,September::N,ספטמבר,september
557,Oktober::N,אוקטובר,oktober
558,November::N,נובמבר,november
559,Dezember::N,דצמבר,december
560,Montag::N,יום שני,måndag
561,Dienstag::N,יום שלישי,tisdag
562,Mittwoch::N,יום רביעי,onsdag
563,Donnerstag::N,יום חמישי,torsdag
564,Freitag::N,יום ששי,fredag
565,Samstag::N,יום שבת,lördag
566,Sonntag::N,יום ראשון,söndag
567,groß::A,גדול,stor
568,klein::A,קטן,liten
569,lang::A,ארך,lång
570,kurz::A,קצר,kort
571,breit::A,רחב,bred
572,schmal::A,צר,smal
573,dicht::A,צפוף,tät
574,dick[Gegenstand]::A,עבה,tjock
575,dünn::A,דק,tunn
576,fein::A,מעדן,fin
577,fest::A,מוצק,fast
578,flach::A,שטוח,platt
579,glatt::A,חלק,glatt
580,hart::A,קשיח,hård
581,weich::A,רך,mjuk
582,rund::A,עגל,rund
583,spitz::A,חד,toppig
584,spitz::A,חד,spetsig
585,scharf::A,חד,vass
586,scharf::A,חד,skarp
587,stumpf::A,קהה,slö
588,schwer::A,כבד,tung
589,schön::A,יפה,skön
590,schön::A,יפה,vacker
591,heiß::A,חם,het
592,warm::A,חם,varm
593,kalt::A,קר,kall
594,kühl::A,צונן,sval
595,kühl::A,צונן,kylig
596,frisch::A,טרי,färsk
597,feucht::A,לח,fuktig
598,nass::A,רטוב,våt
599,trocken::A,יבש,torr
600,voll::A,מלא,full
601,leer::A,ריק,tom
602,offen::A,פתוח,öppen
603,geschlossen::A,סגור,stängd
604,sauber::A,נקי,ren
605,schmutzig::A,מלכלך,snuskig
606,roh::A,חי,rå
607,reif::A,בשל,mogen
608,lecker::A,טעים,läcker
609,süß::A,מתוק,söt
610,bitter::A,מר,besk
611,bitter::A,מר,bitter
612,sauer::A,חמוץ,sur
613,hell::A,בהיר,ljus
614,dunkel::A,עמום,mörk
615,schwarz::A,שחר,svart
616,weiß::A,לבן,vit
617,rot::A,אדם,röd
618,gelb::A,צהב,gul
619,blau::A,כחל,blå
620,grün::A,ירק,grön
621,grau::A,אפר,grå
622,bunt::A,צבעוני,brokig
623,billig::A,זול,billig
624,teuer::A,יקר,dyr
625,wertvoll::A,יקר ערך,värdefull
626,blind::A,עור,blind
627,taub::A,חרש,döv
628,kräftig::A,חסן,kraftig
629,stark::A,חזק,stark
630,schwach::A,חלש,svag
631,fett::A,שמן,fet
632,schlank::A,רזה,slank
633,hübsch::A,יפה תאר,snygg
634,hübsch::A,יפה תאר,vacker
635,böse::A,רשע,ond
636,böse::A,רשע,elak
637,dumm::A,טפש,dum
638,faul::A,עצלן,lat
639,fleißig::A,חרוץ,flitig
640,geizig::A,קמצן,snål
641,geizig::A,קמצן,girig
642,klug::A,נבון,klok
643,klug::A,פקח,klok
644,geschickt::A,מימן,händig
645,geschickt::A,מימן,skicklig
646,lieb::A,יקר,kär
647,lieb::A,יקר,snäll
648,lieb::A,אהוב,kär
649,lieb::A,אהוב,snäll
650,lustig::A,עליז,rolig
651,lustig::A,עליז,lustig
652,sanft::A,עדין,mild
653,hungrig::A,רעב,hungrig
654,krank::A,חולה,sjuk
655,nackt::A,ערום,naken
656,traurig::A,עצוב,ledsen
657,traurig::A,עצוב,sorgsen
658,lebendig::A,חי,levande
659,gut::A,טוב,bra
660,schlecht::A,גרוע,dålig
661,richtig::A,נכון,riktig
662,schlimm::A,רע,illa
663,wahr::A,אמתי,sann
664,alt::A,ישן,gammal
665,neu::A,חדש,ny
666,ehemalig::A,לשעבר,forn
667,ehemalig::A,לשעבר,tidigare
668,alt[Lebewesen]::A,זקן,gammal
669,jung::A,צעיר,ung
670,arm::A,עני,fattig
671,reich::A,עשיר,rik
672,bekannt::A,ידוע,känd
673,berühmt::A,מפרסם,berömd
674,fremd::A,זר,främmande
675,verschieden::A,שונה,åtskillig
676,nah::A,קרוב,nära
677,fern::A,רחוק,fjärran
678,linker::A,שמאלי,vänster
679,rechter::A,ימין,höger
680,anderer::A,אחר,annan
681,erster::A,ראשון,första
682,zweiter::A,שני,andra
683,dritter::A,שלישי,tredje
684,letzter::A,אחרון,sist
685,allein::ADV,לבד,allena
686,auf einmal::ADV,בו-זמנית,på en gång
687,zusammen::ADV,ביחד,tillsammans
688,lange::ADV,הרבה זמן,länge
689,plötzlich::ADV,לפתע,plötsligt
690,plötzlich::ADV,פתאום,plötsligt
691,sofort::ADV,מיד,strax
692,sofort::ADV,מיד,genast
693,später::ADV,לאחר זמן,senare
694,später::ADV,יותר מאחר,senare
695,jetzt::ADV,עכשיו,nu
696,heute::ADV,היום,i dag
697,morgen::ADV,מחר,i morgon
698,bald::ADV,בקרוב,snart
699,dann::ADV,אחר-כך,då
700,gestern::ADV,אתמול,i går
701,einst::ADV,לפנים,en gång
702,damals::ADV,אז,då
703,damals::ADV,אז,den gången
704,danach::ADV,אחר-כך,därefter
705,vorher::ADV,לפני זה,före
706,vorher::ADV,לפני זה,förut
707,zuerst::ADV,קדם,först
708,einmal::ADV,פעם,en gång
709,manchmal::ADV,לפעמים,ibland
710,oft::ADV,לעתים קרובות,ofta
711,immer::ADV,תמיד,alltid
712,niemals::ADV,אף פעם,aldrig
713,hier::ADV,כאן,här
714,hierhin::ADV,פה,hit
715,von hier::ADV,מפה,härifrån
716,dort::ADV,שם,där
717,dorthin::ADV,שם,dit
718,geradeaus::ADV,ישר,rätt fram
719,vorwärts::ADV,קדימה,fram
720,vorwärts::ADV,קדימה,framåt
721,rückwärts::ADV,לאחור,baklänges
722,zurück::ADV,בחזרה,tillbaka
723,zurück::ADV,אחורנית,tillbaka
724,unten::ADV,למטה,nere
725,unten::ADV,למטה,nedanför
726,hinab::ADV,למטה,ned
727,hinab::ADV,למטה,nedåt
728,oben::ADV,מעל,ovan
729,oben::ADV,מעל,ovanpå
730,oben::ADV,למעלה,ovan
731,oben::ADV,למעלה,ovanpå
732,hinauf::ADV,למעלה,upp
733,hinauf::ADV,למעלה,uppåt
734,überall::ADV,בכל מקום,överallt
735,nicht::ADV,לא,ej
736,nicht::ADV,לא,inte
737,ein wenig::ADV,קצת,litet
738,kaum::ADV,בקשי,knappt
739,kaum::ADV,בקשי,knappast
740,sehr::ADV,מאוד,mycket
741,so::ADV,כך,så
742,so::ADV,ככה,så
743,noch::ADV,עוד,än
744,noch::ADV,עוד,ännu
745,noch::ADV,עדין,än
746,noch::ADV,עדין,ännu
747,nur::ADV,רק,bara
748,nur::ADV,רק,endast
749,schon::ADV,כבר,redan
750,wieder::ADV,שוב,åter
751,vergebens::ADV,לריק,förgäves
752,vergebens::ADV,לשוא,förgäves
753,vor::PRP,מול,utanför
754,hinter::PRP,מאחורי,bakom
755,unter::PRP,מתחת,under
756,durch::PRP,דרך,genom
757,durch::PRP,דרך,igenom
758,neben::PRP,ליד,bredvid
759,neben::PRP,ליד,vid sidan av
760,neben::PRP,על-יד,bredvid
761,neben::PRP,על-יד,vid sidan av
762,zwischen::PRP,בין,mellan
763,wegen::PRP,בשל,på grund av
764,wegen::PRP,בגלל,på grund av
765,dies::PRN,זה,detta
766,das::PRN,זה,det
767,alles::PRN,הכל,allt
768,ich::PRN,אני,jag
769,du::PRN,את,du
770,du::PRN,אתה,du
771,er::PRN,הוא,han
772,wir::PRN,אנחנו,vi
773,ihr::PRN,לה,ni
774,sie::PRN,הם,de
775,was::FPRN,מה,vad
776,wer::FPRN,מי,vem
777,wo::FADV,איפה,var
778,wohin::FADV,לאן,vart
779,wie::FADV,איך,hur
780,warum::FADV,למה,varför
781,wieviel::FNUM,כמה,hur mycket
782,eins::NUM,אחד,en
783,eins::NUM,אחד,ett
784,zwei::NUM,שתים,två
785,drei::NUM,שלושה,tre
786,vier::NUM,ארבעה,fyra
787,fünf::NUM,חמשה,fem
788,sechs::NUM,ששה,sex
789,sieben::NUM,שבעה,sju
790,acht::NUM,שמונה,åtta
791,neun::NUM,תשעה,nio
792,zehn::NUM,עשרה,tio
793,elf::NUM,אחת עשרה,elva
794,zwölf::NUM,שתים עשרה,tolv
795,zwanzig::NUM,עשרים,tjugo
796,dreißig::NUM,שלושים,trettio
797,vierzig::NUM,ארבעים,fyrtio
798,fünfzig::NUM,חמשים,femtio
799,sechzig::NUM,ששים,sextio
800,siebzig::NUM,שבעים,sjuttio
801,achtzig::NUM,שמונים,åttio
802,neunzig::NUM,תשעים,nittio
803,hundert::NUM,מאה,hundra
804,tausend::NUM,אלף,tusen
805,und::CNJ,ו,och
806,oder::CNJ,או,eller
807,stehen::V,עמד,stå
808,sitzen::V,ישב,sitta
809,liegen::V,שכב,ligga
810,hängen::V,היה תלוי,hänga
811,werden::V,הפך ל,bli
812,passieren::V,קרה,ske
813,passieren::V,קרה,hända
814,beginnen::V,התחיל,börja
815,enden::V,הסתים,ända
816,wechseln::V,השתנה,växla
817,aufgehen[Sonne]::V,זרח,gå upp
818,untergehen[Sonne]::V,שקע,gå ned
819,scheinen[Sonne]::V,בהק,skina
820,donnern::V,רעם,dundra
821,wehen::V,נשב,blåsa
822,strömen::V,זרם,forsa
823,strömen::V,זרם,strömma
824,fließen::V,זרם,flyta
825,sich drehen::V,הסתובב,snurra
826,schwanken::V,התנודד,vackla
827,schwingen::V,התנענע,svinga
828,fallen::V,נפל,falla
829,brennen::V,בער,brinna
830,rauchen::V,עשן,ryka
831,regnen::V,ירד גשם,regna
832,gefrieren::V,קפא,frysa
833,tauen::V,נמס,töa
834,schmelzen::V,התיך,smälta
835,trocknen::V,התיבש,torka
836,sieden::V,רתח,koka
837,sieden::V,רתח,sjuda
838,faulen::V,רקב,ruttna
839,verfaulen::V,רקב,ruttna
840,reißen::V,נקרע,brista
841,versinken::V,טבע,sjunka
842,vergehen::V,עבר,förgå
843,erscheinen::V,נגלה,synas
844,erscheinen::V,נגלה,visa sig
845,erscheinen::V,הופיע,synas
846,erscheinen::V,הופיע,visa sig
847,verschwinden::V,נעלם,försvinna
848,sinken::V,ירד,sjunka
849,abnehmen::V,הפחית,avta
850,abnehmen::V,הפחית,minskas
851,zunehmen::V,רבה,tilltaga
852,steigen::V,עלה,stiga
853,wachsen::V,גדל,växa
854,glänzen::V,נצץ,glimma
855,glänzen::V,בהק,glimma
856,funkeln::V,נצנץ,tindra
857,funkeln::V,נצנץ,gnistra
858,lärmen::V,רעש,bråka
859,lärmen::V,רעש,väsnas
860,läuten::V,צלצל,ringa
861,klingeln::V,צלצל,ringa
862,klirren::V,קרקש,klirra
863,brausen::V,געש,brusa
864,rauschen::V,רשרש,susa
865,klingen::V,נשמע,låta
866,klingen::V,נשמע,klinga
867,bellen::V,נבח,skälla
868,heulen::V,ילל,yla
869,heulen::V,ילל,tjuta
870,blasen::V,נשף,blåsa
871,pfeifen::V,שרק,vissla
872,schreien::V,צעק,skrika
873,stöhnen::V,נאנק,stöna
874,zittern::V,רעד,darra
875,zittern::V,רעד,skälva
876,leben::V,חי,leva
877,geboren werden::V,נולד,födas
878,atmen::V,נשם,andas
879,trinken::V,שתה,dricka
880,essen::V,אכל,äta
881,schlucken::V,בלע,svälja
882,müde werden::V,התעיף,tröttna
883,einschlafen::V,נרדם,somna
884,schlafen::V,ישן,sova
885,aufwachen::V,התעורר,vakna
886,aufstehen::V,קם,stiga upp
887,sich erholen::V,נפש,repa sig
888,sich erholen::V,נפש,hämta sig
889,krank werden::V,חלה,insjukna
890,krank sein::V,היה חולה,vara sjuk
891,schmerzen::V,כאב,smärta
892,schmerzen::V,כאב,göra ont
893,husten::V,השתעל,hosta
894,genesen::V,הבריא,tillfriskna
895,sterben::V,מת,dö
896,umkommen::V,נספה,omkomma
897,sich bewegen::V,נע,röra sig
898,sich rühren::V,זז,röra på sig
899,sich erheben::V,קם,resa sig
900,sich setzen::V,התישב,sätta sig
901,hinfallen::V,נפל,falla omkull
902,laufen::V,הלך ברגל,löpa
903,schreiten::V,פסע,skrida
904,spazierengehen::V,טיל,promenera
905,eilen::V,אץ,ila
906,eilen::V,מהר,ila
907,sich beeilen::V,מהר,skynda sig
908,sausen::V,אץ,susa
909,rennen::V,רץ,löpa
910,rennen::V,רץ,springa
911,springen::V,קפץ,hoppa
912,klettern::V,טפס,klättra
913,schaukeln::V,התנדנד,gunga
914,kriechen::V,זחל,kräla
915,schwimmen::V,שחה,simma
916,tauchen::V,צלל,dyka
917,rudern::V,חתר,ro
918,fahren::V,נסע,köra
919,fliegen::V,עף,flyga
920,gehen::V,הלך,gå
921,weggehen::V,עזב,gå bort
922,abfahren::V,יצא,resa
923,abfahren::V,יצא,avresa
924,anhalten::V,עצר,stanna
925,hineingehen::V,נכנס,gå in
926,eintreten::V,נכנס,träda in
927,kommen::V,בא,komma
928,ankommen::V,הגיע,ankomma
929,zurückkommen::V,שב,återkomma
930,zurückkommen::V,חזר,återkomma
931,bleiben::V,נשאר,bli
932,bleiben::V,נשאר,förbli
933,warten::V,חכה,vänta
934,warten::V,המתין,vänta
935,erwarten::V,צפה,vänta
936,suchen::V,חפש,leta
937,finden::V,מצא,finna
938,versuchen::V,נסה,försöka
939,vorbereiten::V,הכין,förbereda
940,lieben::V,אהב,älska
941,mögen::V,אהב,tycka om
942,lachen::V,צחק,skratta
943,rühren::V,נגע ללב,röra
944,weinen::V,בכה,gråta
945,schimpfen::V,גער,skälla
946,sich ärgern::V,זעם,förargas
947,sich ärgern::V,כעס,förargas
948,sich fürchten::V,פחד,vara rädd
949,sich fürchten::V,חשש,vara rädd
950,fürchten::V,פחד מ,frukta
951,fürchten::V,חשש מ,frukta
952,fliehen::V,ברח,fly
953,fliehen::V,ברח,rymma
954,flüchten::V,נמלט,fly
955,sehen::V,ראה,se
956,anschauen::V,הביט,se på
957,anschauen::V,הביט,betrakta
958,ansehen::V,התבונן,åse
959,hören::V,שמע,höra
960,zuhören::V,הקשיב,höra på
961,zuhören::V,הקשיב,lyssna till
962,probieren::V,נסה,smaka
963,probieren::V,נסה,smaka på
964,riechen::V,הריח,lukta
965,fühlen::V,חש,känna
966,scheinen::V,נדמה,verka
967,scheinen::V,נדמה,tyckas
968,zu sehen sein::V,נראה,synas
969,zu sehen sein::V,נראה,kunna ses
970,vernehmen::V,נודע ל,få veta
971,vernehmen::V,נודע ל,förnimma
972,frieren::V,קר ל,frysa
973,tun::V,פעל,göra
974,können::V,יכל,kunna
975,wollen::V,רצה,vilja
976,anfangen::V,התחיל,börja
977,beenden::V,גמר,avsluta
978,aufhören::V,סים,sluta
979,aufhören::V,סים,upphöra
980,gelingen::V,הצליח,lyckas
981,geraten::V,עלה,bli
982,öffnen::V,פתח,öppna
983,schließen::V,סגר,låsa
984,schließen::V,סגר,stänga
985,stellen::V,העמיד,ställa
986,setzen::V,הושיב,sätta
987,legen::V,שם,lägga
988,berühren::V,נגע,beröra
989,verbinden::V,קשר,förbinda
990,bedecken::V,כסה,täcka
991,bedecken::V,כסה,betäcka
992,aufhängen::V,תלה,hänga
993,aufhängen::V,תלה,hänga upp
994,anzünden::V,הצית,tända
995,anzünden::V,הצית,antända
996,anzünden::V,הצית,tända på
997,aufheben::V,אסף,lyfta
998,zurücklassen::V,השאיר,lämna
999,zurücklassen::V,השאיר,efterlämna
1000,verlieren::V,אבד,mista
1001,verlieren::V,אבד,förlora
1002,fallen lassen::V,שמט,tappa
1003,fallen lassen::V,שמט,släppa
1004,fallen lassen::V,הפיל,tappa
1005,fallen lassen::V,הפיל,släppa
1006,machen::V,עשה,göra
1007,herstellen::V,יצר,tillverka
1008,herstellen::V,יצר,framställa
1009,bauen::V,בנה,bygga
1010,reparieren::V,תקן,reparera
1011,verbessern::V,שפר,rätta
1012,verbessern::V,שפר,förbättra
1013,ändern::V,שנה,ändra
1014,ändern::V,שנה,förändra
1015,graben::V,חפר,gräva
1016,beugen::V,כפף,böja
1017,biegen::V,כופף,böja
1018,biegen::V,כופף,kröka
1019,drehen::V,סובב,vrida
1020,wenden::V,הפך,vända
1021,umdrehen::V,סובב,vrida om
1022,heben::V,הרים,häva
1023,hochheben::V,הרים,lyfta
1024,ergreifen::V,אחז,gripa
1025,halten::V,החזיק,hålla
1026,drücken::V,לחץ,trycka
1027,schieben::V,הזיז,skjuta
1028,kratzen::V,שרט,riva
1029,kratzen::V,שרט,skrapa
1030,kratzen::V,שפשף,riva
1031,kratzen::V,שפשף,skrapa
1032,lecken::V,לקק,slicka
1033,beißen::V,נשך,bita
1034,abreißen::V,קרע,slita_av
1035,abreißen::V,קרע,riva_av
1036,abschneiden::V,חתך,skära av
1037,binden::V,קשר,binda
1038,stecken::V,תקע,sticka
1039,brechen::V,שבר,bryta
1040,brechen::V,שבר,brista
1041,klopfen::V,נקש,banka
1042,klopfen::V,נקש,klappa
1043,hauen::V,הכה,hugga
1044,kleben::V,הדביק,klistra
1045,reiben::V,שפשף,gnida
1046,streichen::V,מרח,smörja
1047,schleifen::V,השחיז,slipa
1048,schneiden::V,גזר,skära
1049,schneiden::V,גזר,klippa
1050,rütteln::V,נענע,skaka
1051,schütteln::V,נער,rista
1052,schwenken::V,נופף,svänga
1053,schwenken::V,טלטל,svänga
1054,schütten::V,שפך,hälla
1055,füllen::V,מלא,fylla
1056,einwickeln::V,עטף,slå in
1057,einwickeln::V,עטף,veckla in
1058,tragen::V,נשא,bära
1059,schleppen::V,סחב,släpa
1060,ziehen::V,משך,dra
1061,aufbewahren::V,שמר,förvara
1062,aufbewahren::V,שמר,ta vara på
1063,werfen::V,זרק,kasta
1064,fangen::V,תפס,fånga
1065,packen::V,אחז,gripa
1066,packen::V,אחז,gripa tag
1067,verstecken::V,החביא,gömma
1068,teilen::V,חלק,dela
1069,schicken::V,שלח,skicka
1070,bringen::V,הביא,bringa
1071,hinzufügen::V,הוסיף,tillägga
1072,bekommen::V,תפס,få
1073,bekommen::V,תפס,erhålla
1074,erhalten::V,קבל,få
1075,erhalten::V,קבל,erhålla
1076,nehmen::V,אחז,ta
1077,nehmen::V,אחז,taga
1078,wählen::V,בחר,välja
1079,auswählen::V,בחר ב,utvälja
1080,bewahren::V,קים,bevara
1081,behindern::V,מנע,hindra
1082,behindern::V,מנע,förhindra
1083,verderben::V,מנע,förstöra
1084,beschädigen::V,הזיק,skada
1085,zerbrechen::V,נשבר,bryta isär
1086,zerbrechen::V,נשבר,bryta sönder
1087,zerreißen::V,קרע,riva sönder
1088,zerreißen::V,קרע,slita sönder
1089,zerstören::V,הרס,förstöra
1090,zerstören::V,השמיד,förstöra
1091,verbrennen::V,שרף,bränna
1092,verbrennen::V,שרף,bränna upp
1093,geben::V,נתן,ge
1094,reichen::V,העביר,räcka
1095,schenken::V,נתן במתנה,skänka
1096,versprechen::V,הבטיח,lova
1097,wünschen::V,אחל,önska
1098,loben::V,שבח,lova
1099,loben::V,שבח,beröma
1100,küssen::V,נשק,pussa
1101,wiegen::V,נדנד,vagga
1102,zudecken::V,כסה,täcka
1103,wecken::V,עורר,väcka
1104,zeigen::V,הראה,visa
1105,führen::V,הביא,föra
1106,führen::V,הוביל,föra
1107,lehren::V,למד,lära
1108,unterrichten::V,למד,undervisa
1109,aufziehen::V,רומם,uppfostra
1110,leiten::V,נהל,leda
1111,antreiben::V,המרץ,driva på
1112,lassen::V,נתן,få att
1113,einladen::V,הזמין,bjuda
1114,einladen::V,הזמין,inbjuda
1115,vereinigen::V,אחד,förena
1116,vereinigen::V,לכד,förena
1117,besuchen::V,בקר,besöka
1118,treffen::V,פגש,möta
1119,treffen::V,פגש,träffa
1120,sich versammeln::V,התאסף,församla sig
1121,spielen::V,שחק,leka
1122,spielen::V,שחק,spela
1123,singen::V,שר,sjunga
1124,tanzen::V,רקד,dansa
1125,sich trennen::V,נפרד,skiljas
1126,verlassen::V,עזב,lämna
1127,verlassen::V,עזב,överge
1128,retten::V,הציל,rädda
1129,bewachen::V,שמר,bevaka
1130,schützen::V,אבטח,skydda
1131,schützen::V,אבטח,beskydda
1132,verteidigen::V,הגן,försvara
1133,sich schlagen::V,התכתש,slåss
1134,schießen::V,ירה,skjuta
1135,siegen::V,גבר,segra
1136,siegen::V,נצח,segra
1137,ärgern::V,עצבן,förarga
1138,schlagen::V,הכה,slå
1139,schlagen::V,הלקה,slå
1140,treten::V,בעט,sparka
1141,stechen::V,דקר,sticka
1142,stoßen::V,דחק,stöta
1143,stehlen::V,גנב,stjäla
1144,stören::V,קטע,störa
1145,stören::V,הפריע,störa
1146,belästigen::V,הציק,genera
1147,belästigen::V,הציק,besvära
1148,belästigen::V,הטריד,genera
1149,belästigen::V,הטריד,besvära
1150,verbergen::V,הצניע,dölja
1151,täuschen::V,שגע,vilseleda
1152,betrügen::V,הונה,bedra
1153,töten::V,הרג,döda
1154,wohnen::V,גר,bo
1155,arbeiten::V,עבד,arbeta
1156,sammeln::V,אסף,samla
1157,pflücken::V,קטף,plocka
1158,jagen::V,צד,jaga
1159,fischen::V,דג,fiska
1160,fassen::V,תפס,fånga
1161,hüten::V,רעה,vakta
1162,treiben::V,הוציא,driva
1163,anbinden::V,קשר,binda fast
1164,füttern::V,הלעיט,fodra
1165,melken::V,חלב,mjölka
1166,hacken::V,קצץ,hacka
1167,gießen::V,השקה,hälla
1168,gießen::V,השקה,vattna
1169,reifen::V,בשל,mogna
1170,zubereiten::V,הכין,tillaga
1171,zubereiten::V,הכין,tillreda
1172,kochen::V,בשל,koka
1173,backen::V,אפה,baka
1174,braten::V,צלה,steka
1175,braten::V,טגן,steka
1176,umrühren::V,ערבב,röra om
1177,stricken::V,סרג,sticka
1178,nähen::V,תפר,sy
1179,färben::V,צבע,färga
1180,reinigen::V,נקה,rensa
1181,reinigen::V,נקה,rengöra
1182,waschen::V,רחץ,tvätta
1183,waschen::V,כבס,tvätta
1184,abwischen::V,נגב,torka av
1185,spülen::V,שטף,spola
1186,spülen::V,שטף,skölja
1187,fegen::V,טאטא,feja
1188,kehren::V,טאטא,sopa
1189,baden::V,טבל,bada
1190,baden::V,שחה,bada
1191,sich waschen::V,התרחץ,tvätta sig
1192,ausziehen::V,הוריד,ta av
1193,anziehen::V,לבש,ta på
1194,sich anziehen::V,התלבש,klä på sig
1195,kämmen::V,סרק,kamma
1196,schmücken::V,קשט,pynta
1197,schmücken::V,קשט,smycka
1198,sagen::V,אמר,säga
1199,sprechen::V,דבר,tala
1200,reden::V,דבר,tala
1201,reden::V,דבר,prata
1202,sich unterhalten::V,שוחח,prata
1203,fragen::V,שאל,fråga
1204,fragen::V,שאל,spörja
1205,bitten::V,בקש,be
1206,erzählen::V,ספר,berätta
1207,mitteilen::V,מסר,meddela
1208,mitteilen::V,הודיע,meddela
1209,nennen::V,קרא בשם,kalla
1210,rufen::V,גיס,ropa
1211,rufen::V,הזמין לבוא,ropa
1212,prahlen::V,התרברב,pråla
1213,prahlen::V,התרברב,skryta
1214,übersetzen::V,תרגם,tolka
1215,übersetzen::V,תרגם,översätta
1216,denken::V,חשב,tänka
1217,glauben::V,האמין,tro
1218,bemerken::V,הבחין,uppmärksamma
1219,bemerken::V,הבחין,lägga märke till
1220,erkennen::V,זהה,känna igen
1221,begreifen::V,קלט,begripa
1222,begreifen::V,הבין,begripa
1223,verstehen::V,הבין,förstå
1224,lernen::V,למד,lära sig
1225,wissen::V,ידע,veta
1226,sich erinnern an::V,זכר,minnas
1227,sich erinnern an::V,זכר,komma ihåg
1228,vergessen::V,שכח,glömma
1229,messen::V,מדד,mäta
1230,zählen::V,ספר,räkna
1231,rechnen::V,חשב,räkna
1232,lesen::V,קרא,läsa
1233,malen::V,ציר,måla
1234,zeichnen::V,שרטט,teckna
1235,schreiben::V,כתב,skriva
1236,besitzen::V,היה בעל של,äga
1237,besitzen::V,היה בעל של,besitta
1238,kaufen::V,קנה,köpa
1239,kaufen::V,רכש,köpa
1240,verkaufen::V,מכר,sälja
1241,bezahlen::V,שלם,betala
1242,zahlen::V,שלם,betala
1243,beherrschen::V,שלט,behärska
1244,ertragen::V,סבל,tåla
1245,ertragen::V,סבל,uthärda
