,Concept_ID,hu,mhr
0,Auge::N,szem,шинча́
1,Ohr::N,fül,пы́лыш
2,Nase::N,orr,нер
3,Mund::N,száj,умша́
4,Zahn::N,fog,пӱй
5,Zunge::N,nyelv,йы́лме
6,Lippe::N,ajak,тӱ́рвӧ
7,Wange::N,orca,шӱ́ргӧ
8,Gesicht::N,arc,чури́й
9,Stirn::N,homlok,саҥга́
10,Haar::N,haj,ӱп
11,Schnurrbart::N,bajusz,ӧ́рыш
12,Bart::N,szakáll,понда́ш
13,Kinn::N,áll,оҥыла́ш
14,Kiefer[Anatomie]::N,állkapocs,пӱйдӱ́ҥ
15,Kiefer[Anatomie]::N,állkapocs,пӱйората́
16,Kehle::N,gége,лога́р
17,Kehle::N,torok,лога́р
18,Hals::N,nyak,шӱй
19,Genick::N,tarkó,шӱйло́дыш
20,Kopf::N,fő,вуй
21,Kopf::N,fej,вуй
22,Rücken::N,hát,туп
23,Bauch::N,has,мӱ́шкыр
24,Nabel::N,köldök,кы́лымде
25,Busen::N,mell,чы́зе
26,Busen::N,kebel,чы́зе
27,Brust::N,mell,оҥ
28,Schulter::N,váll,ва́че
29,Arm::N,kar,кид
30,Ellenbogen::N,könyök,кынерву́й
31,Hand::N,kéz,кид
32,Hand::N,kéz,копа́
33,Handfläche::N,tenyér,со́во
34,Finger::N,ujj,парня́
35,Fingernagel::N,köröm,кидкӱ́ч
36,Fingernagel::N,köröm,парнягӱ́ч
37,Nagel[Anatomie]::N,köröm,кӱч
38,Zeh::N,lábujj,йолварня́
39,Fuß::N,láb,йол
40,Fuß::N,láb,йолкопа́
41,Ferse::N,sarok,тага́н
42,Knie::N,térd,пулву́й
43,Oberschenkel::N,comb,э́рде
44,Bein::N,láb,йол
45,Bein::N,lábszár,йол
46,Körper::N,test,кап
47,Haut::N,bőr,кова́ште
48,Blut::N,vér,вӱр
49,Ader::N,ér,шӧн
50,Sehne::N,ín,шӧн
51,Sehne::N,ín,кӱсе́н
52,Knochen::N,csont,лу
53,Gehirn::N,agy,вем
54,Gehirn::N,agy,вуйве́м
55,Gehirn::N,agyvelő,вем
56,Gehirn::N,agyvelő,вуйве́м
57,Herz::N,szív,шӱм
58,Magen::N,gyomor,пага́р
59,Leber::N,máj,мокш
60,Atem::N,lehelet,шӱ́лыш
61,Atem::N,lélegzet,шӱ́лыш
62,Hunger::N,éhség,шужыма́ш
63,Träne::N,könny,шинчавӱ́д
64,Geschmack::N,íz,там
65,Geruch::N,szag,пуш
66,Schlaf::N,álom,о́мо
67,Schlaf::N,alvás,о́мо
68,Traum::N,álom,йӱдо́мо
69,Himmel::N,ég,кава́
70,Himmel::N,menny,кава́
71,Sonne::N,nap,ке́че
72,Mond::N,hold,ты́лзе
73,Stern::N,csillag,шӱ́дыр
74,Luft::N,levegő,юж
75,Wind::N,szél,марде́ж
76,Welle::N,hullám,то́лкын
77,Wasser::N,víz,вӱд
78,Stein::N,kő,кӱ
79,Boden::N,föld,рок
80,Boden::N,talaj,рок
81,Erde::N,föld,мла́нде
82,Staub::N,por,пура́к
83,Rauch::N,füst,шикш
84,Funke::N,szikra,сеске́м
85,Funke::N,szikra,тулйы́п
86,Feuer::N,tűz,тул
87,Licht::N,fény,со́то
88,Schatten::N,árnyék,ӱ́мыл
89,Wetter::N,idő,иге́че
90,Wetter::N,időjárás,иге́че
91,Nebel::N,köd,тӱтыра́
92,Wolke::N,felhő,пыл
93,Regen::N,eső,йӱр
94,Schnee::N,hó,лум
95,Eis::N,jég,ий
96,Frost::N,fagy,чатлама́
97,Kälte::N,hideg,йӱ́штӧ
98,Hitze::N,hő,шо́кшо
99,Hitze::N,hőség,шо́кшо
100,Raureif::N,zúzmara,пӧрш
101,Raureif::N,zúzmara,по́кшым
102,Regenbogen::N,szivárvány,шонанпы́л
103,Donner::N,dörgés,кӱ́дырчӧ
104,Donner::N,mennydörgés,кӱ́дырчӧ
105,Strömung::N,áramlat,йо́гын
106,Tropfen::N,csepp,чӱча́лтыш
107,Schaum::N,hab,шоҥ
108,Schaum::N,tajték,шоҥ
109,Schmutz::N,piszok,лавыра́
110,See::N,tó,ер
111,Sumpf::N,mocsár,лӱ́кӧ
112,Moor::N,láp,куп
113,Wiese::N,rét,о́лык
114,Wiese::N,mező,о́лык
115,Wald::N,erdő,чодыра́
116,Hügel::N,domb,арка́
117,Anhöhe::N,magaslat,тӧва́
118,Anhöhe::N,magaslat,кӱкшака́
119,Berg::N,hegy,ку́рык
120,Gipfel::N,csúcs,чаҥга́
121,Gipfel::N,csúcs,курыкву́й
122,Höhle::N,barlang,пеще́р
123,Höhle::N,barlang,курыкпо́мыш
124,Abhang::N,lejtő,та́йыл
125,Quelle::N,forrás,важ
126,Quelle::N,forrás,вӱдшинча́
127,Bach::N,patak,изэҥе́р
128,Fluss::N,folyó,эҥе́р
129,Ufer::N,part,сер
130,Küste::N,tengerpart,вӱдтӱ́р
131,Festland::N,szárazföld,мла́нде
132,Meer::N,tenger,те́ҥыз
133,Bucht::N,öböl,икса́
134,Insel::N,sziget,отро́
135,Blume::N,virág,пеле́дыш
136,Gras::N,fű,шу́до
137,Wurzel::N,gyökér,вож
138,Baum::N,fa,пуше́ҥге
139,Stamm::N,tő,йы́тыр
140,Stamm::N,törzs,йы́тыр
141,Rinde::N,kéreg,шӱм
142,Ast::N,ág,укш
143,Zweig::N,gally,торма́к
144,Blatt::N,levél,лышта́ш
145,Birke::N,nyír,куэ́
146,Kiefer[Baum]::N,fenyő,пӱ́нчӧ
147,Weide[Baum]::N,fűz,уа́
148,Tanne::N,fenyő,кож
149,Horn::N,szarv,шур
150,Feder::N,toll,пы́стыл
151,Fell::N,szőr,кова́ште
152,Fell::N,bunda,кова́ште
153,Flügel::N,szárny,шу́лдыр
154,Klaue::N,köröm,кӱч
155,Kralle::N,karom,ла́па
156,Kralle::N,karom,копа́
157,Schwanz::N,farok,поч
158,Ei::N,tojás,му́но
159,Nest::N,fészek,пыжа́ш
160,Bau::N,odú,пыжа́ш
161,Tier::N,állat,я́нлык
162,Tier::N,állat,живо́тный
163,Herde::N,nyáj,кӱ́тӱ
164,Herde::N,nyáj,тӱшка́
165,Herde::N,csorda,кӱ́тӱ
166,Herde::N,csorda,тӱшка́
167,Kuh::N,tehén,ушка́л
168,Bulle::N,bika,ӱ́шкыж
169,Pferd::N,ló,и́мне
170,Schaf::N,juh,шо́рык
171,Schaf::N,birka,шо́рык
172,Schwein::N,sertés,сӧсна́
173,Hund::N,eb,пий
174,Hund::N,kutya,пий
175,Katze::N,macska,пы́рыс
176,Bär::N,medve,маска́
177,Eichhörnchen::N,mókus,ур
178,Elch::N,jávorszarvas,шо́рдо
179,Fuchs::N,róka,ры́выж
180,Hase::N,nyúl,мера́ҥ
181,Maus::N,egér,коля́
182,Wolf::N,farkas,пи́ре
183,Vogel::N,madár,ка́йык
184,Schwarm::N,raj,каша́к
185,Huhn::N,tyúk,чы́ве
186,Hahn::N,kakas,агыта́н
187,Gans::N,lúd,ко́мбо
188,Gans::N,liba,ко́мбо
189,Adler::N,sas,карагу́ш
190,Ente::N,kacsa,лу́до
191,Eule::N,bagoly,тумна́
192,Kranich::N,daru,турня́
193,Krähe::N,varjú,кора́к
194,Kuckuck::N,kakukk,куку́
195,Schwan::N,hattyú,йӱ́ксӧ
196,Fisch::N,hal,кол
197,Barsch::N,sügér,ола́ҥге
198,Hecht::N,csuka,нуж
199,Hecht::N,csuka,чорта́н
200,Schlange[Tier]::N,kígyó,ки́шке
201,Wurm::N,kukac,шукш
202,Spinne::N,pók,эҥыре́мыш
203,Ameise::N,hangya,ку́тко
204,Laus::N,tetű,тий
205,Mücke::N,szúnyog,шыҥа́
206,Fliege::N,légy,ка́рме
207,Schmetterling::N,lepke,лы́ве
208,Schmetterling::N,pillangó,лы́ве
209,Beere::N,bogyó,мӧр
210,Apfel::N,alma,олма́
211,Pilz::N,gomba,по́ҥго
212,Zwiebel::N,hagyma,шога́н
213,Saat::N,vetőmag,нӧ́шмӧ
214,Saat::N,vetőmag,туш
215,Korn::N,mag,шу́рно
216,Korn::N,szem,шу́рно
217,Heu::N,széna,шу́до
218,Schale::N,héj,шӱм
219,Grube::N,verem,выне́м
220,Falle::N,csapda,лӧ́дӧ
221,Schlinge::N,tőr,о́птыш
222,Schlinge::N,tőr,шӧрга́лтыш
223,Spur::N,nyom,кыша́
224,Asche::N,hamu,ло́мыж
225,Dreck::N,sár,лавыра́
226,Dreck::N,piszok,лавыра́
227,Eisen::N,vas,кӱ́ртньӧ
228,Gold::N,arany,шӧ́ртньӧ
229,Silber::N,ezüst,ший
230,Kohle::N,szén,мландышӱ́й
231,Glas::N,üveg,янда́
232,Lehm::N,agyag,шун
233,Lehm::N,vályog,шун
234,Sand::N,homok,ошма́
235,Mensch::N,ember,еҥ
236,Mensch::N,ember,айде́ме
237,Mann::N,úr,пӧръе́ҥ
238,Mann::N,férfi,пӧръе́ҥ
239,Frau::N,nő,ӱдырама́ш
240,Frau::N,asszony,ӱдырама́ш
241,Kind::N,gyerek,аза́
242,Kind::N,gyermek,аза́
243,Junge::N,fiú,рве́зе
244,Mädchen::N,lány,ӱдыра́ш
245,Familie::N,család,еш
246,Großvater::N,nagyapa,коча́
247,Großmutter::N,nagyanya,кова́
248,Eltern::N,szülők,ача́-ава́
249,Vater::N,apa,ача́
250,Vater::N,atya,ача́
251,Mutter::N,anya,ава́
252,Sohn::N,fiú,э́рге
253,Tochter::N,lány,ӱ́дыр
254,Bruder::N,fivér,иза́
255,Bruder::N,fivér,шо́льо
256,Bruder::N,testvér,иза́
257,Bruder::N,testvér,шо́льо
258,Schwester::N,nővér,ака́
259,Schwester::N,lánytestvér,ака́
260,Onkel::N,nagybácsi,иза́
261,Tante::N,nagynéni,кока́
262,Ehemann::N,férj,мари́й
263,Ehefrau::N,feleség,ва́те
264,Freude::N,öröm,куа́н
265,Freude::N,öröm,куаныма́ш
266,Gelächter::N,nevetés,во́штылтыш
267,Gelächter::N,hahotázás,во́штылтыш
268,Glück::N,boldogság,пиа́л
269,Kummer::N,bánat,о́йго
270,Wunsch::N,óhaj,ку́мыл
271,Lust::N,kedv,ку́мыл
272,Geist::N,elme,ӧрт
273,Geist::N,elme,чон
274,Geist::N,szellem,ӧрт
275,Geist::N,szellem,чон
276,Gedanke::N,gondolat,ой
277,Gedanke::N,gondolat,шоныма́ш
278,Gedächtnis::N,emlékezet,шарныма́ш
279,Verstand::N,ész,уш
280,Verstand::N,értelem,уш
281,Sinn::N,értelem,смысл
282,Grund::N,ok,ама́л
283,Grund::N,alap,ама́л
284,Wahrheit::N,igaz,чын
285,Wahrheit::N,igazság,чын
286,Gespräch::N,beszélgetés,мутланыма́ш
287,Märchen::N,mese,йома́к
288,Erzählung::N,elbeszélés,ойлыма́ш
289,Nachricht::N,hír,увертарыма́ш
290,Nachricht::N,híradás,увертарыма́ш
291,Neuigkeit::N,újság,уве́р
292,Name::N,név,лӱм
293,Rätsel::N,rejtvény,ту́што
294,Rede::N,beszéd,ойлыма́ш
295,Rede::N,szónoklat,ойлыма́ш
296,Sprache::N,nyelv,йы́лме
297,Stimme::N,hang,йӱк
298,Wort::N,szó,ой
299,Wort::N,szó,мут
300,Zeichen::N,jel,ти́ште
301,Zeichen::N,jel,знак
302,Ruf::N,kiáltás,ӱжма́ш
303,Lärm::N,zaj,лӱшкыма́ш
304,Lärm::N,zaj,йӱк-йӱа́н
305,Laut::N,hang,йӱк
306,Ton::N,hang,йӱксе́м
307,Lied::N,dal,му́ро
308,Lied::N,ének,му́ро
309,Ruhe::N,csend,ты́мык
310,Ruhe::N,nyugalom,ты́мык
311,Leute::N,emberek,еҥ-влак
312,Volk::N,nép,ка́лык
313,Arbeit::N,dolog,паша́
314,Gast::N,vendég,уна́
315,Geschenk::N,ajándék,пӧле́к
316,Spiel::N,játék,мо́дыш
317,Spiel::N,játék,модма́ш
318,Gesellschaft::N,társaság,тӱшка́
319,Hilfe::N,segítség,по́лыш
320,Freund::N,barát,таҥ
321,Freund::N,barát,йолта́ш
322,Kamerad::N,társ,таҥ
323,Angelegenheit::N,ügy,паша́
324,Anzahl::N,szám,чот
325,Art::N,faj,вид
326,Art::N,fajta,вид
327,Stück::N,darab,ка́тыш
328,Stück::N,darab,ла́стык
329,Teil::N,rész,ужа́ш
330,Hälfte::N,fél,пел
331,Hälfte::N,fél,пе́ле
332,Kreis::N,kör,ты́ртыш
333,Kreuz::N,kereszt,ыре́с
334,Linie::N,vonal,ли́ний
335,Strich::N,vonás,коре́ш
336,Abstand::N,köz,кокла́
337,Entfernung::N,távolság,тора́
338,Entfernung::N,távolság,ку́жыт
339,Gegend::N,táj,кунде́м
340,Gegend::N,vidék,кунде́м
341,Platz::N,hely,ку́мдык
342,Ort::N,hely,вер
343,Ort::N,hely,о́лмо
344,Seite::N,fél,ӧ́рдыж
345,Seite::N,oldal,ӧ́рдыж
346,Mitte::N,közép,покше́л
347,Gegenstand::N,tárgy,наста́
348,Sache::N,dolog,наста́
349,Rand::N,szél,тӱр
350,Rand::N,perem,тӱр
351,Rand::N,szegély,тӱр
352,Kante::N,él,тӱр
353,Ecke::N,sarok,лук
354,Ecke::N,szöglet,лук
355,Spitze::N,csúcs,вуй
356,Ende::N,vég,муча́ш
357,Loch::N,lyuk,рож
358,Winkel::N,szög,лук
359,Muster::N,minta,пеза́к
360,Muster::N,minta,узо́р
361,Muster::N,minta,ӱ́лгӧ
362,Größe::N,nagyság,кӱ́кшыт
363,Länge::N,hossz,ку́тыш
364,Länge::N,hosszúság,ку́тыш
365,Höhe::N,magasság,кӱ́кшыт
366,Gewicht::N,súly,не́лыт
367,Menge::N,sokaság,чот
368,Menge::N,mennyiség,чот
369,Haufen::N,halom,кы́шыл
370,Reihe::N,sor,рада́м
371,Boot::N,csónak,пуш
372,Ruder::N,evező,эшка́к
373,Schlitten::N,szánkó,тер
374,Schlitten::N,szánkó,изде́р
375,Ski::N,sí,е́че
376,Lagerfeuer::N,tábortűz,туло́то
377,Last::N,teher,нӧ́лтыш
378,Gang::N,járás,ошкылма́ш
379,Schritt::N,lépés,о́шкыл
380,Norden::N,észak,йӱдйыма́л
381,Süden::N,dél,кечывалве́л
382,Westen::N,nyugat,касве́л
383,Osten::N,kelet,эрве́л
384,Holz::N,fa,пу
385,Brett::N,deszka,оҥа́
386,Platte::N,lap,аста́р
387,Platte::N,lemez,аста́р
388,Stütze::N,támasz,чара́к
389,Stütze::N,támaszték,чара́к
390,Stange::N,rúd,лома́ш
391,Stange::N,pózna,лома́ш
392,Stock::N,pálca,тоя́
393,Stab::N,bot,вара́
394,Stab::N,bot,кашта́
395,Rohr::N,cső,пуч
396,Haus::N,ház,пӧрт
397,Heim::N,otthon,мӧ́ҥгӧ
398,Ofen::N,kályha,комака́
399,Fußboden::N,padló,кӱва́р
400,Tisch::N,asztal,ӱсте́л
401,Stuhl::N,szék,пӱке́н
402,Wiege::N,bölcső,шепка́
403,Bett::N,ágy,ва́кшыш
404,Regal::N,polc,шӧ́рлык
405,Regal::N,állvány,шӧ́рлык
406,Kiste::N,láda,шо́ндык
407,Kiste::N,láda,я́шлык
408,Fenster::N,ablak,окна́
409,Tür::N,ajtó,омса́
410,Tor::N,kapu,капка́
411,Zaun::N,kerítés,сава́р
412,Dach::N,tető,леве́дыш
413,Leiter::N,létra,тошка́лтыш
414,Besen::N,seprű,ӱштерво́штыр
415,Spaten::N,ásó,ко́льмо
416,Schaufel::N,lapát,сово́к
417,Schaufel::N,lapát,су́ско
418,Gabel::N,villa,ви́лке
419,Löffel::N,kanál,па́не
420,Löffel::N,kanál,совла́
421,Messer::N,kés,кӱ́зӧ
422,Nagel::N,szeg,пуда́
423,Netz::N,háló,вапш
424,Haken::N,kampó,са́гыле
425,Griff::N,nyél,кыл
426,Griff::N,fogantyú,кыл
427,Schloss::N,zár,кӧгӧ́н
428,Bild::N,kép,сӱре́т
429,Figur::N,alak,фигу́р
430,Puppe::N,bábu,курча́к
431,Beutel::N,zacskó,меша́к
432,Bündel::N,köteg,арша́ш
433,Tasche::N,táska,сумка́
434,Eimer::N,vödör,ведра́
435,Deckel::N,fedő,ко́мдыш
436,Deckel::N,fedél,ко́мдыш
437,Geschirr::N,edény,а́те
438,Sack::N,zsák,куль
439,Sack::N,zsák,меша́к
440,Tasse::N,csésze,чу́кыр
441,Tasse::N,csésze,чашка́
442,Topf::N,fazék,ми́ске
443,Kessel::N,üst,под
444,Kessel::N,bogrács,под
445,Essen::N,evés,ко́чкыш
446,Essen::N,étkezés,ко́чкыш
447,Nahrung::N,ennivaló,ку́рго
448,Speise::N,étel,ко́чкыш
449,Fleisch::N,hús,шыл
450,Getreide::N,gabona,шу́рно
451,Brei::N,pép,пу́чымыш
452,Brei::N,kása,пу́чымыш
453,Brot::N,kenyér,ки́нде
454,Scheibe::N,szelet,ка́тыш
455,Fett::N,háj,коя́
456,Fett::N,zsír,коя́
457,Butter::N,vaj,ӱй
458,Öl::N,olaj,ӱй
459,Salz::N,só,шинча́л
460,Suppe::N,leves,шӱр
461,Honig::N,méz,мӱй
462,Milch::N,tej,шӧр
463,Tee::N,tea,чай
464,Leder::N,bőr,сура́н
465,Leder::N,bőr,шӱ́штӧ
466,Wolle::N,gyapjú,пун
467,Stoff::N,szövet,куэ́м
468,Stoff::N,szövet,посто́
469,Nadel::N,tű,и́ме
470,Faden::N,fonál,шӱ́ртӧ
471,Knopf::N,gomb,по́лдыш
472,Knoten::N,csomó,пышке́м
473,Farbe::N,szín,чия́
474,Farbe::N,festék,чия́
475,Kleidung::N,ruha,чие́м
476,Kleidung::N,ruha,вурге́м
477,Kleidung::N,ruházat,чие́м
478,Kleidung::N,ruházat,вурге́м
479,Hemd::N,ing,ту́выр
480,Kragen::N,gallér,сога́
481,Ärmel::N,ujj,шокш
482,Hose::N,gatya,йола́ш
483,Hose::N,nadrág,йола́ш
484,Gürtel::N,öv,ӱ́штӧ
485,Mütze::N,sapka,упш
486,Schuh::N,cipő,боти́нке
487,Stiefel::N,csizma,кем
488,Ring::N,gyűrű,шерга́ш
489,Band::N,szalag,тасма́
490,Band::N,szalag,ле́нте
491,Kamm::N,fésű,шерге́
492,Spiegel::N,tükör,вошто́нчыш
493,Riemen::N,szíj,кӱзанӱ́штӧ
494,Schnur::N,zsinór,кере́м
495,Schnur::N,zsinór,кандыра́
496,Leine::N,póráz,вӱра́ҥ
497,Decke::N,takaró,леве́дыш
498,Decke::N,takaró,одея́л
499,Kissen::N,párna,кӱ́пчык
500,Tuch::N,kendő,шо́выч
501,Handtuch::N,törülköző,со́лык
502,Kraft::N,erő,вий
503,Kraft::N,erő,куа́т
504,Stärke::N,erő,куа́т
505,Stärke::N,erő,карма́н
506,Stärke::N,erősség,куа́т
507,Stärke::N,erősség,карма́н
508,Gesundheit::N,egészség,таза́лык
509,Krankheit::N,kór,чер
510,Krankheit::N,betegség,чер
511,Schmerz::N,fájdalom,ко́рштыш
512,Wunde::N,seb,су́сыр
513,Fieber::N,láz,йӱштыму́ж
514,Fieber::N,láz,лихора́дке
515,Arznei::N,orvosság,эм
516,Arznei::N,gyógyszer,эм
517,Brücke::N,híd,кӱва́р
518,Brunnen::N,kút,вӱдвыне́м
519,Weide::N,legelő,нурше́р
520,Pfad::N,ösvény,йолго́рно
521,Pfad::N,ösvény,сокма́к
522,Weg::N,út,ко́рно
523,Straße::N,út,ко́рно
524,Dorf::N,falu,ял
525,Stadt::N,város,ола́
526,Brief::N,levél,се́рыш
527,Buch::N,könyv,книга́
528,Buchstabe::N,betű,буква́
529,Zeitung::N,újság,газе́т
530,Zeitung::N,hírlap,газе́т
531,Leben::N,élet,и́лыш
532,Tod::N,halál,колыма́ш
533,Grab::N,sír,шӱга́р
534,Kirche::N,templom,че́рке
535,Sünde::N,bűn,су́лык
536,Sünde::N,vétek,су́лык
537,Gott::N,isten,ю́мо
538,Arbeiter::N,munkás,паша́зе
539,Chef::N,főnök,тӧра́
540,Meister::N,mester,маста́р
541,Arzt::N,orvos,врач
542,Lehrer::N,tanár,ту́ныктышо
543,Lehrer::N,tanító,ту́ныктышо
544,Geld::N,pénz,окса́
545,Geschäft::N,üzlet,сатулыма́ш
546,Laden::N,bolt,ке́выт
547,Preis::N,ár,ак
548,Ware::N,áru,сату́
549,Nutzen::N,haszon,пайда́
550,Reichtum::N,gazdagság,поя́нлык
551,Welt::N,világ,тӱня́
552,Land::N,ország,эл
553,Staat::N,állam,кугыжа́ныш
554,König::N,király,кугыжа́
555,Macht::N,hatalom,власть
556,Grenze::N,határ,грани́ца
557,Krieg::N,háború,сар
558,Feind::N,ellenség,тушма́н
559,Gewalt::N,erőszak,виешлыма́ш
560,Kampf::N,harc,кредалма́ш
561,Bogen[Waffe]::N,íj,юҥе́ж
562,Pfeil::N,nyíl,пикш
563,Gewehr::N,puska,пыча́л
564,Gewehr::N,fegyver,пыча́л
565,Fehler::N,hiba,йо́ҥылыш
566,Lüge::N,hazugság,шоя́к
567,Schaden::N,kár,зия́н
568,Unglück::N,csapás,эҥге́к
569,Unglück::N,balszerencse,эҥге́к
570,Schuld::N,bűn,тита́к
571,Schuld::N,bűn,йола́
572,Alter::N,kor,ийго́т
573,Schluss::N,vég,муча́ш
574,Schluss::N,befejezés,муча́ш
575,Zeit::N,idő,жап
576,Zeit::N,idő,па́гыт
577,Tag::N,nap,ке́че
578,Morgen::N,reggel,эр
579,Mittag::N,dél,кечыва́л
580,Abend::N,este,кас
581,Nacht::N,éj,йӱд
582,Nacht::N,éjszaka,йӱд
583,Woche::N,hét,арня́
584,Monat::N,hó,ты́лзе
585,Monat::N,hónap,ты́лзе
586,Jahr::N,év,ий
587,Frühling::N,tavasz,шо́шо
588,Sommer::N,nyár,кеҥе́ж
589,Herbst::N,ősz,шы́же
590,Winter::N,tél,те́ле
591,Januar::N,január,шоркыйол
592,Januar::N,január,идалыкву́й
593,Januar::N,január,янва́рь
594,Februar::N,február,пургыж
595,Februar::N,február,февра́ль
596,März::N,március,ӱярня
597,März::N,március,март
598,April::N,április,апре́ль
599,Mai::N,május,ага
600,Mai::N,május,май
601,Juni::N,június,пеледыш
602,Juni::N,június,ию́нь
603,Juli::N,július,сӱрем
604,Juli::N,július,ию́ль
605,August::N,augusztus,сорла
606,August::N,augusztus,агарма́н
607,August::N,augusztus,а́вгуст
608,September::N,szeptember,идым
609,September::N,szeptember,сентя́брь
610,Oktober::N,október,шыжа
611,Oktober::N,október,октя́брь
612,November::N,november,кылме тылзе
613,November::N,november,ноя́брь
614,Dezember::N,december,дека́брь
615,Montag::N,hétfő,шо́чмо
616,Dienstag::N,kedd,ку́шкыжмо
617,Mittwoch::N,szerda,вӱрге́че
618,Donnerstag::N,csütörtök,изарня́
619,Freitag::N,péntek,кугарня́
620,Samstag::N,szombat,шуматке́че
621,Sonntag::N,vasárnap,рушарня́
622,groß::A,nagy,кугу́
623,klein::A,pici,изи́
624,klein::A,kicsi,изи́
625,lang::A,hosszú,кужу́
626,kurz::A,rövid,кӱ́чык
627,breit::A,széles,кумда́
628,schmal::A,keskeny,а́ҥысыр
629,dicht::A,sűrű,ну́гыдо
630,dick[Gegenstand]::A,vastag,кӱ́жгӧ
631,dünn::A,vékony,ви́чкыж
632,fein::A,vékony,ты́гыде
633,fest::A,szilárd,чо́ткыдо
634,flach::A,sík,лапка́
635,flach::A,lapos,лапка́
636,glatt::A,sima,яклака́
637,hart::A,kemény,пе́ҥгыде
638,weich::A,puha,пу́шкыдо
639,rund::A,kerek,йырге́шке
640,spitz::A,hegyes,коша́р
641,scharf::A,éles,пӱ́сӧ
642,stumpf::A,tompa,токма́к
643,stumpf::A,életlen,токма́к
644,schwer::A,nehéz,не́ле
645,schwer::A,súlyos,не́ле
646,schön::A,szép,сы́лне
647,heiß::A,forró,шо́кшо
648,warm::A,meleg,ле́ве
649,kalt::A,hideg,йӱ́штӧ
650,kühl::A,hűs,юа́лге
651,kühl::A,hűs,южгата́
652,kühl::A,hűvös,юа́лге
653,kühl::A,hűvös,южгата́
654,frisch::A,üde,свежа́
655,frisch::A,friss,свежа́
656,feucht::A,nedves,вӱ́дыжгӧ
657,nass::A,vizes,нӧ́рӧ
658,trocken::A,száraz,ку́кшо
659,voll::A,telt,тич
660,leer::A,üres,яра́
661,offen::A,nyílt,виш
662,offen::A,nyitott,виш
663,geschlossen::A,zárt,пе́тырыме
664,geschlossen::A,zárt,тӱ́чмӧ
665,geschlossen::A,csukott,пе́тырыме
666,geschlossen::A,csukott,тӱ́чмӧ
667,sauber::A,tiszta,ару́
668,sauber::A,tiszta,янда́р
669,schmutzig::A,piszkos,лавыра́н
670,schmutzig::A,piszkos,ла́выргыше
671,schmutzig::A,szennyes,лавыра́н
672,schmutzig::A,szennyes,ла́выргыше
673,roh::A,nyers,кӱ́чымӧ
674,reif::A,érett,лӧза́
675,lecker::A,finom,ту́тло
676,süß::A,édes,ше́ре
677,bitter::A,keserű,ко́чо
678,sauer::A,savanyú,шо́по
679,hell::A,világos,во́лгыдо
680,dunkel::A,sötét,пычке́мыш
681,schwarz::A,fekete,шола́
682,weiß::A,fehér,ош
683,rot::A,vörös,йошка́р
684,gelb::A,sárga,сар
685,blau::A,kék,ка́нде
686,grün::A,zöld,ужа́р
687,grau::A,ősz,сур
688,grau::A,szürke,сур
689,bunt::A,tarka,олача́
690,bunt::A,színes,олача́
691,billig::A,olcsó,шу́лдо
692,teuer::A,drága,ше́рге
693,wertvoll::A,értékes,шергака́н
694,blind::A,vak,со́кыр
695,taub::A,süket,соҥгыра́
696,kräftig::A,erős,куа́тле
697,stark::A,erős,вия́н
698,schwach::A,gyenge,а́лдыме
699,schwach::A,erőtlen,а́лдыме
700,fett::A,hájas,коя́
701,schlank::A,karcsú,йоштката́
702,schlank::A,karcsú,яжу́
703,hübsch::A,csinos,чеве́р
704,böse::A,rossz,шы́де
705,böse::A,gonosz,шы́де
706,dumm::A,buta,аҥыра́
707,dumm::A,ostoba,аҥыра́
708,faul::A,lusta,його
709,fleißig::A,szorgalmas,ты́ршыше
710,geizig::A,fukar,чаҥга́
711,geizig::A,fösvény,чаҥга́
712,klug::A,okos,уша́н
713,klug::A,eszes,уша́н
714,geschickt::A,ügyes,уста́
715,lieb::A,drága,ала́л
716,lieb::A,kedves,ала́л
717,lustig::A,víg,весела́
718,lustig::A,vidám,весела́
719,sanft::A,enyhe,ны́жылге
720,hungrig::A,éhes,шу́жышо
721,krank::A,beteg,че́рле
722,nackt::A,csupasz,чарама́т
723,nackt::A,meztelen,чарама́т
724,traurig::A,bús,ойга́н
725,traurig::A,szomorú,ойга́н
726,lebendig::A,élő,и́лыше
727,gut::A,jó,сай
728,schlecht::A,rossz,уда́
729,schlecht::A,rossz,шӱ́кшӧ
730,richtig::A,helyes,чы́нле
731,schlimm::A,rossz,аля́к
732,schlimm::A,rossz,тыра́н
733,wahr::A,igaz,чы́нле
734,wahr::A,igaz,настоя́щий
735,alt::A,ó,то́што
736,alt::A,régi,то́што
737,neu::A,új,у
738,ehemalig::A,volt,о́нчычсо
739,ehemalig::A,volt,онда́кысе
740,ehemalig::A,egykori,о́нчычсо
741,ehemalig::A,egykori,онда́кысе
742,alt[Lebewesen]::A,öreg,шо́нто
743,jung::A,fiatal,са́мырык
744,arm::A,szegény,нужна́
745,reich::A,gazdag,поя́н
746,bekannt::A,ismert,па́лыме
747,bekannt::A,ismeretes,па́лыме
748,berühmt::A,híres,лӱ́млӧ
749,fremd::A,idegen,йот
750,verschieden::A,különböző,тӱ́рлӧ
751,nah::A,közeli,ли́шыл
752,fern::A,távoli,тора́
753,fern::A,távoli,мӱ́ндыр
754,linker::A,bal,шола́
755,rechter::A,jobb,пурла́
756,anderer::A,más,вес
757,anderer::A,más,мо́ло
758,anderer::A,másik,вес
759,anderer::A,másik,мо́ло
760,erster::A,első,и́кымше
761,zweiter::A,második,ко́кымшо
762,dritter::A,harmadik,ку́мшо
763,letzter::A,utolsó,пыта́ртыш
764,allein::ADV,egyedül,шкет
765,auf einmal::ADV,egyszerre,икана́ште
766,zusammen::ADV,együtt,пырля́
767,zusammen::ADV,összesen,пырля́
768,lange::ADV,sokáig,кужу́н
769,lange::ADV,hosszan,кужу́н
770,plötzlich::ADV,hirtelen,кенета́
771,plötzlich::ADV,egyszerre,кенета́
772,sofort::ADV,rögtön,кызыта́к
773,sofort::ADV,tüstént,кызыта́к
774,später::ADV,későn,варара́к
775,jetzt::ADV,most,ы́нде
776,jetzt::ADV,most,кы́зыт
777,heute::ADV,ma,та́че
778,morgen::ADV,holnap,эрла́
779,bald::ADV,majd,вашке́
780,bald::ADV,nemsokára,вашке́
781,dann::ADV,akkor,вара́
782,gestern::ADV,tegnap,теҥге́че
783,einst::ADV,hajdan,икана́
784,damals::ADV,akkor,туна́м
785,damals::ADV,akkoriban,туна́м
786,danach::ADV,azután,вара́
787,vorher::ADV,előbb,о́нчыч
788,zuerst::ADV,először,онда́к
789,einmal::ADV,egyszer,икана́
790,manchmal::ADV,néha,ка́шын
791,manchmal::ADV,néha,кокла́н
792,manchmal::ADV,olykor,ка́шын
793,manchmal::ADV,olykor,кокла́н
794,oft::ADV,sokszor,чӱ́чкыдын
795,immer::ADV,mindig,эре́
796,immer::ADV,mindig,ту́тыш
797,niemals::ADV,sohasem,ок нигуна́м
798,hier::ADV,itt,ты́ште
799,hierhin::ADV,erre,ты́шке
800,hierhin::ADV,erre,тыш
801,von hier::ADV,innen,тыше́ч
802,von hier::ADV,innen,тыве́ч
803,dort::ADV,ott,ту́што
804,dorthin::ADV,oda,туш
805,dorthin::ADV,oda,ту́шко
806,geradeaus::ADV,egyenesen,вик
807,vorwärts::ADV,előre,о́нчыко
808,rückwärts::ADV,hátrafelé,шеҥге́к
809,zurück::ADV,hátra,мӧҥге́ш
810,zurück::ADV,vissza,мӧҥге́ш
811,unten::ADV,alul,ӱ́лнӧ
812,unten::ADV,alul,йыма́лне
813,hinab::ADV,le,йыма́к
814,hinab::ADV,lefelé,йыма́к
815,oben::ADV,fenn,кӱ́шнӧ
816,oben::ADV,fenn,ӱмба́лне
817,oben::ADV,felül,кӱ́шнӧ
818,oben::ADV,felül,ӱмба́лне
819,hinauf::ADV,fel,кӱ́ш
820,hinauf::ADV,fel,кӱ́шкӧ
821,hinauf::ADV,felfelé,кӱ́ш
822,hinauf::ADV,felfelé,кӱ́шкӧ
823,überall::ADV,mindenütt,чыла́ вере́
824,nicht::ADV,nem,ок
825,nicht::ADV,nem,о́геш
826,ein wenig::ADV,egy kicsit,изи́ш
827,kaum::ADV,alig,пыкше́
828,sehr::ADV,nagyon,чот
829,so::ADV,úgy,тыге́
830,noch::ADV,még,а́ле
831,nur::ADV,csak,гына́
832,nur::ADV,csupán,гына́
833,schon::ADV,már,ы́нде
834,wieder::ADV,ismét,ада́к
835,wieder::ADV,megint,ада́к
836,vergebens::ADV,hiába,ара́м
837,vor::PRP,előtt,о́нчыч
838,hinter::PRP,mögött,шеҥге́лне
839,unter::PRP,alatt,йыма́лне
840,durch::PRP,át,вошт
841,durch::PRP,keresztül,вошт
842,neben::PRP,mellett,вокте́н
843,zwischen::PRP,között,кокла́ште
844,wegen::PRP,miatt,верч
845,wegen::PRP,végett,верч
846,dies::PRN,ez,ти́де
847,das::PRN,az,са́де
848,alles::PRN,minden,чыла́
849,ich::PRN,én,мый
850,du::PRN,te,тый
851,er::PRN,ő,ту́до
852,wir::PRN,mi,ме
853,ihr::PRN,ti,те
854,sie::PRN,ők,ну́но
855,was::FPRN,mi,мо
856,wer::FPRN,ki,кӧ
857,wo::FADV,hol,куша́н
858,wohin::FADV,hova,куш
859,wohin::FADV,hova,ку́шко
860,wie::FADV,hogy,кузе́
861,wie::FADV,hogyan,кузе́
862,warum::FADV,miért,мо
863,warum::FADV,miért,мола́н
864,wieviel::FNUM,hány,куна́р
865,wieviel::FNUM,mennyi,куна́р
866,eins::NUM,egy,ик
867,zwei::NUM,kettő,ко́кыт
868,drei::NUM,három,кум
869,vier::NUM,négy,ныл
870,fünf::NUM,öt,вич
871,sechs::NUM,hat,куд
872,sieben::NUM,hét,шым
873,acht::NUM,nyolc,канда́ш
874,neun::NUM,kilenc,инде́ш
875,zehn::NUM,tíz,лу
876,elf::NUM,tizenegy,лати́к
877,zwölf::NUM,tizenkettő,латко́к
878,zwanzig::NUM,húsz,ко́ло
879,dreißig::NUM,harminc,ку́мло
880,vierzig::NUM,negyven,ны́лле
881,fünfzig::NUM,ötven,ви́тле
882,sechzig::NUM,hatvan,ку́дло
883,siebzig::NUM,hetven,шы́мле
884,achtzig::NUM,nyolcvan,канда́шле
885,neunzig::NUM,kilencven,инде́шле
886,hundert::NUM,száz,шӱ́дӧ
887,tausend::NUM,ezer,тӱже́м
888,und::CNJ,és,да
889,und::CNJ,és,ден
890,und::CNJ,meg,да
891,und::CNJ,meg,ден
892,oder::CNJ,vagy,я
893,oder::CNJ,vagy,а́ле
894,stehen::V,áll,шога́ш
895,sitzen::V,ül,шинча́ш
896,liegen::V,fekszik,кия́ш
897,hängen::V,függ,кеча́ш
898,werden::V,lesz,лия́ш
899,passieren::V,történik,лия́ш
900,beginnen::V,kezdődik,тӱҥгала́ш
901,enden::V,végződik,пыта́ш
902,enden::V,befejeződik,пыта́ш
903,wechseln::V,változik,вашталта́ш
904,aufgehen[Sonne]::V,kel,лекта́ш
905,untergehen[Sonne]::V,lemegy,шинча́ш
906,scheinen[Sonne]::V,süt,волгалта́ш
907,donnern::V,dörög,кӱдырта́ш
908,donnern::V,dörög,сургалта́ш
909,wehen::V,fúj,пуа́ш
910,strömen::V,áramlik,шийалтара́ш
911,fließen::V,folyik,йога́ш
912,sich drehen::V,forog,пӧрда́ш
913,schwanken::V,inog,лӱҥга́ш
914,schwanken::V,inog,тайныла́ш
915,schwanken::V,ingadozik,лӱҥга́ш
916,schwanken::V,ingadozik,тайныла́ш
917,schwingen::V,leng,рӱпшалта́ш
918,fallen::V,esik,воза́ш
919,fallen::V,esik,йӧрла́ш
920,brennen::V,ég,йӱла́ш
921,rauchen::V,füstöl,шикша́ш
922,regnen::V,esik,йӱра́ш
923,gefrieren::V,megfagy,кылма́ш
924,gefrieren::V,megfagy,ияҥа́ш
925,tauen::V,olvad,шула́ш
926,schmelzen::V,olvad,лева́ш
927,schmelzen::V,elolvad,лева́ш
928,trocknen::V,szárad,кошка́ш
929,sieden::V,forr,шола́ш
930,faulen::V,rothad,шӱя́ш
931,verfaulen::V,elrothad,шӱйы́н шуа́ш
932,verfaulen::V,megrothad,шӱйы́н шуа́ш
933,reißen::V,szakad,кӱрла́ш
934,versinken::V,süllyed,пуре́н кая́ш
935,versinken::V,elsüllyed,пуре́н кая́ш
936,vergehen::V,múlik,эрте́н кая́ш
937,vergehen::V,elmúlik,эрте́н кая́ш
938,erscheinen::V,feltűnik,толы́н лекта́ш
939,erscheinen::V,megjelenik,толы́н лекта́ш
940,verschwinden::V,letűnik,йома́ш
941,sinken::V,süllyed,пуча́ш
942,abnehmen::V,apad,пуча́ш
943,abnehmen::V,csökken,пуча́ш
944,zunehmen::V,növekszik,шукема́ш
945,zunehmen::V,gyarapszik,шукема́ш
946,steigen::V,emelkedik,нӧлталта́ш
947,wachsen::V,nő,кушка́ш
948,wachsen::V,terem,кушка́ш
949,wachsen::V,növekszik,кушка́ш
950,glänzen::V,ragyog,йылгыжа́ш
951,glänzen::V,fénylik,йылгыжа́ш
952,funkeln::V,csillog,чолга́ш
953,funkeln::V,tündöklik,чолга́ш
954,lärmen::V,lármázik,рӱшка́ш
955,läuten::V,cseng,мура́ш
956,klingeln::V,csenget,йыҥгырта́ш
957,klirren::V,csörömpöl,чылдыртата́ш
958,brausen::V,zúg,лӱшка́ш
959,brausen::V,morajlik,лӱшка́ш
960,rauschen::V,zúg,лыжга́ш
961,klingen::V,hangzik,йоҥга́ш
962,bellen::V,ugat,опта́ш
963,heulen::V,bőg,урмыжа́ш
964,heulen::V,üvölt,урмыжа́ш
965,blasen::V,fúj,пуала́ш
966,pfeifen::V,fütyül,шӱ́шкаш
967,schreien::V,kiált,кычкыра́ш
968,schreien::V,kiabál,кычкыра́ш
969,stöhnen::V,nyög,йыҥыса́ш
970,zittern::V,remeg,чытыра́ш
971,zittern::V,reszket,чытыра́ш
972,leben::V,él,ила́ш
973,geboren werden::V,születik,шоча́ш
974,atmen::V,lélegzik,шӱла́ш
975,trinken::V,iszik,йӱа́ш
976,essen::V,eszik,кочка́ш
977,schlucken::V,nyel,нела́ш
978,müde werden::V,elfárad,ноя́ш
979,müde werden::V,kifárad,ноя́ш
980,einschlafen::V,elalszik,мале́н колта́ш
981,schlafen::V,alszik,мала́ш
982,aufwachen::V,felébred,помыжалта́ш
983,aufstehen::V,felkel,кынела́ш
984,sich erholen::V,pihen,кана́ш
985,krank werden::V,megbetegedik,черлане́н воза́ш
986,krank werden::V,belebetegszik,черлане́н воза́ш
987,krank sein::V,betegeskedik,черлане́н кия́ш
988,schmerzen::V,fáj,коршта́ш
989,husten::V,köhög,кокыра́ш
990,genesen::V,meggyógyul,тӱрла́ш
991,genesen::V,meggyógyul,тазаҥа́ш
992,sterben::V,hal,кола́ш
993,umkommen::V,elpusztul,вуй йома́ш
994,sich bewegen::V,mozog,кошта́ш
995,sich rühren::V,mozdul,тарвана́ш
996,sich erheben::V,feláll,кынела́ш
997,sich erheben::V,felemelkedik,кынела́ш
998,sich setzen::V,ül,шинча́ш
999,sich setzen::V,leül,шинча́ш
1000,hinfallen::V,bukik,йӧрла́ш
1001,hinfallen::V,elesik,йӧрла́ш
1002,laufen::V,jár,кошта́ш
1003,schreiten::V,lép,ошкыла́ш
1004,spazierengehen::V,sétál,гуля́яш
1005,eilen::V,siet,вашка́ш
1006,sich beeilen::V,siet,вашкешта́ш
1007,sausen::V,robog,юлтка́ш
1008,rennen::V,fut,куржтала́ш
1009,rennen::V,szalad,куржтала́ш
1010,springen::V,ugrik,тӧршта́ш
1011,klettern::V,kúszik,кӱза́ш
1012,schaukeln::V,hintázik,лӱҥгалта́ш
1013,kriechen::V,kúszik,нушка́ш
1014,schwimmen::V,úszik,ия́ш
1015,tauchen::V,merül,шуҥгалта́ш
1016,rudern::V,evez,удыра́ш
1017,fahren::V,jár,кудала́ш
1018,fahren::V,megy,кудала́ш
1019,fahren::V,utazik,кудала́ш
1020,fliegen::V,száll,чоҥешта́ш
1021,gehen::V,megy,кая́ш
1022,weggehen::V,elmegy,кораҥа́ш
1023,abfahren::V,indul,лекта́ш
1024,anhalten::V,megáll,чарна́ш
1025,hineingehen::V,bemegy,пура́ш
1026,eintreten::V,belép,пура́ш
1027,kommen::V,jön,тола́ш
1028,ankommen::V,érkezik,шуа́ш
1029,ankommen::V,megérkezik,шуа́ш
1030,zurückkommen::V,visszajön,пӧртыла́ш
1031,bleiben::V,marad,кода́ш
1032,bleiben::V,megmarad,кода́ш
1033,warten::V,vár,вуча́ш
1034,warten::V,várakozik,вуча́ш
1035,erwarten::V,vár,вуча́ш
1036,erwarten::V,megvár,вуча́ш
1037,suchen::V,kutat,кычала́ш
1038,finden::V,talál,муа́ш
1039,versuchen::V,megpróbál,толаша́ш
1040,versuchen::V,megkísérel,толаша́ш
1041,vorbereiten::V,előkészít,ямдыла́ш
1042,lieben::V,szeret,йӧрата́ш
1043,mögen::V,szeret,йӧрата́ш
1044,lachen::V,nevet,воштыла́ш
1045,rühren::V,mozdít,ку́мыл тарвата́ш
1046,weinen::V,sír,шорта́ш
1047,schimpfen::V,szid,каргаша́ш
1048,schimpfen::V,szitkozódik,каргаша́ш
1049,sich ärgern::V,mérgelődik,сыра́ш
1050,sich ärgern::V,bosszankodik,сыра́ш
1051,sich fürchten::V,fél,лӱда́ш
1052,sich fürchten::V,retteg,лӱда́ш
1053,fürchten::V,fél,лӱда́ш
1054,fliehen::V,menekül,куржа́ш
1055,flüchten::V,elmenekül,куржа́ш
1056,sehen::V,néz,ужа́ш
1057,anschauen::V,megnéz,онча́ш
1058,ansehen::V,néz,эскера́ш
1059,ansehen::V,ránéz,эскера́ш
1060,ansehen::V,megnéz,эскера́ш
1061,hören::V,hall,кола́ш
1062,zuhören::V,hallgat,колышта́ш
1063,zuhören::V,meghallgat,колышта́ш
1064,probieren::V,kóstol,тамла́ш
1065,probieren::V,megkóstol,тамла́ш
1066,riechen::V,szagol,ӱпшынча́ш
1067,fühlen::V,érez,шижа́ш
1068,scheinen::V,tűnik,чуча́ш
1069,scheinen::V,látszik,чуча́ш
1070,zu sehen sein::V,mutatkozik,коя́ш
1071,vernehmen::V,hall,кола́ш
1072,frieren::V,fázik,кылма́ш
1073,tun::V,csinál,ышта́ш
1074,tun::V,cselekszik,ышта́ш
1075,können::V,tud,мошта́ш
1076,wollen::V,akar,тӱна́ш
1077,anfangen::V,kezd,тӱҥала́ш
1078,beenden::V,befejez,пытара́ш
1079,aufhören::V,megszűnik,чарна́ш
1080,gelingen::V,sikerül,сай лекта́ш
1081,geraten::V,kerül,лекта́ш
1082,geraten::V,jut,лекта́ш
1083,öffnen::V,nyit,поча́ш
1084,öffnen::V,kinyit,поча́ш
1085,schließen::V,csuk,петыра́ш
1086,schließen::V,becsuk,петыра́ш
1087,stellen::V,állít,шында́ш
1088,stellen::V,helyez,шында́ш
1089,setzen::V,ültet,шында́ш
1090,setzen::V,helyez,шында́ш
1091,legen::V,tesz,опта́ш
1092,legen::V,tesz,пышта́ш
1093,legen::V,fektet,опта́ш
1094,legen::V,fektet,пышта́ш
1095,berühren::V,érint,тӱка́ш
1096,verbinden::V,beköt,пида́ш
1097,verbinden::V,összeköt,пида́ш
1098,bedecken::V,betakar,леведа́ш
1099,bedecken::V,beborít,леведа́ш
1100,aufhängen::V,felakaszt,сака́ш
1101,anzünden::V,gyújt,чӱкта́ш
1102,anzünden::V,meggyújt,чӱкта́ш
1103,aufheben::V,felemel,нӧлтала́ш
1104,zurücklassen::V,hátrahagy,кода́ш
1105,verlieren::V,veszít,йомдара́ш
1106,verlieren::V,elveszít,йомдара́ш
1107,fallen lassen::V,elejt,воза́ш
1108,machen::V,tesz,ышта́ш
1109,machen::V,csinál,ышта́ш
1110,herstellen::V,gyárt,ямдыла́ш
1111,herstellen::V,előállít,ямдыла́ш
1112,bauen::V,épít,чоҥа́ш
1113,reparieren::V,javít,ачала́ш
1114,reparieren::V,kijavít,ачала́ш
1115,reparieren::V,megjavít,ачала́ш
1116,verbessern::V,megjavít,саемда́ш
1117,ändern::V,változtat,весемда́ш
1118,ändern::V,megváltoztat,весемда́ш
1119,graben::V,ás,кӱнча́ш
1120,beugen::V,meghajt,пӱгырта́ш
1121,biegen::V,hajlít,лывырта́ш
1122,drehen::V,forgat,пӱтыра́ш
1123,wenden::V,fordít,ирала́ш
1124,wenden::V,megfordít,ирала́ш
1125,umdrehen::V,megfordít,савырала́ш
1126,umdrehen::V,megforgat,савырала́ш
1127,heben::V,emel,нӧлта́ш
1128,hochheben::V,felemel,нӧлта́ш
1129,ergreifen::V,megfog,руалта́ш
1130,halten::V,tart,куча́ш
1131,drücken::V,nyom,иша́ш
1132,drücken::V,nyom,темда́ш
1133,drücken::V,megnyom,иша́ш
1134,drücken::V,megnyom,темда́ш
1135,schieben::V,tol,шӱкала́ш
1136,kratzen::V,vakar,удыра́ш
1137,lecken::V,nyal,нула́ш
1138,beißen::V,harap,пура́ш
1139,abreißen::V,letép,кӱрла́ш
1140,abschneiden::V,levág,пӱчка́ш
1141,binden::V,köt,кылда́ш
1142,binden::V,kötöz,кылда́ш
1143,stecken::V,dug,шуралта́ш
1144,brechen::V,tör,тодышта́ш
1145,brechen::V,eltör,тодышта́ш
1146,klopfen::V,kopogtat,кыра́ш
1147,hauen::V,vág,тӱя́ш
1148,hauen::V,levág,тӱя́ш
1149,kleben::V,tapaszt,клеитла́ш
1150,reiben::V,dörzsöl,йыга́ш
1151,reiben::V,dörzsöl,туржала́ш
1152,reiben::V,súrol,йыга́ш
1153,reiben::V,súrol,туржала́ш
1154,streichen::V,simít,шӱра́ш
1155,schleifen::V,fen,шума́ш
1156,schleifen::V,fen,яна́ш
1157,schleifen::V,csiszol,шума́ш
1158,schleifen::V,csiszol,яна́ш
1159,schleifen::V,köszörül,шума́ш
1160,schleifen::V,köszörül,яна́ш
1161,schneiden::V,vág,пӱчка́ш
1162,schneiden::V,szel,пӱчка́ш
1163,schneiden::V,metsz,пӱчка́ш
1164,rütteln::V,ráz,рӱза́ш
1165,schütteln::V,ráz,почка́ш
1166,schütteln::V,megráz,почка́ш
1167,schwenken::V,lóbál,рӱза́ш
1168,schwenken::V,lobogtat,рӱза́ш
1169,schütten::V,önt,опта́ш
1170,füllen::V,tölt,тема́ш
1171,füllen::V,megtölt,тема́ш
1172,einwickeln::V,becsavar,вӱдыла́ш
1173,tragen::V,hord,нумала́ш
1174,schleppen::V,vonszol,шӱдыра́ш
1175,ziehen::V,húz,шупша́ш
1176,aufbewahren::V,megőriz,арала́ш
1177,werfen::V,dob,шуа́ш
1178,werfen::V,dob,кышка́ш
1179,werfen::V,hajít,шуа́ш
1180,werfen::V,hajít,кышка́ш
1181,fangen::V,fog,куча́ш
1182,packen::V,megragad,руалта́ш
1183,verstecken::V,eldug,тоя́ш
1184,verstecken::V,elrejt,тоя́ш
1185,teilen::V,oszt,пӧла́ш
1186,teilen::V,megoszt,пӧла́ш
1187,schicken::V,küld,колта́ш
1188,bringen::V,hoz,конда́ш
1189,bringen::V,visz,конда́ш
1190,hinzufügen::V,hozzáad,ешара́ш
1191,bekommen::V,kap,нала́ш
1192,bekommen::V,megkap,нала́ш
1193,erhalten::V,kap,нала́ш
1194,erhalten::V,megkap,нала́ш
1195,nehmen::V,vesz,нала́ш
1196,wählen::V,választ,сайла́ш
1197,auswählen::V,kiválaszt,таҥгла́ш
1198,bewahren::V,megtart,сакла́ш
1199,behindern::V,akadályoz,чаракла́ш
1200,behindern::V,gátol,чаракла́ш
1201,verderben::V,elront,пужа́ш
1202,beschädigen::V,rongál,пужа́ш
1203,zerbrechen::V,eltör,пудырта́ш
1204,zerbrechen::V,széttör,пудырта́ш
1205,zerbrechen::V,kettétör,пудырта́ш
1206,zerreißen::V,eltép,кӱрла́ш
1207,zerreißen::V,széttép,кӱрла́ш
1208,zerstören::V,elpusztít,шалата́ш
1209,verbrennen::V,éget,йӱлата́ш
1210,verbrennen::V,eléget,йӱлата́ш
1211,geben::V,ad,пуа́ш
1212,reichen::V,nyújt,пуа́ш
1213,schenken::V,ajándékoz,пӧлекла́ш
1214,versprechen::V,ígér,сӧра́ш
1215,wünschen::V,kíván,тылана́ш
1216,loben::V,dicsér,мокта́ш
1217,küssen::V,csókol,шупшала́ш
1218,wiegen::V,ringat,рӱпша́ш
1219,zudecken::V,betakar,леведа́ш
1220,wecken::V,kelt,помыжалтара́ш
1221,wecken::V,ébreszt,помыжалтара́ш
1222,zeigen::V,mutat,ончыкта́ш
1223,führen::V,visz,вӱда́ш
1224,führen::V,vezet,вӱда́ш
1225,lehren::V,tanít,туныкта́ш
1226,unterrichten::V,tanít,туныкта́ш
1227,aufziehen::V,felnevel,орышта́ш
1228,leiten::V,vezet,вӱда́ш
1229,leiten::V,vezet,вуйлата́ш
1230,leiten::V,vezérel,вӱда́ш
1231,leiten::V,vezérel,вуйлата́ш
1232,antreiben::V,hajt,поктыла́ш
1233,lassen::V,-tat,-та́ш
1234,lassen::V,-at,-та́ш
1235,einladen::V,meghív,ӱжа́ш
1236,vereinigen::V,egyesít,иктешла́ш
1237,besuchen::V,látogat,то́лын кая́ш
1238,treffen::V,talál,вашлия́ш
1239,sich versammeln::V,gyülekezik,погына́ш
1240,sich versammeln::V,gyülekezik,чумырга́ш
1241,sich versammeln::V,összegyűlik,погына́ш
1242,sich versammeln::V,összegyűlik,чумырга́ш
1243,spielen::V,játszik,мода́ш
1244,singen::V,énekel,мура́ш
1245,tanzen::V,táncol,кушта́ш
1246,sich trennen::V,elválik,ойырла́ш
1247,verlassen::V,elhagy,кудалта́ш
1248,retten::V,ment,утара́ш
1249,bewachen::V,őriz,орола́ш
1250,schützen::V,óv,арала́ш
1251,schützen::V,véd,арала́ш
1252,verteidigen::V,véd,арала́ш
1253,sich schlagen::V,verekszik,кредала́ш
1254,schießen::V,lő,лӱя́ш
1255,siegen::V,győz,сеҥа́ш
1256,ärgern::V,bosszant,сырыкта́ш
1257,schlagen::V,üt,пера́ш
1258,schlagen::V,ver,пера́ш
1259,treten::V,rúg,тошка́ш
1260,stechen::V,döf,кера́ш
1261,stechen::V,szúr,кера́ш
1262,stoßen::V,lök,шӱкала́ш
1263,stehlen::V,lop,шолышта́ш
1264,stören::V,zavar,мешая́ш
1265,belästigen::V,zaklat,толаштара́ш
1266,verbergen::V,rejt,шылта́ш
1267,verbergen::V,elrejt,шылта́ш
1268,täuschen::V,megtéveszt,ондала́ш
1269,betrügen::V,csal,ондала́ш
1270,töten::V,öl,пушта́ш
1271,wohnen::V,lakik,ила́ш
1272,arbeiten::V,dolgozik,пашалана́ш
1273,arbeiten::V,dolgozik,паша́м ышта́ш
1274,sammeln::V,szed,пога́ш
1275,sammeln::V,gyűjt,пога́ш
1276,pflücken::V,szed,кӱра́ш
1277,jagen::V,vadászik,сонарла́ш
1278,fischen::V,halászik,кол куча́ш
1279,fassen::V,fog,куча́ш
1280,hüten::V,őriz,кӱта́ш
1281,hüten::V,legeltet,кӱта́ш
1282,treiben::V,hajt,покта́ш
1283,anbinden::V,köt,йолышта́ш
1284,füttern::V,etet,пукша́ш
1285,melken::V,fej,лӱшта́ш
1286,hacken::V,vág,руа́ш
1287,gießen::V,öntöz,шава́ш
1288,reifen::V,érik,кӱа́ш
1289,zubereiten::V,elkészít,ямдыла́ш
1290,kochen::V,főz,шолта́ш
1291,backen::V,süt,кӱкташ
1292,braten::V,süt,пуштыла́ш
1293,braten::V,süt,жаритла́ш
1294,umrühren::V,megkever,луга́ш
1295,stricken::V,köt,пида́ш
1296,nähen::V,varr,урга́ш
1297,färben::V,fest,чиялта́ш
1298,reinigen::V,tisztít,эрыкта́ш
1299,waschen::V,mos,мушка́ш
1300,abwischen::V,letöröl,ӱшта́ш
1301,spülen::V,mosogat,шӱалта́ш
1302,fegen::V,söpör,ӱшта́ш
1303,kehren::V,söpör,ӱшта́ш
1304,baden::V,fürdik,йӱштыла́ш
1305,sich waschen::V,mosdik,мушкылта́ш
1306,sich waschen::V,mosakszik,мушкылта́ш
1307,ausziehen::V,levesz,кудаша́ш
1308,anziehen::V,felölt,чия́ш
1309,anziehen::V,felvesz,чия́ш
1310,sich anziehen::V,öltözik,чия́ш
1311,sich anziehen::V,felöltözik,чия́ш
1312,kämmen::V,fésül,шера́ш
1313,schmücken::V,díszít,тӱзата́ш
1314,schmücken::V,díszít,чеверта́ш
1315,sagen::V,mond,ойла́ш
1316,sagen::V,mond,каласа́ш
1317,sprechen::V,beszél,кутыра́ш
1318,reden::V,beszél,мутлана́ш
1319,sich unterhalten::V,beszélget,кутыра́ш
1320,fragen::V,kérdez,йода́ш
1321,bitten::V,kér,йода́ш
1322,erzählen::V,mesél,ойла́ш
1323,erzählen::V,elbeszél,ойла́ш
1324,mitteilen::V,közöl,увертара́ш
1325,nennen::V,hív,лӱмда́ш
1326,nennen::V,nevez,лӱмда́ш
1327,rufen::V,hív,ӱжа́ш
1328,prahlen::V,dicsekszik,моктана́ш
1329,übersetzen::V,fordít,кусара́ш
1330,denken::V,gondol,шона́ш
1331,glauben::V,hisz,ӱшана́ш
1332,bemerken::V,észrevesz,шижа́ш
1333,erkennen::V,ráismer,пала́ш
1334,erkennen::V,felismer,пала́ш
1335,begreifen::V,felfog,ыҥла́ш
1336,verstehen::V,ért,умыла́ш
1337,verstehen::V,megért,умыла́ш
1338,lernen::V,tanul,тунема́ш
1339,lernen::V,megtanul,тунема́ш
1340,wissen::V,tud,шинча́ш
1341,sich erinnern an::V,emlékszik,шарна́ш
1342,vergessen::V,felejt,монда́ш
1343,vergessen::V,elfelejt,монда́ш
1344,messen::V,mér,виса́ш
1345,messen::V,megmér,виса́ш
1346,zählen::V,számol,шотла́ш
1347,zählen::V,megszámol,шотла́ш
1348,rechnen::V,számít,шотла́ш
1349,lesen::V,olvas,луда́ш
1350,malen::V,fest,сӱретла́ш
1351,zeichnen::V,rajzol,сӱретла́ш
1352,schreiben::V,ír,воза́ш
1353,besitzen::V,birtokol,лия́ш
1354,kaufen::V,vesz,нала́ш
1355,kaufen::V,megvesz,нала́ш
1356,verkaufen::V,elad,ужала́ш
1357,bezahlen::V,fizet,тӱла́ш
1358,bezahlen::V,kifizet,тӱла́ш
1359,zahlen::V,fizet,тӱла́ш
1360,zahlen::V,megfizet,тӱла́ш
1361,beherrschen::V,ural,куча́ш
1362,ertragen::V,elbír,турка́ш
1363,ertragen::V,elvisel,турка́ш
