,Concept_ID,kl,be
0,Auge::N,isi,вока
1,Ohr::N,siut,вуха
2,Mund::N,paaq,рот
3,Mund::N,qaneq,рот
4,Zahn::N,kigut,зуб
5,Zunge::N,oqaq,язык
6,Lippe::N,qarloq,губа
7,Wange::N,ersaq,шчака
8,Gesicht::N,kiinaq,твар
9,Stirn::N,qaaq,лоб
10,Haar::N,meqqoq,волас
11,Haar::N,meqqoq,валасы
12,Bart::N,umik,барада
13,Kinn::N,talloq,падбародак
14,Kiefer[Anatomie]::N,alleroq,сківіца
15,Kehle::N,malaq,горла
16,Hals::N,qungaseq,шыя
17,Genick::N,pukusuk,патыліца
18,Kopf::N,niaqoq,галава
19,Rücken::N,qimerlut,спіна
20,Bauch::N,naaq,жывот
21,Nabel::N,qalaseq,пупок
22,Busen::N,iviangeq,грудзі
23,Brust::N,iviangeq,грудзі
24,Schulter::N,ersik,плячо
25,Schulter::N,assaqqoq,плячо
26,Arm::N,taleq,рука
27,Ellenbogen::N,ikusik,локаць
28,Hand::N,assak,кісць
29,Handfläche::N,itumak,далонь
30,Finger::N,inuak,палец
31,Fingernagel::N,kikiak,ногаць
32,Nagel[Anatomie]::N,kukik,ногаць
33,Zeh::N,isigak,палец
34,Ferse::N,kimmik,пята
35,Ferse::N,kimmik,пятка
36,Knie::N,seeqqoq,калена
37,Oberschenkel::N,uppat,бядро
38,Oberschenkel::N,uppat,сцягно
39,Oberschenkel::N,quttoraq,бядро
40,Oberschenkel::N,quttoraq,сцягно
41,Bein::N,isigak,нага
42,Körper::N,timi,цела
43,Haut::N,mattak,скура
44,Blut::N,aak,кроў
45,Ader::N,taqaq,вена
46,Ader::N,taqaq,сасуд
47,Sehne::N,ujalu,жыла
48,Sehne::N,ujalu,цеціва
49,Sehne::N,ujalu,сухажылле
50,Sehne::N,ujaloq,жыла
51,Sehne::N,ujaloq,цеціва
52,Sehne::N,ujaloq,сухажылле
53,Knochen::N,saanikut,косць
54,Gehirn::N,qarasaq,мозг
55,Herz::N,uummat,сэрца
56,Magen::N,aqajaroq,страўнік
57,Leber::N,tinguk,печань
58,Atem::N,anerneq,дыханне
59,Hunger::N,kaanneq,голад
60,Träne::N,qia,сляза
61,Träne::N,qiak,сляза
62,Geschmack::N,qilanaartuut,смак
63,Geruch::N,tipi,пах
64,Geruch::N,tipik,пах
65,Traum::N,sinnattoq,сон
66,Traum::N,sinnattugaq,сон
67,Himmel::N,qilak,неба
68,Sonne::N,seqineq,сонца
69,Mond::N,qaammat,месяц
70,Stern::N,ulloriaq,зорка
71,Luft::N,silaannaq,паветра
72,Wind::N,anori,вецер
73,Wind::N,anorsarik,вецер
74,Welle::N,aalappaa,хваля
75,Wasser::N,imeq,вада
76,Stein::N,ujarak,камень
77,Boden::N,nateq,глеба
78,Erde::N,issoq,зямля
79,Staub::N,pujualanerit,пыл
80,Staub::N,pujoralanerit,пыл
81,Rauch::N,iseq,дым
82,Rauch::N,pujoq,дым
83,Funke::N,illoorneq,іскра
84,Feuer::N,inneq,агонь
85,Licht::N,qaamaneq,святло
86,Schatten::N,tarraq,цень
87,Wetter::N,sila,пагода
88,Wetter::N,sila,надворʼе
89,Nebel::N,pujoq,туман
90,Wolke::N,nuia,воблака
91,Regen::N,sialuk,дождж
92,Schnee::N,aput,снег
93,Eis::N,siku,лёд
94,Frost::N,issi,мароз
95,Frost::N,issik,мароз
96,Kälte::N,issi,холад
97,Hitze::N,kianneq,спёка
98,Hitze::N,kiassuseq,спёка
99,Raureif::N,kaneq,іней
100,Regenbogen::N,neriusaaq,вясёлка
101,Donner::N,kalleq,гром
102,Tropfen::N,kuseriarneq,кропля
103,Schaum::N,qapuk,пена
104,Schmutz::N,minguk,гразь
105,See::N,taseq,возера
106,Sumpf::N,maqulluk,багна
107,Wiese::N,masarsuk,луг
108,Hügel::N,qattuneq,узгорак
109,Hügel::N,majuariaq,узгорак
110,Hügel::N,majorajaaq,узгорак
111,Hügel::N,qaqqannguaq,узгорак
112,Berg::N,qaqqaq,гара
113,Höhle::N,qaarusuk,пячора
114,Abhang::N,ippik,схіл
115,Abhang::N,sivinganeq,схіл
116,Abhang::N,sivingajaaq,схіл
117,Abhang::N,kussangajaaq,схіл
118,Bach::N,kuunnguaq,ручай
119,Fluss::N,kuuk,рака
120,Ufer::N,sissap sinaa,бераг
121,Küste::N,sineriak,узбярэжжа
122,Meer::N,imaq,мора
123,Bucht::N,ikeq,бухта
124,Bucht::N,kangerluk,бухта
125,Bucht::N,kangerliumaneq,бухта
126,Insel::N,qeqertaq,востраў
127,Blume::N,naasoq,кветка
128,Gras::N,ivigaq,трава
129,Wurzel::N,niulutaq,корань
130,Baum::N,orpik,дрэва
131,Stamm::N,kanaartaq,ствол
132,Rinde::N,ameraq,кара
133,Ast::N,avalequt,сук
134,Zweig::N,avalequt,галіна
135,Blatt::N,pilutaq,ліст
136,Birke::N,patitsit,бяроза
137,Weide[Baum]::N,palleq,вярба
138,Tanne::N,orsuerneq,яліна
139,Horn::N,nassuk,рог
140,Feder::N,suluk,пяро
141,Fell::N,ameq,шкура
142,Flügel::N,suluk,крыло
143,Flügel::N,isaroq,крыло
144,Klaue::N,kukik,кіпцюр
145,Kralle::N,kukik,лапа
146,Schwanz::N,pamioq,хвост
147,Schwanz::N,paperuusaq,хвост
148,Ei::N,mannik,яйка
149,Nest::N,ullut,гняздо
150,Bau::N,ini,нара
151,Tier::N,uumasoq,жывёла
152,Herde::N,unguukkat,статак
153,Kuh::N,ussik,карова
154,Bulle::N,angukulak,бык
155,Bulle::N,anguteralak,бык
156,Bulle::N,angutikulooq,бык
157,Schaf::N,sava,авечка
158,Schwein::N,puuluki,свіння
159,Hund::N,qimmeq,сабака
160,Katze::N,puisaaq,кошка
161,Bär::N,allaq,мядзведзь
162,Eichhörnchen::N,sissinnguaq,вавёрка
163,Fuchs::N,terianniaq,ліса
164,Hase::N,ukaleq,заяц
165,Maus::N,teriannguaq,мыш
166,Wolf::N,amaroq,воўк
167,Vogel::N,timmiaq,птах
168,Vogel::N,timmiaq,птушка
169,Huhn::N,kukkukooq,курыца
170,Huhn::N,marloraaqaaq,курыца
171,Hahn::N,kiasiusaq,певень
172,Gans::N,nerleq,гусь
173,Adler::N,nattoralik,арол
174,Eule::N,uppik,сава
175,Kranich::N,qorlorfik,жораў
176,Kranich::N,qorlorfik,журавель
177,Krähe::N,tuluatsiaq,варона
178,Kuckuck::N,kukkooq,зязюля
179,Schwan::N,qussuk,лебедзь
180,Fisch::N,aalisagaq,рыба
181,Schlange[Tier]::N,pulateriarsuk,змяя
182,Schlange[Tier]::N,pulateriaarsuk,змяя
183,Spinne::N,aasiaq,павук
184,Spinne::N,nissavaarsuk,павук
185,Ameise::N,uniaaluk,мурашка
186,Laus::N,kumak,вош
187,Mücke::N,ippernaq,камар
188,Fliege::N,ippernaq,муха
189,Schmetterling::N,paluaq,матыль
190,Schmetterling::N,pakkaluaq,матыль
191,Schmetterling::N,utsuppaluaq,матыль
192,Schmetterling::N,taqaleqisaaq,матыль
193,Beere::N,paarmaq,ягада
194,Beere::N,paarngaq,ягада
195,Apfel::N,iipili,яблык
196,Pilz::N,anngiusaq,грыб
197,Zwiebel::N,uanitsoq,цыбуля
198,Saat::N,naatsiiassaq,семя
199,Korn::N,maannineq,зерне
200,Schale::N,niutsivik,шалупінне
201,Schale::N,ilulissaq qaartussaq,шалупінне
202,Grube::N,itersaq,яма
203,Falle::N,pualavoq,пастка
204,Schlinge::N,orseq,сіло
205,Schlinge::N,norloq,сіло
206,Spur::N,tumaa,след
207,Asche::N,arsat,попел
208,Dreck::N,minguk,бруд
209,Eisen::N,savimineq,жалеза
210,Eisen::N,saffiugassaq,жалеза
211,Gold::N,kuulti,золата
212,Silber::N,siilviuvoq,сребра
213,Kohle::N,aamarsuit aamaruutissat,вугаль
214,Glas::N,igalaaq,шкло
215,Glas::N,imertarfik,шкло
216,Glas::N,igalaamineq,шкло
217,Lehm::N,marraq,гліна
218,Sand::N,sioqqat,пясок
219,Mensch::N,inuk,чалавек
220,Mensch::N,silamiu,чалавек
221,Mann::N,angut,мужчына
222,Frau::N,arnaq,жанчына
223,Kind::N,meeraq,дзіця
224,Junge::N,nukappiaraq,хлопчык
225,Mädchen::N,arnannguaq,дзяўчынка
226,Familie::N,ilaqutakka,сямʼя
227,Familie::N,ilaqutariit,сямʼя
228,Großvater::N,aatak,дзядуля
229,Großmutter::N,aanaq,бабуля
230,Eltern::N,angajoqqaat,бацькі
231,Vater::N,ataata,бацька
232,Vater::N,ataataq,бацька
233,Mutter::N,anaana,маці
234,Sohn::N,erneq,сын
235,Tochter::N,panik,дачка
236,Bruder::N,ani,брат
237,Bruder::N,aqqaluk,брат
238,Bruder::N,qatanngut,брат
239,Schwester::N,naja,сястра
240,Schwester::N,aleqa,сястра
241,Schwester::N,qatanngut,сястра
242,Onkel::N,akkak,дзядзька
243,Tante::N,aja,цётка
244,Tante::N,ajak,цётка
245,Tante::N,atsak,цётка
246,Ehemann::N,ui,муж
247,Ehefrau::N,nuliaq,жонка
248,Freude::N,tipaatsussuseq,радасць
249,Gelächter::N,illaq,смех
250,Glück::N,usornaat,шчасце
251,Glück::N,usornarsuseq,шчасце
252,Wunsch::N,kissaat,жаданне
253,Lust::N,illigussuseq,цяга
254,Lust::N,piummaseq,цяга
255,Geist::N,anerneq,дух
256,Geist::N,toornaq,дух
257,Gedanke::N,isumassaq,думка
258,Gedächtnis::N,eqqaamannissuseq,памяць
259,Verstand::N,isuma,розум
260,Verstand::N,sianissut,розум
261,Verstand::N,misigissut,розум
262,Verstand::N,sianissuseq,розум
263,Verstand::N,silaqassuseq,розум
264,Sinn::N,isuma,сэнс
265,Grund::N,patsit,зачэпка
266,Wahrheit::N,sallusuissut,праўда
267,Märchen::N,oqalualaarut,казка
268,Märchen::N,oqaluasaaq,казка
269,Erzählung::N,oqaluttuaq,расказ
270,Erzählung::N,oqaluttuaq,апавяданне
271,Nachricht::N,oqaassut,вестка
272,Nachricht::N,oqaassut,паведамленне
273,Nachricht::N,oqqersuut,вестка
274,Nachricht::N,oqqersuut,паведамленне
275,Neuigkeit::N,tusarnartaq,навіна
276,Name::N,ateq,імя
277,Rätsel::N,nalorsitsaarut,загадка
278,Rede::N,oqaluuseq,прамова
279,Sprache::N,oqaatsit,мова
280,Stimme::N,erinaq,голас
281,Stimme::N,qarluuseq,голас
282,Wort::N,oqaasii,слова
283,Zeichen::N,nalunaaqqut,знак
284,Ruf::N,qaaqqussut,кліч
285,Lärm::N,perpaluk,шум
286,Laut::N,torsukattak,гук
287,Ton::N,erinaq,гучанне
288,Lied::N,taalliaq,песня
289,Lied::N,erinarsuut,песня
290,Ruhe::N,qatsunganeq,спакой
291,Leute::N,inuiak,людзі
292,Leute::N,inuiaqatigiit,людзі
293,Volk::N,inuiaat,народ
294,Arbeit::N,suliaq,праца
295,Arbeit::N,suliaq,работа
296,Gast::N,qaaqqusaq,госць
297,Geschenk::N,pajugut,падарунак
298,Hilfe::N,annertoqqut,дапамога
299,Freund::N,tiliaq,друг
300,Freund::N,tiliaq,сябар
301,Freund::N,ikinngut,друг
302,Freund::N,ikinngut,сябар
303,Kamerad::N,tiliaq,прыяцель
304,Kamerad::N,ikinngut,прыяцель
305,Art::N,ileqquuseq,від
306,Stück::N,nakkaalaniku,кусок
307,Stück::N,nakkaalaniku,кавалак
308,Teil::N,tassiaasat,частка
309,Hälfte::N,affaq,палова
310,Hälfte::N,affaq,палавіна
311,Kreis::N,kaajaluinneq or kaajaluitsoq,круг
312,Kreuz::N,sanningasulik,крыж
313,Linie::N,tittaq,лінія
314,Linie::N,titarneq,лінія
315,Abstand::N,aku,прамежак
316,Abstand::N,ikiaq,прамежак
317,Entfernung::N,asi,адлегласць
318,Gegend::N,nuna,мясцовасць
319,Platz::N,ini,месца
320,Platz::N,inissaq,месца
321,Ort::N,sumiiffik,месца
322,Seite::N,saneraq,бок
323,Mitte::N,qiteq,сярэдзіна
324,Sache::N,pigisaq,рэч
325,Rand::N,sini,край
326,Rand::N,akerfineq,край
327,Kante::N,akerfineq,руб
328,Kante::N,akerfineq,кант
329,Ecke::N,teqeqqoq,вугал
330,Ecke::N,tikeqqoq,вугал
331,Spitze::N,inngik,кончык
332,Ende::N,isu,канец
333,Loch::N,putu,дзірка
334,Winkel::N,teqeqqorissaat,вугал
335,Muster::N,ilisserut,узор
336,Größe::N,angissuseq,памер
337,Länge::N,takissuseq,даўжыня
338,Gewicht::N,oqimaalutaq,вага
339,Menge::N,amerlassuseq,колькасць
340,Haufen::N,eqimattat,куча
341,Reihe::N,allunaasaq,рад
342,Boot::N,qajaq,лодка
343,Boot::N,angallat,лодка
344,Boot::N,umiatsiaq,лодка
345,Ruder::N,iput,вясло
346,Schlitten::N,qamutit,сані
347,Schlitten::N,qimusseq,сані
348,Ski::N,ataarut,лыжа
349,Last::N,nammagaq,цяжар
350,Schritt::N,allorneq,шаг
351,Schritt::N,allorneq,крок
352,Norden::N,avannaq,поўнач
353,Süden::N,qava,поўдзень
354,Süden::N,kujat,поўдзень
355,Süden::N,kujataa,поўдзень
356,Westen::N,kitaa,захад
357,Osten::N,kangi,усход
358,Holz::N,qisuk,дрэва
359,Holz::N,qisuk,драўніна
360,Brett::N,salliligaq,дошка
361,Platte::N,qaateq,пліта
362,Stütze::N,ajagutaq,падпорка
363,Stütze::N,ajaagutaq,падпорка
364,Stange::N,kaaviffik,жэрдка
365,Stock::N,ajaappissat,палка
366,Stab::N,ajaappissat,шост
367,Rohr::N,sullulik,труба
368,Haus::N,illu,дом
369,Ofen::N,kissarsuut,печ
370,Fußboden::N,nateq,падлога
371,Tisch::N,allattarfik,стол
372,Stuhl::N,issiavik,стул
373,Stuhl::N,issiavik,крэсла
374,Stuhl::N,issiaffik,стул
375,Stuhl::N,issiaffik,крэсла
376,Wiege::N,uaasoq,калыска
377,Bett::N,nallavik,ложак
378,Bett::N,nallavik,пасцель
379,Regal::N,ilisivik,паліца
380,Kiste::N,sakissat,скрынка
381,Kiste::N,illerfiusaq,скрынка
382,Fenster::N,aki,акно
383,Fenster::N,igalaaq,акно
384,Tür::N,matu,дзверы
385,Tor::N,isaaffik,вароты
386,Zaun::N,saputit,агароджа
387,Dach::N,qaliaq,дах
388,Leiter::N,tummeqqat,лесвіца
389,Leiter::N,majuartarfiit,лесвіца
390,Besen::N,saligutit,мятла
391,Spaten::N,nivaataq,лапата
392,Spaten::N,nivaataq,жалязняк
393,Schaufel::N,nivaataq,шуфлік
394,Schaufel::N,nivaataq,лапатка
395,Gabel::N,qilluaq,відэлец
396,Gabel::N,ajassaatit,відэлец
397,Löffel::N,alussaat,лыжка
398,Messer::N,savik,нож
399,Nagel::N,kukik,цвік
400,Netz::N,anguffaseq,сетка
401,Haken::N,nissik,крук
402,Haken::N,qarsorsaq,крук
403,Haken::N,qarsorsartoq,крук
404,Griff::N,ipi,ручка
405,Schloss::N,illussaarsuaq,замок
406,Bild::N,assiliaq,карціна
407,Figur::N,kisitsit,фігура
408,Puppe::N,inuusaq,лялька
409,Bündel::N,qilertaq,вязка
410,Tasche::N,pooqattaq,торба
411,Deckel::N,matu,накрыўка
412,Geschirr::N,anut,пасуда
413,Tasse::N,tiitorfik,кубак
414,Tasse::N,tiitorfiup ilorlia,кубак
415,Topf::N,qoqqoq,каструля
416,Kessel::N,uunnaavik,кацёл
417,Essen::N,igaaq,ежа
418,Nahrung::N,neqissaq,харч
419,Speise::N,nerisassat,страва
420,Fleisch::N,neqi,мяса
421,Getreide::N,maannineq,збожжа
422,Brot::N,iffit,хлеб
423,Brot::N,iffiaq,хлеб
424,Scheibe::N,igalaassiaq,луста
425,Scheibe::N,igalaassiaq,скібка
426,Fett::N,tarnutissaq,тлушч
427,Fett::N,tarnutissiaq,тлушч
428,Butter::N,punneq,масла
429,Öl::N,uulia,алей
430,Salz::N,taratsut,соль
431,Suppe::N,qajoq,суп
432,Honig::N,tungusunnitsuut,мёд
433,Milch::N,immuk,малако
434,Tee::N,tii,чай
435,Tee::N,tii,гарбата
436,Tee::N,teeq,чай
437,Tee::N,teeq,гарбата
438,Wolle::N,nuersagassiaq,воўна
439,Stoff::N,milliaq,тканіна
440,Stoff::N,qarlissiaq,тканіна
441,Nadel::N,meqqut,іголка
442,Faden::N,ujalussiaq,нітка
443,Knopf::N,attat,гузік
444,Knoten::N,akeroq,вузел
445,Knoten::N,qilerneq,вузел
446,Farbe::N,qalipaat,фарба
447,Kleidung::N,atisat,адзенне
448,Kleidung::N,annoraaq,адзенне
449,Hemd::N,ilupaaq,кашуля
450,Kragen::N,qungasiinnaq,каўнер
451,Ärmel::N,aaq,рукаў
452,Hose::N,qarliit,штаны
453,Gürtel::N,qiterut,пояс
454,Gürtel::N,unngersaq,пояс
455,Mütze::N,nasaq,шапка
456,Schuh::N,skuu,чаравік
457,Schuh::N,ikernuk,чаравік
458,Schuh::N,ateraasaq,чаравік
459,Stiefel::N,kamik,бот
460,Ring::N,assammiu,кольца
461,Band::N,qilerutissiaq,стужка
462,Kamm::N,illaagutit,расчоска
463,Kamm::N,illaajaatit pl.,расчоска
464,Spiegel::N,tarrarsuut,люстра
465,Riemen::N,allunaaq,рэмень
466,Schnur::N,kujaaq,вяроўка
467,Schnur::N,allunaasaq,вяроўка
468,Leine::N,aleq,павадок
469,Decke::N,qipik,коўдра
470,Kissen::N,akit,падушка
471,Tuch::N,qarlissiaq,хустка
472,Handtuch::N,allarut,ручнік
473,Handtuch::N,allarterut,ручнік
474,Kraft::N,pissak,сіла
475,Stärke::N,qerattarsaat,моц
476,Gesundheit::N,peqqisusseq,здароўе
477,Krankheit::N,nappaat,хвароба
478,Schmerz::N,anniaat,боль
479,Wunde::N,iki,рана
480,Fieber::N,nappaat qanimanartoq,гарачка
481,Fieber::N,nappaat qanimanartoq,ліхаманка
482,Arznei::N,imigassaq,лекі
483,Brücke::N,ikaartarfik,мост
484,Brunnen::N,tissaluttuliaq,калодзеж
485,Weide::N,masarsuk,паша
486,Pfad::N,aqqut,сцежка
487,Weg::N,aggerfik,шлях
488,Weg::N,aggerfik,дарога
489,Straße::N,aqqusineq,вуліца
490,Dorf::N,nunaqarfik,вёска
491,Stadt::N,illorpaat,горад
492,Stadt::N,illorpalik,горад
493,Brief::N,allagarsiaq,ліст
494,Brief::N,allagarsiaq,пісьмо
495,Buch::N,atuakkat,кніга
496,Buch::N,mappersagaq,кніга
497,Buchstabe::N,naqinneq,літара
498,Zeitung::N,aviisi,газета
499,Leben::N,inuussuseq,жыццё
500,Tod::N,toqu,смерць
501,Tod::N,toquneq,смерць
502,Grab::N,iliveq,магіла
503,Grab::N,illissat,магіла
504,Kirche::N,oqaluffik,касцёл
505,Kirche::N,oqaluffik,царква
506,Sünde::N,ajorti,грэх
507,Arbeiter::N,sulisoq,рабочы
508,Chef::N,ittoqut,начальнік
509,Meister::N,naalagaq,майстар
510,Arzt::N,katsorsaasoq,урач
511,Lehrer::N,ilinniartitsisoq,настаўнік
512,Geld::N,aningaasat,грошы
513,Geschäft::N,niuertarfik,заняцце
514,Laden::N,niuertarfik,крама
515,Laden::N,niuertarfik,магазін
516,Preis::N,aki,цана
517,Ware::N,qaliata pii,тавар
518,Ware::N,nioqqutissaq,тавар
519,Nutzen::N,iluaqut,выгада
520,Welt::N,nunarsuaq,свет
521,Land::N,nuna,краіна
522,König::N,kunngi,кароль
523,Macht::N,pissaassuseq,улада
524,Grenze::N,killik,граніца
525,Krieg::N,sorsunneq,вайна
526,Feind::N,akeraq,вораг
527,Feind::N,akerartorti,вораг
528,Feind::N,qinngarsuisoq,вораг
529,Kampf::N,sorsunneq,барацьба
530,Pfeil::N,qalugiusaq,страла
531,Gewehr::N,aallaat,ружжо
532,Fehler::N,kukkuneq,памылка
533,Fehler::N,paarlaappaa,памылка
534,Unglück::N,perluut,ліха
535,Unglück::N,perluut,бядота
536,Schuld::N,akiitsugaq,віна
537,Schuld::N,akiligassaq,віна
538,Alter::N,utoqqaq,узрост
539,Schluss::N,isu,канец
540,Zeit::N,ulloq,час
541,Zeit::N,akuttoqatigiinneq,час
542,Tag::N,ulloq,дзень
543,Morgen::N,ullaaq,ранак
544,Morgen::N,ullaaq,раніца
545,Mittag::N,ulloqeqqa,паўдня
546,Mittag::N,ulloqeqqa,поўдзень
547,Abend::N,unnuk,вечар
548,Nacht::N,unnuaq,ноч
549,Woche::N,sapaatip akunnera,тыдзень
550,Monat::N,qaammat,месяц
551,Jahr::N,ukioq,год
552,Frühling::N,upernaaq,вясна
553,Sommer::N,aasaq,лета
554,Herbst::N,ukiaq,восень
555,Winter::N,ukioq,зіма
556,Januar::N,siulleeq,студзень
557,Januar::N,qaammaliaq,студзень
558,Februar::N,aarlaat,люты
559,März::N,marsi,сакавік
560,März::N,martsi,сакавік
561,Mai::N,maaji,май
562,Mai::N,maaji,травень
563,Juni::N,juuni,чэрвень
564,Juli::N,juuli,ліпень
565,August::N,aggusti,жнівень
566,September::N,septembari,верасень
567,Oktober::N,oktobari,кастрычнік
568,November::N,novembari,лістапад
569,Dezember::N,detsembari,снежань
570,Montag::N,ataasinngortoq,панядзелак
571,Dienstag::N,marlunngorneq,аўторак
572,Mittwoch::N,pingasunngorneq,серада
573,Donnerstag::N,sisamanngorneq,чацвер
574,Freitag::N,tallimanngorneq,пятніца
575,Samstag::N,arfininngorneq,субота
576,Sonntag::N,sapaat,нядзеля
577,Sonntag::N,sapaati,нядзеля
578,groß::A,angivoq,вялікі
579,klein::A,mikivoq,маленькі
580,lang::A,takisooq,доўгі
581,kurz::A,naatsoq,кароткі
582,breit::A,silippoq,шырокі
583,schmal::A,amitsoq,вузкі
584,dicht::A,torsusooq,густы
585,dick[Gegenstand]::A,issuvoq,тоўсты
586,dick[Gegenstand]::A,issusooq,тоўсты
587,dünn::A,amitsoq,тонкі
588,fein::A,mamarpoq,тонкі
589,fest::A,tangeqarpoq,моцны
590,flach::A,nalimmappoq,плоскі
591,glatt::A,quasak,гладкі
592,hart::A,mattusooq,цвёрды
593,hart::A,manngerpoq,цвёрды
594,hart::A,titeqquluppoq,цвёрды
595,weich::A,nerumaarpoq,мяккі
596,rund::A,ammallorippoq,круглы
597,spitz::A,qummukujooq,спічасты
598,spitz::A,qummukujooq,востраканцовы
599,scharf::A,ipippoq,востры
600,stumpf::A,anngerpoq,тупы
601,schwer::A,oqimaappoq,цяжкі
602,schön::A,kusanarpoq,прыгожы
603,heiß::A,kiappoq,гарачы
604,warm::A,oqorpoq,цёплы
605,kalt::A,issippoq,холадны
606,kühl::A,pueqqortippoq,халаднаваты
607,feucht::A,isugutavoq,вільготны
608,feucht::A,qaasernarpoq,вільготны
609,nass::A,imerorpoq,мокры
610,trocken::A,panerpoq,сухі
611,voll::A,ulikkaarpoq,поўны
612,leer::A,imaattuarpoq,пусты
613,offen::A,ammavoq,адкрыты
614,offen::A,ammavoq,адчынены
615,geschlossen::A,matuvoq,закрыты
616,geschlossen::A,matuvoq,зачынены
617,sauber::A,eqqippoq,чысты
618,sauber::A,sukuluippoq,чысты
619,sauber::A,ipeqanngilaq,чысты
620,schmutzig::A,tapappoq,брудны
621,schmutzig::A,minguppoq,брудны
622,roh::A,aapavoq,сыры
623,reif::A,qaarulerpoq,спелы
624,süß::A,tungusunnippoq,салодкі
625,bitter::A,qasilippoq,горкі
626,hell::A,qaamavoq,светлы
627,dunkel::A,qernerpoq,цёмны
628,schwarz::A,qernerpoq,чорны
629,weiß::A,qaqorpoq,белы
630,rot::A,aappaluppoq,чырвоны
631,gelb::A,sungaarpoq,жоўты
632,blau::A,tungujorpoq,сіні
633,grün::A,qorsooqqippoq,зялёны
634,grau::A,qaserpoq,шэры
635,billig::A,akikippoq,танны
636,wertvoll::A,erlinnarpoq,цэнны
637,wertvoll::A,erlinnarpoq,каштоўны
638,blind::A,tappiippoq,сляпы
639,blind::A,isigisaqanngilaq,сляпы
640,taub::A,tusilarpoq,глухі
641,kräftig::A,pissaq,магутны
642,kräftig::A,pissarsuaq,магутны
643,stark::A,sanngivoq,сільны
644,schwach::A,nakuippoq,слабы
645,fett::A,pualavoq,тлусты
646,schlank::A,tuappoq,стройны
647,hübsch::A,aatsialaq,чароўны
648,böse::A,ajorpoq,злы
649,dumm::A,taqajak,дурны
650,dumm::A,sikkilluppoq,дурны
651,dumm::A,qaatusimasaqanngilaq,дурны
652,faul::A,eqiasuppoq,лянівы
653,faul::A,eqiattortuvoq,лянівы
654,fleißig::A,eqiasuippoq,руплівы
655,geizig::A,iasilaarpoq,прагны
656,geizig::A,tukkuippoq,прагны
657,klug::A,mallak,разумны
658,klug::A,ittanneq,разумны
659,klug::A,kutaappoq,разумны
660,klug::A,kuttaappoq,разумны
661,klug::A,qarasagippoq,разумны
662,lieb::A,akisooq,мілы
663,lustig::A,piikulavoq,вясёлы
664,sanft::A,isumagippoq,ласкавы
665,hungrig::A,kaappoq,галодны
666,hungrig::A,perlilerpoq,галодны
667,krank::A,napparsimavoq,хворы
668,traurig::A,aliasuppoq,сумны
669,lebendig::A,uumavoq,жывы
670,gut::A,ajunngilaq,добры
671,schlecht::A,sualuppoq,кепскі
672,richtig::A,iluarpoq,правільны
673,schlimm::A,amiilaarnarpoq,агідны
674,wahr::A,ilumoorpoq,сапраўдны
675,alt::A,pisoqaq,стары
676,neu::A,nutaavoq,новы
677,alt[Lebewesen]::A,utoqqaq,стары
678,jung::A,inuusuppoq,малады
679,jung::A,kingulliarsuk,малады
680,arm::A,piillasoq,бедны
681,arm::A,piitsuuvoq,бедны
682,reich::A,pisuuvoq,багаты
683,berühmt::A,tusaamasaq,славуты
684,fremd::A,ajasoornarpoq,чужы
685,verschieden::A,allatut,розны
686,verschieden::A,tamalaat,розны
687,nah::A,qanippoq,блізкі
688,fern::A,ungasippoq,далёкі
689,linker::A,saamerleq,левы
690,rechter::A,innarluissut,правы
691,erster::A,siulleq,першы
692,zweiter::A,qataatsup tullia,другі
693,dritter::A,pingajorarterut,трэці
694,letzter::A,kingulleq,апошні
695,allein::ADV,kisimiippoq,сам
696,allein::ADV,kisimiippoq,адзін
697,auf einmal::ADV,tassanngaannaq,адразу
698,zusammen::ADV,attaasa,разам
699,zusammen::ADV,attarmik,разам
700,lange::ADV,akuni,доўга
701,plötzlich::ADV,tassanngaannaq,раптам
702,sofort::ADV,erniinnaq,зараз
703,später::ADV,kingorna,пазней
704,jetzt::ADV,maanna,цяпер
705,jetzt::ADV,massakkut,цяпер
706,heute::ADV,ullumi,сёння
707,morgen::ADV,aqagu,заўтра
708,bald::ADV,erniinnaq,хутка
709,bald::ADV,erniinnaq,неўзабаве
710,dann::ADV,taava,потым
711,gestern::ADV,ippassaq,учора
712,einst::ADV,ataatsimik,аднойчы
713,einst::ADV,ilaanni,аднойчы
714,damals::ADV,taamani,тады
715,damals::ADV,taamanikkut,тады
716,damals::ADV,taassumuunakkut,тады
717,danach::ADV,taava,затым
718,vorher::ADV,siornagut,раней
719,einmal::ADV,ilaanni,адзін раз
720,einmal::ADV,ataatsimik,адзін раз
721,manchmal::ADV,qaqutigu,часам
722,manchmal::ADV,qaqutigut,часам
723,oft::ADV,akulikitsumik,часта
724,immer::ADV,tamatigut,заўсёды
725,hier::ADV,maani,тут
726,hierhin::ADV,maani,сюды
727,dorthin::ADV,ikuuna,туды
728,geradeaus::ADV,narlumut,прама
729,vorwärts::ADV,pilangavoc,наперад
730,rückwärts::ADV,kingumut,назад
731,rückwärts::ADV,tunumut or tunummut,назад
732,zurück::ADV,kingumut,назад
733,zurück::ADV,tunumut or tunummut,назад
734,unten::ADV,kana,унізе
735,hinab::ADV,qiviu,уніз
736,überall::ADV,tamaginni,усюды
737,überall::ADV,tamani tamaani,усюды
738,kaum::ADV,qaqutigorsuaq,ледзьве
739,sehr::ADV,assut,вельмі
740,noch::ADV,qeratavoq,яшчэ
741,schon::ADV,taava-una,ужо
742,wieder::ADV,kingumut,зноў
743,vergebens::ADV,angiluk,дарма
744,vergebens::ADV,angiluk,дарэмна
745,dies::PRN,manna,гэта
746,dies::PRN,matuma,гэта
747,das::PRN,ua,тое
748,ich::PRN,uanga,я
749,du::PRN,illit,ты
750,er::PRN,una,ён
751,wir::PRN,uagut,мы
752,ihr::PRN,ilissi,вы
753,sie::PRN,uku,яны
754,was::FPRN,aat?,што
755,wer::FPRN,kikkut,хто
756,wo::FADV,sumi,дзе
757,wohin::FADV,sumut,куды
758,wie::FADV,qanoq,як
759,warum::FADV,sooq,чаму
760,wieviel::FNUM,qassit,колькі
761,wieviel::FNUM,qanoq atsigisumik?,колькі
762,eins::NUM,ataaseq,адзін
763,zwei::NUM,marluk,два
764,drei::NUM,pingasut,тры
765,vier::NUM,sisamat,чатыры
766,vier::NUM,qajuusat,чатыры
767,fünf::NUM,tallimat,пяць
768,sechs::NUM,arfineq,шесць
769,sechs::NUM,arfinillit,шесць
770,sieben::NUM,arfineq-marluk,сем
771,acht::NUM,arfineq pingasut,восем
772,neun::NUM,qulingiluat,дзевяць
773,neun::NUM,arfineq sisamat,дзевяць
774,zehn::NUM,qulit,дзесяць
775,elf::NUM,aqqaneq,адзінаццаць
776,zwölf::NUM,aqqaneq-marluk,дванаццаць
777,zwanzig::NUM,tyve,дваццаць
778,dreißig::NUM,tredive,трыццаць
779,dreißig::NUM,pingasunik qulillit,трыццаць
780,vierzig::NUM,fyrre,сорак
781,fünfzig::NUM,halvtreds,пядзесят
782,fünfzig::NUM,tallimanik qulillit,пядзесят
783,sechzig::NUM,tres,шесдзесят
784,siebzig::NUM,halvfjerds,семдзесят
785,achtzig::NUM,firs,восемдзесят
786,neunzig::NUM,halvfems,дзевяноста
787,hundert::NUM,et hundrede,сто
788,tausend::NUM,et tusinde,тысяча
789,und::CNJ,aamma,і
790,und::CNJ,aamma,ды
791,oder::CNJ,imalluunnit,або
792,stehen::V,sikingavoq,стаяць
793,sitzen::V,ingippoq,сядзець
794,liegen::V,nalavoq,ляжаць
795,liegen::V,aqupivoq,ляжаць
796,hängen::V,nivinngarpaa,вісець
797,werden::V,pinngorpoq,стаць
798,werden::V,pinngorpoq,зрабіцца
799,passieren::V,pivoq,трапіцца
800,beginnen::V,aallarnerpaa,пачацца
801,enden::V,naggaserpaa,кончыцца
802,wechseln::V,immikkut ilivoq,мяняцца
803,untergehen[Sonne]::V,ilioqqaasoq,зайсці
804,scheinen[Sonne]::V,qinnorpoq,свяціць
805,scheinen[Sonne]::V,qinngorpoq,свяціць
806,donnern::V,kalleq,грымець
807,wehen::V,timmivoq,дзьмуць
808,sich drehen::V,ipippaa,круціцца
809,sich drehen::V,ipippaa,варочацца
810,schwanken::V,aalavoq,хістацца
811,schwingen::V,issakajaat or issakatsiaarut,гайдацца
812,schwingen::V,issakajaat or issakatsiaarut,калыхацца
813,fallen::V,quasivaa,падаць
814,brennen::V,seerpoq,гарэць
815,brennen::V,uuppaa,гарэць
816,rauchen::V,pujoorpoq,дымець
817,regnen::V,siallerpoq,дажджыць
818,gefrieren::V,qiulerpoq,замерзнуць
819,tauen::V,aappoq,раставаць
820,schmelzen::V,aappoq,плавіцца
821,schmelzen::V,aatsippaa,плавіцца
822,trocknen::V,panerserpaa,сохнуць
823,sieden::V,qalappoq,кіпець
824,reißen::V,qulli,ірвацца
825,reißen::V,alittorpaa,ірвацца
826,reißen::V,kimillanneq,ірвацца
827,versinken::V,kivivaa,тануць
828,versinken::V,apparpoq,тануць
829,vergehen::V,qaangerpaa,праходзіць
830,vergehen::V,sarsuppoq,праходзіць
831,erscheinen::V,takutippoq,зʼявіцца
832,sinken::V,kivivaa,спадаць
833,sinken::V,apparpoq,спадаць
834,abnehmen::V,ikillipput,паменшыцца
835,zunehmen::V,allisippaa,павялічвацца
836,steigen::V,allisippaa,паднімацца
837,wachsen::V,allivoq,расці
838,glänzen::V,qinngorpoq,блішчаць
839,glänzen::V,qinnorpoq,блішчаць
840,funkeln::V,uisorilavoq,бліскаць
841,läuten::V,avilualaarpoq,званіць
842,klingeln::V,aviluarpoq,званіць
843,klingeln::V,aviluarpaluppoq,званіць
844,brausen::V,ittuk,бушаваць
845,brausen::V,ittuppoq,бушаваць
846,brausen::V,ittuppaluppoq,бушаваць
847,bellen::V,qiluppoq,брахаць
848,heulen::V,maarpoq,выць
849,heulen::V,maalavoq,выць
850,heulen::V,miaggoorpoq,выць
851,blasen::V,aporneq,дзьмухнуць
852,pfeifen::V,siggartartitsivoq,свістаць
853,pfeifen::V,siorsulavoq,свістаць
854,schreien::V,suaarpoq,крычаць
855,stöhnen::V,nipiliorpoq,стагнаць
856,stöhnen::V,nipilliorpoq,стагнаць
857,zittern::V,qarsulivik,дрыжаць
858,leben::V,inuuvoq,жыць
859,geboren werden::V,inuuvoq,нарадзіцца
860,geboren werden::V,inunngorpoq,нарадзіцца
861,atmen::V,anersaarpoq,дыхаць
862,trinken::V,imerpoq,піць
863,essen::V,tamorpoq,есці
864,schlucken::V,tuluarnaq,глытаць
865,einschlafen::V,sinippoq,заснуць
866,schlafen::V,sinik,спаць
867,aufwachen::V,iterpoq,рассыпацца
868,aufwachen::V,eqqumavoq,рассыпацца
869,aufstehen::V,makippoq,устаць
870,sich erholen::V,qasuerserpoq,адпачываць
871,schmerzen::V,anneraa,балець
872,schmerzen::V,annernarpoq,балець
873,husten::V,quersorpoq,кашляць
874,genesen::V,ajunngissivoq,паправіцца
875,genesen::V,ajunngissivoq,паздаравець
876,genesen::V,ilisimmarpoq,паправіцца
877,genesen::V,ilisimmarpoq,паздаравець
878,genesen::V,ilorrippoq,паправіцца
879,genesen::V,ilorrippoq,паздаравець
880,sterben::V,toquvoq,памерці
881,sich bewegen::V,ingerlavoq,рухацца
882,sich setzen::V,ingippoq,сесці
883,laufen::V,arpappoq,хадзіць
884,schreiten::V,ingerlavoq,шагаць
885,schreiten::V,ingerlavoq,крочыць
886,spazierengehen::V,utertakajaarpoq,гуляць
887,spazierengehen::V,utertakattajaarpoq,гуляць
888,eilen::V,qaa qaa,спяшацца
889,eilen::V,qiilasaarpoq,спяшацца
890,eilen::V,ingerlasaarpaa,спяшацца
891,sich beeilen::V,tuaviorpoq,спяшацца
892,sausen::V,uiguut,імчацца
893,rennen::V,igivoq,бегаць
894,springen::V,upernassaq,скакаць
895,klettern::V,pilaakkeerpoq,лазіць
896,schaukeln::V,aalavoq,гайдацца
897,schwimmen::V,naluppoq,плаваць
898,tauchen::V,allorpoq,ныраць
899,rudern::V,ipuppaa,веславаць
900,fahren::V,qimusserpoq,ехаць
901,fliegen::V,timmivoq,лятаць
902,weggehen::V,piiarpoq,пайсці
903,anhalten::V,unitsippaa,спыніцца
904,anhalten::V,unitsippaa,затрымацца
905,hineingehen::V,timaappaa,уваходзіць
906,eintreten::V,allattorpaa,увайсці
907,kommen::V,qaa-,прыйсці
908,kommen::V,pivaa,прыйсці
909,ankommen::V,tikippoq,прыбыць
910,zurückkommen::V,angerlarpoq,вярнуцца
911,bleiben::V,uninngavoq,застацца
912,warten::V,paavoq,чакаць
913,warten::V,utaqqivoq,чакаць
914,suchen::V,nivivaa,шукаць
915,finden::V,nanivaa,знайсці
916,versuchen::V,uuppaa,прабаваць
917,versuchen::V,ussersarpaa,прабаваць
918,vorbereiten::V,piareersarpaa,падрыхтаваць
919,lieben::V,asavaa,кахаць
920,mögen::V,akaaraa,любіць
921,rühren::V,qeerlerpaa,расчуліць
922,weinen::V,qiavoq,плакаць
923,schimpfen::V,qatimaarpoq,лаяцца
924,sich ärgern::V,ugguutigaa,сердаваць
925,sich fürchten::V,eqqanaarpoq,баяцца
926,fürchten::V,ersigaa,баяцца
927,fliehen::V,qimaavoq,уцякаць
928,flüchten::V,allikarfigaa,уцячы
929,sehen::V,isigaa,бачыць
930,ansehen::V,alaatsinaappaa,глядзець
931,hören::V,tusarpaa,чуць
932,zuhören::V,naalappoq,слухаць
933,riechen::V,tipippoq,нюхаць
934,fühlen::V,misigaa,адчуваць
935,scheinen::V,takutippoq,здавацца
936,frieren::V,qiiavoq,мёрзнуць
937,tun::V,iliorpoq,рабіць
938,wollen::V,piumavaa,хацець
939,anfangen::V,pilerpoq,пачаць
940,beenden::V,naggaserpaa,закончыць
941,aufhören::V,naammatsippaa,перастаць
942,öffnen::V,ammarpaa,адчыніць
943,schließen::V,matuaa,зачыніць
944,stellen::V,ilivaa,паставіць
945,stellen::V,iliorarpai,паставіць
946,stellen::V,ilioqqarpai,паставіць
947,setzen::V,iliorarpai,пасадзіць
948,setzen::V,ilioqqarpai,пасадзіць
949,legen::V,ilivaa,класці
950,berühren::V,attorpaa,чапаць
951,verbinden::V,taperserpaa,звязаць
952,bedecken::V,iikkerpaa,накрыць
953,bedecken::V,iikkersorpaa,накрыць
954,aufhängen::V,inivaa,павесіць
955,aufhängen::V,iniorarpai,павесіць
956,anzünden::V,saggaavoq,запаліць
957,aufheben::V,allisippaa,падняць
958,zurücklassen::V,aallarpoq,пакінуць
959,verlieren::V,annaavaa,згубіць
960,fallen lassen::V,nakkaavaa,упусціць
961,machen::V,iliorpoq,зрабіць
962,herstellen::V,anillatsippaa,вырабіць
963,bauen::V,marrarterpaa,будаваць
964,reparieren::V,iluarsaappaa,правіць
965,verbessern::V,naqqippaa,палепшыць
966,graben::V,assappaa,капаць
967,beugen::V,qappappoq,сагнуць
968,biegen::V,qappappoq,пагнуць
969,wenden::V,assappaa,павярнуць
970,wenden::V,assakarpoq,павярнуць
971,umdrehen::V,assakartippaa,перавярнуць
972,heben::V,kivippaa,падымаць
973,hochheben::V,kissumiarpaa,падняць
974,ergreifen::V,isaappaa,схапіць
975,ergreifen::V,isaappaa,схваціць
976,ergreifen::V,isaguppaa,схапіць
977,ergreifen::V,isaguppaa,схваціць
978,halten::V,minarpaa,трымаць
979,drücken::V,naqittaat,націскаць
980,kratzen::V,qitsuppaa,скрэбці
981,lecken::V,aluppaa,лізаць
982,beißen::V,kiivaa,кусаць
983,abreißen::V,aqqarpaa,адарваць
984,abreißen::V,isaterpaa,адарваць
985,abschneiden::V,kipivaa,адрэзаць
986,binden::V,kakkersarpaa,вязаць
987,stecken::V,kussunneq,уваткнуць
988,brechen::V,nallorpaa,зламаць
989,klopfen::V,pattappaa,стукаць
990,hauen::V,aqivaa,біць
991,kleben::V,qaappoq,клеіць
992,reiben::V,tagiarpaa,церці
993,reiben::V,tangiarpaa,церці
994,streichen::V,erlerpoq,намазаць
995,schleifen::V,sequppaa,тачыць
996,schneiden::V,uullivoq,рэзаць
997,schütteln::V,aalavoq,трэсці
998,schwenken::V,issarpoq,махаць
999,füllen::V,immerpaa,напоўніць
1000,einwickeln::V,immoqquserpaa,загарнуць
1001,tragen::V,maqippaa,несці
1002,tragen::V,assartorpoq,несці
1003,schleppen::V,assartorpoq,цягнуць
1004,ziehen::V,kalippaa,цягнуць
1005,ziehen::V,kalissarpoq,цягнуць
1006,aufbewahren::V,toqqorpaa,захоўваць
1007,werfen::V,kuivaa,кідаць
1008,fangen::V,anguaa,лавіць
1009,verstecken::V,anngigaa,схаваць
1010,teilen::V,agguut,раздзяліць
1011,teilen::V,agguusersorpaa,раздзяліць
1012,schicken::V,nassiuppaa,пасылаць
1013,bringen::V,aggiuppaa,прынесці
1014,bringen::V,nassataraa,прынесці
1015,bekommen::V,tiguaa,дастаць
1016,erhalten::V,tiguaa,атрымаць
1017,nehmen::V,pivoq,ўзяць
1018,nehmen::V,tiguaa,ўзяць
1019,bewahren::V,sukkunik simerserpaa,захаваць
1020,verderben::V,asiutippaa,сапсаваць
1021,verderben::V,piuneerunnerit,сапсаваць
1022,zerbrechen::V,ukuvoq,разбіць
1023,zerreißen::V,tisavaa,разадраць
1024,zerreißen::V,alittorpaa,разадраць
1025,zerstören::V,aserorpaa,разбурыць
1026,verbrennen::V,seerpoq,спаліць
1027,geben::V,pivoq,даць
1028,versprechen::V,neriorsorpaa,абяцаць
1029,wünschen::V,kissaat,жадаць
1030,loben::V,nersorpaa,хваліць
1031,loben::V,nersornaat,хваліць
1032,küssen::V,kunippaa,цалаваць
1033,küssen::V,kunissorpaa,цалаваць
1034,zudecken::V,majorpaa,накрыць
1035,wecken::V,itersarpaa,пабудзіць
1036,zeigen::V,tikkuuppaa,паказаць
1037,führen::V,tasissiuppaa,весці
1038,führen::V,ilitsersorpaa,весці
1039,führen::V,tasissersuuppaa,весці
1040,lehren::V,ilinniartippaa,вучыць
1041,unterrichten::V,ajoqerpaa,выкладаць
1042,unterrichten::V,ajoqersorpaa,выкладаць
1043,unterrichten::V,ilinniartitsivoq,выкладаць
1044,aufziehen::V,inororsarpaa,выхаваць
1045,leiten::V,iluatsippaa,кіраваць
1046,antreiben::V,ikusimmippaa,падганяць
1047,einladen::V,qaaqquaa,запрасіць
1048,einladen::V,qaasarpaa,запрасіць
1049,vereinigen::V,taperserpaa,абʼяднаць
1050,besuchen::V,tikeraarpaa,наведаць
1051,treffen::V,aporappaa,сустрэць
1052,sich versammeln::V,majorpoq,сабрацца
1053,spielen::V,pinnguarpoq,гуляць
1054,singen::V,erinarsorpoq,пець
1055,singen::V,erinarsorpoq,спяваць
1056,tanzen::V,qitippoq,танцаваць
1057,sich trennen::V,immikkoortippaa,расстацца
1058,retten::V,annaappaa,выратаваць
1059,schützen::V,eriagaa,уберагаць
1060,schützen::V,pineqartaalivaa,уберагаць
1061,schießen::V,aallaavaa,страляць
1062,schießen::V,piseriuppaa,страляць
1063,ärgern::V,ninngassarpaa,злаваць
1064,ärgern::V,ninngassaarpaa,злаваць
1065,schlagen::V,unatarpaa,ударыць
1066,treten::V,tukerpoq,штурхаць
1067,stechen::V,iguppaa,укалоць
1068,stechen::V,qasilippoq,укалоць
1069,stoßen::V,ikuserpaa,папхнуць
1070,stoßen::V,ikusimmippaa,папхнуць
1071,stehlen::V,tillippaa,украсці
1072,stören::V,akornuserpaa,перашкодзіць
1073,verbergen::V,anngigaa,скрыць
1074,verbergen::V,anngigaa,схаваць
1075,betrügen::V,peqquserluttuliorfigaa,змахляваць
1076,töten::V,maappaa,забіць
1077,töten::V,toquppaa,забіць
1078,wohnen::V,najugaqarpoq,жыць
1079,arbeiten::V,sulivoq,працаваць
1080,sammeln::V,katersorpai,сабраць
1081,jagen::V,piniarpoq,паляваць
1082,fischen::V,aalisarpoq,рыбачыць
1083,anbinden::V,qilerut,прывязаць
1084,anbinden::V,qilersorpaa,прывязаць
1085,anbinden::V,ungerlatserpaa,прывязаць
1086,füttern::V,nerlerpaa,карміць
1087,gießen::V,imerterpaa,паліць
1088,kochen::V,igavoq,варыць
1089,braten::V,siappaa,смажыць
1090,umrühren::V,qeerlerpaa,перамяшаць
1091,färben::V,misuppaa,пафарбаваць
1092,reinigen::V,sanniarpaa,ачысціць
1093,waschen::V,asappaa,мыць
1094,abwischen::V,saligarpaa,выцерці
1095,abwischen::V,saligartorpaa,выцерці
1096,fegen::V,sanngiarpaa,падмятаць
1097,baden::V,uffarpoq,купацца
1098,sich waschen::V,uffarpoq,мыцца
1099,ausziehen::V,annoraajarpaa,зняць
1100,anziehen::V,ativaa,надзець
1101,anziehen::V,atitippaa,надзець
1102,sich anziehen::V,atisalersorpoq,адзецца
1103,sagen::V,oqarpoq,сказаць
1104,sprechen::V,oqaluttarpoq,гаварыць
1105,reden::V,oqaluppoq,размаўляць
1106,fragen::V,aperaa,спытаць
1107,bitten::V,aperaa,прасіць
1108,bitten::V,qinnuigaa,прасіць
1109,erzählen::V,oqaluttuaraa,расказаць
1110,mitteilen::V,oqalualaarpoq,паведаміць
1111,rufen::V,qaaqquaa,зваць
1112,prahlen::V,oqqartuvoq,хваліцца
1113,prahlen::V,oqallortuvoq,хваліцца
1114,übersetzen::V,ikaarpoq,перакласці
1115,übersetzen::V,nutserpaa,перакласці
1116,denken::V,isumaqarpoq,думаць
1117,glauben::V,upperaa,верыць
1118,glauben::V,isumaqarpoq,верыць
1119,erkennen::V,ilisaraa,пазнаць
1120,verstehen::V,paasivaa,пачуць
1121,lernen::V,ilinniarpoq,вучыцца
1122,wissen::V,nalunngilaa,знаць
1123,sich erinnern an::V,eqqaavaa,памятаць
1124,vergessen::V,puiorpaa,забыць
1125,messen::V,ussersarpaa,мераць
1126,zählen::V,kisitsivoq,лічыць
1127,rechnen::V,kisitsivoq,лічыць
1128,lesen::V,atuarpoq,чытаць
1129,malen::V,qalipappaa,маляваць
1130,schreiben::V,allappoq,пісаць
1131,kaufen::V,pisiaraa,купіць
1132,verkaufen::V,akigaa,прадаць
1133,bezahlen::V,akilerpaa,заплаціць
1134,beherrschen::V,inappaa,уладаць
1135,beherrschen::V,inappaa,валодаць
1136,ertragen::V,ernertaaraa,выцерпець
1137,Nase::N,,нос
1138,Schnurrbart::N,,вус
1139,Schnurrbart::N,,вусы
1140,Fuß::N,,нага
1141,Schlaf::N,,сон
1142,Strömung::N,,цячэнне
1143,Moor::N,,балота
1144,Wald::N,,лес
1145,Anhöhe::N,,узвышша
1146,Gipfel::N,,вяршыня
1147,Quelle::N,,крыніца
1148,Festland::N,,суша
1149,Kiefer[Baum]::N,,хвоя
1150,Kiefer[Baum]::N,,сасна
1151,Pferd::N,,конь
1152,Elch::N,,лось
1153,Schwarm::N,,чарада
1154,Ente::N,,качка
1155,Barsch::N,,акунь
1156,Hecht::N,,шчупак
1157,Wurm::N,,чарвяк
1158,Heu::N,,сена
1159,Kummer::N,,гора
1160,Gespräch::N,,размова
1161,Spiel::N,,гульня
1162,Gesellschaft::N,,таварыства
1163,Angelegenheit::N,,справа
1164,Anzahl::N,,колькасць
1165,Strich::N,,рыса
1166,Gegenstand::N,,прадмет
1167,Höhe::N,,вышыня
1168,Lagerfeuer::N,,вогнішча
1169,Gang::N,,ход
1170,Heim::N,,дом
1171,Heim::N,,хата
1172,Beutel::N,,мяшок
1173,Eimer::N,,вядро
1174,Sack::N,,мех
1175,Brei::N,,каша
1176,Leder::N,,скура
1177,Gott::N,,бог
1178,Reichtum::N,,багацце
1179,Staat::N,,дзяржава
1180,Gewalt::N,,насілле
1181,Bogen[Waffe]::N,,лук
1182,Lüge::N,,хлусня
1183,Schaden::N,,шкода
1184,April::N,,красавік
1185,frisch::A,,свежы
1186,lecker::A,,смачны
1187,sauer::A,,кіслы
1188,bunt::A,,пяресты
1189,teuer::A,,дарагі
1190,geschickt::A,,умелы
1191,nackt::A,,голы
1192,ehemalig::A,,былы
1193,bekannt::A,,знаёмы
1194,anderer::A,,іншы
1195,anderer::A,,другі
1196,zuerst::ADV,,спярша
1197,zuerst::ADV,,спачатку
1198,niemals::ADV,,ніколі
1199,von hier::ADV,,адсюль
1200,von hier::ADV,,адгэтуль
1201,dort::ADV,,там
1202,oben::ADV,,угары
1203,oben::ADV,,наверсе
1204,hinauf::ADV,,угару
1205,nicht::ADV,,не
1206,ein wenig::ADV,,трошкі
1207,so::ADV,,так
1208,nur::ADV,,толькі
1209,vor::PRP,,перад
1210,hinter::PRP,,за
1211,hinter::PRP,,ззаду
1212,unter::PRP,,пад
1213,durch::PRP,,праз
1214,neben::PRP,,каля
1215,zwischen::PRP,,між
1216,zwischen::PRP,,паміж
1217,wegen::PRP,,з-за
1218,alles::PRN,,усё
1219,aufgehen[Sonne]::V,,узысці
1220,strömen::V,,ліцца
1221,fließen::V,,цячы
1222,faulen::V,,гнісці
1223,verfaulen::V,,згнісці
1224,verschwinden::V,,знікнуць
1225,lärmen::V,,шумець
1226,klirren::V,,бразгаць
1227,rauschen::V,,шастаць
1228,klingen::V,,гучаць
1229,müde werden::V,,стаміцца
1230,krank werden::V,,захварэць
1231,krank sein::V,,хварэць
1232,umkommen::V,,загінуць
1233,sich rühren::V,,варушыцца
1234,sich erheben::V,,устаць
1235,hinfallen::V,,упасці
1236,kriechen::V,,поўзаць
1237,gehen::V,,ісці
1238,abfahren::V,,адʼяжджаць
1239,erwarten::V,,чакаць
1240,lachen::V,,смяяцца
1241,anschauen::V,,паглядзець
1242,probieren::V,,каштаваць
1243,zu sehen sein::V,,віднецца
1244,vernehmen::V,,пачуць
1245,können::V,,умець
1246,gelingen::V,,удацца
1247,geraten::V,,аказацца
1248,ändern::V,,змяніць
1249,drehen::V,,вярцець
1250,schieben::V,,пхаць
1251,schieben::V,,штурхаць
1252,rütteln::V,,хістаць
1253,schütten::V,,наліць
1254,packen::V,,схапіць
1255,packen::V,,схваціць
1256,hinzufügen::V,,дабавіць
1257,wählen::V,,выбраць
1258,auswählen::V,,адабраць
1259,behindern::V,,перашкаджаць
1260,beschädigen::V,,пашкодзіць
1261,reichen::V,,перадаць
1262,schenken::V,,дарыць
1263,wiegen::V,,гушкаць
1264,wiegen::V,,калыхаць
1265,lassen::V,,прымусіць
1266,verlassen::V,,пакінуць
1267,bewachen::V,,ахоўваць
1268,verteidigen::V,,абараніць
1269,sich schlagen::V,,біцца
1270,sich schlagen::V,,драцца
1271,siegen::V,,перамагчы
1272,belästigen::V,,дакучаць
1273,täuschen::V,,падмануць
1274,pflücken::V,,зрываць
1275,fassen::V,,злавіць
1276,hüten::V,,пасвіць
1277,treiben::V,,гнаць
1278,melken::V,,даіць
1279,hacken::V,,сячы
1280,reifen::V,,паспець
1281,zubereiten::V,,зварыць
1282,zubereiten::V,,згатаваць
1283,backen::V,,пячы
1284,stricken::V,,вязаць
1285,nähen::V,,шыць
1286,spülen::V,,паласкаць
1287,kehren::V,,месці
1288,kämmen::V,,прычасаць
1289,schmücken::V,,аздобіць
1290,sich unterhalten::V,,гутарыць
1291,nennen::V,,назваць
1292,bemerken::V,,заўважыць
1293,begreifen::V,,спасцігнуць
1294,zeichnen::V,,рысаваць
1295,besitzen::V,,мець
1296,zahlen::V,,плаціць
