,Concept_ID,lv,es
0,Auge::N,син,ojo
1,Auge::N,acs,ojo
2,Ohr::N,пель,oreja
3,Ohr::N,auss,oreja
4,Nase::N,ныр,nariz
5,Nase::N,deguns,nariz
6,Mund::N,вом,boca
7,Mund::N,mute,boca
8,Zahn::N,пинь,diente
9,Zahn::N,zobs,diente
10,Zunge::N,кыв,lengua
11,Zunge::N,mēle,lengua
12,Lippe::N,вом дор,labio
13,Lippe::N,lūpa,labio
14,Wange::N,бан,mejilla
15,Wange::N,vaigs,mejilla
16,Gesicht::N,чужӧм,cara
17,Gesicht::N,seja,cara
18,Gesicht::N,ģīmis,cara
19,Stirn::N,плеш,frente
20,Stirn::N,кымӧс,frente
21,Stirn::N,piere,frente
22,Haar::N,си,cabello
23,Haar::N,юрси,cabello
24,Haar::N,mats,cabello
25,Schnurrbart::N,ус,bigote
26,Schnurrbart::N,пыртсим,bigote
27,Schnurrbart::N,ūsas,bigote
28,Bart::N,тош,barba
29,Bart::N,bārda,barba
30,Kinn::N,тшӧка,barbilla
31,Kinn::N,zods,barbilla
32,Kinn::N,smakrs,barbilla
33,Kiefer[Anatomie]::N,черлы,mandíbula
34,Kiefer[Anatomie]::N,алака лы,mandíbula
35,Kiefer[Anatomie]::N,вомкӧтш лы,mandíbula
36,Kiefer[Anatomie]::N,žoklis,mandíbula
37,Kehle::N,голя,garganta
38,Kehle::N,rīkle,garganta
39,Hals::N,сьылі,cuello
40,Hals::N,kakls,cuello
41,Genick::N,юрбӧр,nuca
42,Genick::N,юрбӧр,cerviz
43,Genick::N,балябӧж,nuca
44,Genick::N,балябӧж,cerviz
45,Genick::N,sprands,nuca
46,Genick::N,sprands,cerviz
47,Kopf::N,юр,cabeza
48,Kopf::N,galva,cabeza
49,Rücken::N,мыш,espalda
50,Rücken::N,mugura,espalda
51,Bauch::N,рушку,vientre
52,Bauch::N,vēders,vientre
53,Nabel::N,гӧг,ombligo
54,Nabel::N,naba,ombligo
55,Busen::N,морӧс,pecho
56,Busen::N,krūts,pecho
57,Brust::N,морӧс,pecho
58,Brust::N,krūts,pecho
59,Schulter::N,пельпом,hombro
60,Schulter::N,plecs,hombro
61,Arm::N,ки,brazo
62,Arm::N,roka,brazo
63,Arm::N,delms,brazo
64,Ellenbogen::N,гырддза,codo
65,Ellenbogen::N,elkonis,codo
66,Hand::N,ки,mano
67,Hand::N,roka,mano
68,Hand::N,plauksta,mano
69,Handfläche::N,ки пыдӧс,palma
70,Handfläche::N,delna,palma
71,Handfläche::N,plauksta,palma
72,Finger::N,чунь,dedo
73,Finger::N,pirksts,dedo
74,Fingernagel::N,гыж,uña
75,Fingernagel::N,nags,uña
76,Nagel[Anatomie]::N,гыж,uña
77,Nagel[Anatomie]::N,nags,uña
78,Zeh::N,кок чунь,dedo del pie
79,Zeh::N,pirksts,dedo del pie
80,Fuß::N,кок,pie
81,Fuß::N,kāja,pie
82,Ferse::N,кокбӧр,talón
83,Ferse::N,papēdis,talón
84,Knie::N,пидзӧс,rodilla
85,Knie::N,celis,rodilla
86,Oberschenkel::N,лядьвей,muslo
87,Oberschenkel::N,бек,muslo
88,Oberschenkel::N,ciska,muslo
89,Oberschenkel::N,augšstilbs,muslo
90,Bein::N,кок,pierna
91,Bein::N,kāja,pierna
92,Körper::N,туша,cuerpo
93,Körper::N,вывтыр,cuerpo
94,Körper::N,miesa,cuerpo
95,Körper::N,ķermenis,cuerpo
96,Haut::N,ку,piel
97,Haut::N,āda,piel
98,Blut::N,вир,sangre
99,Blut::N,asins,sangre
100,Ader::N,сӧн,vena
101,Ader::N,asinsvads,vena
102,Sehne::N,вез,tendón
103,Sehne::N,dzīsla,tendón
104,Knochen::N,лы,hueso
105,Knochen::N,kauls,hueso
106,Gehirn::N,вем,cerebro
107,Gehirn::N,вем,encéfalo
108,Gehirn::N,smadzenes,cerebro
109,Gehirn::N,smadzenes,encéfalo
110,Herz::N,сьӧлӧм,corazón
111,Herz::N,sirds,corazón
112,Magen::N,кынӧм,estómago
113,Magen::N,kuņģis,estómago
114,Leber::N,мус,hígado
115,Leber::N,aknas,hígado
116,Atem::N,лов,aliento
117,Atem::N,elpa,aliento
118,Hunger::N,тшыг,hambre
119,Hunger::N,bads,hambre
120,Hunger::N,izsalkums,hambre
121,Träne::N,синва,lágrima
122,Träne::N,asara,lágrima
123,Geschmack::N,кӧр,gusto
124,Geschmack::N,чӧсмӧс,gusto
125,Geschmack::N,garša,gusto
126,Geruch::N,зын,olor
127,Geruch::N,дук,olor
128,Geruch::N,smaka,olor
129,Schlaf::N,узьӧм,sueño
130,Schlaf::N,miegs,sueño
131,Traum::N,вӧт,sueño
132,Traum::N,вӧт,ensueño
133,Traum::N,вӧтасьӧм,sueño
134,Traum::N,вӧтасьӧм,ensueño
135,Traum::N,sapnis,sueño
136,Traum::N,sapnis,ensueño
137,Himmel::N,енэж,cielo
138,Himmel::N,debess,cielo
139,Sonne::N,шонді,sol
140,Sonne::N,saule,sol
141,Mond::N,тӧлысь,luna
142,Mond::N,mēness,luna
143,Stern::N,кодзув,estrella
144,Stern::N,zvaigzne,estrella
145,Luft::N,сынӧд,aire
146,Luft::N,gaiss,aire
147,Wind::N,тӧв,viento
148,Wind::N,vējš,viento
149,Welle::N,гы,ola
150,Welle::N,гы,onda
151,Welle::N,vilnis,ola
152,Welle::N,vilnis,onda
153,Wasser::N,ва,agua
154,Wasser::N,ūdens,agua
155,Stein::N,из,piedra
156,Stein::N,akmens,piedra
157,Boden::N,му,suelo
158,Boden::N,augsne,suelo
159,Erde::N,му,tierra
160,Erde::N,му-ва,tierra
161,Erde::N,zeme,tierra
162,Staub::N,бус,polvo
163,Staub::N,putekļi,polvo
164,Rauch::N,тшын,humo
165,Rauch::N,dūmi,humo
166,Funke::N,кинь,chispa
167,Funke::N,би кинь,chispa
168,Funke::N,dzirkstele,chispa
169,Feuer::N,би,fuego
170,Feuer::N,uguns,fuego
171,Licht::N,югӧр,luz
172,Licht::N,gaisma,luz
173,Schatten::N,вуджӧр,sombra
174,Schatten::N,ēna,sombra
175,Wetter::N,поводдя,tiempo
176,Wetter::N,laiks,tiempo
177,Nebel::N,ру,niebla
178,Nebel::N,онь,niebla
179,Nebel::N,migla,niebla
180,Wolke::N,кымӧр,nube
181,Wolke::N,mākonis,nube
182,Regen::N,зэр,lluvia
183,Regen::N,lietus,lluvia
184,Schnee::N,лым,nieve
185,Schnee::N,sniegs,nieve
186,Eis::N,йи,hielo
187,Eis::N,ledus,hielo
188,Frost::N,кӧдзыд,helada
189,Frost::N,sals,helada
190,Kälte::N,кӧдзыд,frío
191,Kälte::N,saltums,frío
192,Kälte::N,aukstums,frío
193,Hitze::N,пӧсь,calor
194,Hitze::N,гожӧд,calor
195,Hitze::N,karstums,calor
196,Raureif::N,пуж,escarcha
197,Raureif::N,гыӧр,escarcha
198,Raureif::N,sarma,escarcha
199,Regenbogen::N,ӧшкамӧшка,arco iris
200,Regenbogen::N,varavīksne,arco iris
201,Donner::N,гым,trueno
202,Donner::N,pērkons,trueno
203,Strömung::N,ва ныр,corriente
204,Strömung::N,визувтӧм,corriente
205,Strömung::N,straume,corriente
206,Strömung::N,strāvojums,corriente
207,Tropfen::N,войт,gota
208,Tropfen::N,lāse,gota
209,Schaum::N,быг,espuma
210,Schaum::N,быгзьӧм,espuma
211,Schaum::N,putas,espuma
212,Schmutz::N,няйт,suciedad
213,Schmutz::N,dubļi,suciedad
214,See::N,ты,lago
215,See::N,ezers,lago
216,Sumpf::N,гыбад,pantano
217,Sumpf::N,кад,pantano
218,Sumpf::N,dumbrājs,pantano
219,Sumpf::N,staignājs,pantano
220,Moor::N,нюр,turbera
221,Moor::N,purvs,turbera
222,Moor::N,muklājs,turbera
223,Wiese::N,видз,prado
224,Wiese::N,видз,pradera
225,Wiese::N,pļava,prado
226,Wiese::N,pļava,pradera
227,Wald::N,вӧр,bosque
228,Wald::N,mežs,bosque
229,Hügel::N,дзиб,colina
230,Hügel::N,мыльк,colina
231,Hügel::N,нӧрыс,colina
232,Hügel::N,paugurs,colina
233,Anhöhe::N,мыльк,cerro
234,Anhöhe::N,нӧрыс,cerro
235,Anhöhe::N,paugurs,cerro
236,Berg::N,чой,monte
237,Berg::N,чой,montaña
238,Berg::N,керӧс,monte
239,Berg::N,керӧс,montaña
240,Berg::N,kalns,monte
241,Berg::N,kalns,montaña
242,Gipfel::N,чук,cima
243,Gipfel::N,чук,cumbre
244,Gipfel::N,virsotne,cima
245,Gipfel::N,virsotne,cumbre
246,Höhle::N,рудӧг,cueva
247,Höhle::N,рудӧг,caverna
248,Höhle::N,ala,cueva
249,Höhle::N,ala,caverna
250,Abhang::N,ньывк,cuesta
251,Abhang::N,ньывк,declive
252,Abhang::N,бокша,cuesta
253,Abhang::N,бокша,declive
254,Abhang::N,nogāze,cuesta
255,Abhang::N,nogāze,declive
256,Quelle::N,ӧшмӧс,fuente
257,Quelle::N,ӧшмӧс,manantial
258,Quelle::N,avots,fuente
259,Quelle::N,avots,manantial
260,Bach::N,шор,arroyo
261,Bach::N,urga,arroyo
262,Bach::N,strauts,arroyo
263,Fluss::N,ю,río
264,Fluss::N,upe,río
265,Ufer::N,вадор,orilla
266,Ufer::N,krasts,orilla
267,Küste::N,вадор,costa
268,Küste::N,piekraste,costa
269,Festland::N,му,tierra firme
270,Festland::N,sauszeme,tierra firme
271,Meer::N,саридз,mar
272,Meer::N,jūra,mar
273,Bucht::N,куръя,cala
274,Bucht::N,куръя,bahía
275,Bucht::N,līcis,cala
276,Bucht::N,līcis,bahía
277,Insel::N,ді,isla
278,Insel::N,sala,isla
279,Blume::N,дзоридз,flor
280,Blume::N,puķe,flor
281,Blume::N,zieds,flor
282,Gras::N,турун,hierba
283,Gras::N,zāle,hierba
284,Wurzel::N,вуж,raíz
285,Wurzel::N,sakne,raíz
286,Baum::N,пу,árbol
287,Baum::N,koks,árbol
288,Stamm::N,пучер,tronco
289,Stamm::N,stumbrs,tronco
290,Rinde::N,кырсь,corteza
291,Rinde::N,miza,corteza
292,Ast::N,ув,rama
293,Ast::N,zars,rama
294,Zweig::N,вож,ramo
295,Zweig::N,nozare,ramo
296,Blatt::N,кор,hoja
297,Blatt::N,lapa,hoja
298,Birke::N,кыдз,abedul
299,Birke::N,bērzs,abedul
300,Kiefer[Baum]::N,пожӧм,pino
301,Kiefer[Baum]::N,priede,pino
302,Weide[Baum]::N,бадь,sauce
303,Weide[Baum]::N,kārkls,sauce
304,Tanne::N,коз,abeto
305,Tanne::N,egle,abeto
306,Horn::N,сюр,asta
307,Horn::N,сюр,cuerno
308,Horn::N,rags,asta
309,Horn::N,rags,cuerno
310,Feder::N,гӧн,pluma
311,Feder::N,тывборд,pluma
312,Feder::N,spalva,pluma
313,Fell::N,ку,piel
314,Fell::N,āda,piel
315,Flügel::N,борд,ala
316,Flügel::N,spārns,ala
317,Klaue::N,гыж,garra
318,Klaue::N,nags,garra
319,Kralle::N,гыж,uña
320,Kralle::N,гыж,garra
321,Kralle::N,nags,uña
322,Kralle::N,nags,garra
323,Schwanz::N,бӧж,cola
324,Schwanz::N,ļipa,cola
325,Ei::N,кольк,huevo
326,Ei::N,ola,huevo
327,Nest::N,поз,nido
328,Nest::N,ligzda,nido
329,Bau::N,горс,madriguera
330,Bau::N,пырмӧс,madriguera
331,Bau::N,гу,madriguera
332,Bau::N,ala,madriguera
333,Tier::N,пемӧс,animal
334,Tier::N,dzīvnieks,animal
335,Herde::N,стада,rebaño
336,Herde::N,кельӧб,rebaño
337,Herde::N,ganāmpulks,rebaño
338,Kuh::N,мӧс,vaca
339,Kuh::N,govs,vaca
340,Bulle::N,ӧш,toro
341,Bulle::N,bullis,toro
342,Pferd::N,вӧв,caballo
343,Pferd::N,zirgs,caballo
344,Schaf::N,ыж,oveja
345,Schaf::N,aita,oveja
346,Schwein::N,порсь,cerdo
347,Schwein::N,cūka,cerdo
348,Hund::N,пон,perro
349,Hund::N,suns,perro
350,Katze::N,кань,gato
351,Katze::N,kaķis,gato
352,Bär::N,ош,oso
353,Bär::N,lācis,oso
354,Eichhörnchen::N,ур,ardilla
355,Eichhörnchen::N,vāvere,ardilla
356,Elch::N,йӧра,alce
357,Elch::N,alnis,alce
358,Fuchs::N,руч,zorro
359,Fuchs::N,lapsa,zorro
360,Hase::N,кӧч,liebre
361,Hase::N,zaķis,liebre
362,Maus::N,шыр,ratón
363,Maus::N,pele,ratón
364,Wolf::N,кӧин,lobo
365,Wolf::N,vilks,lobo
366,Vogel::N,кай,ave
367,Vogel::N,кай,pájaro
368,Vogel::N,лэбач,ave
369,Vogel::N,лэбач,pájaro
370,Vogel::N,putns,ave
371,Vogel::N,putns,pájaro
372,Schwarm::N,чукӧр,bandada
373,Schwarm::N,spiets,bandada
374,Huhn::N,курӧг,gallina
375,Huhn::N,vista,gallina
376,Hahn::N,петук,gallo
377,Hahn::N,gailis,gallo
378,Gans::N,дзодзӧг,oca
379,Gans::N,дзодзӧг,ganso
380,Gans::N,zoss,oca
381,Gans::N,zoss,ganso
382,Adler::N,кутш,águila
383,Adler::N,ērglis,águila
384,Ente::N,утка,pato
385,Ente::N,pīle,pato
386,Eule::N,сюзь,lechuza
387,Eule::N,pūce,lechuza
388,Kranich::N,тури,grulla
389,Kranich::N,dzērve,grulla
390,Krähe::N,рака,corneja
391,Krähe::N,vārna,corneja
392,Kuckuck::N,кӧк,cuco
393,Kuckuck::N,dzeguze,cuco
394,Schwan::N,юсь,cisne
395,Schwan::N,gulbis,cisne
396,Fisch::N,чери,pez
397,Fisch::N,zivs,pez
398,Barsch::N,ёкыш,perca
399,Barsch::N,asaris,perca
400,Hecht::N,сир,lucio
401,Hecht::N,līdaka,lucio
402,Schlange[Tier]::N,кый,serpiente
403,Schlange[Tier]::N,čūska,serpiente
404,Wurm::N,номыр,gusano
405,Wurm::N,tārps,gusano
406,Spinne::N,черань,araña
407,Spinne::N,zirneklis,araña
408,Ameise::N,кодзувкот,hormiga
409,Ameise::N,skudra,hormiga
410,Laus::N,той,piojo
411,Laus::N,uts,piojo
412,Mücke::N,ном,mosquito
413,Mücke::N,ods,mosquito
414,Fliege::N,гут,mosca
415,Fliege::N,muša,mosca
416,Schmetterling::N,бобув,mariposa
417,Schmetterling::N,tauriņš,mariposa
418,Beere::N,тусь,baya
419,Beere::N,вотӧс,baya
420,Beere::N,oga,baya
421,Apfel::N,яблӧг,manzana
422,Apfel::N,ābols,manzana
423,Pilz::N,тшак,seta
424,Pilz::N,тшак,hongo
425,Pilz::N,sēne,seta
426,Pilz::N,sēne,hongo
427,Zwiebel::N,луккок,cebolla
428,Zwiebel::N,йӧнгыль,cebolla
429,Zwiebel::N,sīpols,cebolla
430,Saat::N,тусь,siembra
431,Saat::N,кӧйдыс,siembra
432,Saat::N,sēkla,siembra
433,Korn::N,тусь,grano
434,Korn::N,grauds,grano
435,Heu::N,турун,heno
436,Heu::N,siens,heno
437,Schale::N,кор,cáscara
438,Schale::N,čaula,cáscara
439,Schale::N,čaumala,cáscara
440,Grube::N,гу,foso
441,Grube::N,bedre,foso
442,Falle::N,лэч,trampa
443,Falle::N,slazds,trampa
444,Falle::N,lamatas,trampa
445,Schlinge::N,лэч,lazo
446,Schlinge::N,cilpa,lazo
447,Spur::N,туй,huella
448,Spur::N,pēda,huella
449,Asche::N,пӧм,ceniza
450,Asche::N,pelni,ceniza
451,Dreck::N,няйт,suciedad
452,Dreck::N,dubļi,suciedad
453,Eisen::N,кӧрт,hierro
454,Eisen::N,dzelzs,hierro
455,Gold::N,зарни,oro
456,Gold::N,zelts,oro
457,Silber::N,эзысь,plata
458,Silber::N,sudrabs,plata
459,Kohle::N,шом,carbón
460,Kohle::N,ogle,carbón
461,Glas::N,стеклӧ,vidrio
462,Glas::N,стеклӧ,cristal
463,Glas::N,stikls,vidrio
464,Glas::N,stikls,cristal
465,Lehm::N,сёй,barro
466,Lehm::N,māls,barro
467,Sand::N,лыа,arena
468,Sand::N,smiltis,arena
469,Mensch::N,морт,hombre
470,Mensch::N,морт,ser humano
471,Mensch::N,cilvēks,hombre
472,Mensch::N,cilvēks,ser humano
473,Mann::N,аймӧрт,hombre
474,Mann::N,мужичӧй,hombre
475,Mann::N,vīrietis,hombre
476,Frau::N,ань,mujer
477,Frau::N,нывбаба,mujer
478,Frau::N,sieviete,mujer
479,Kind::N,кага,niño
480,Kind::N,bērns,niño
481,Junge::N,пи,chico
482,Junge::N,пи,muchacho
483,Junge::N,zēns,chico
484,Junge::N,zēns,muchacho
485,Junge::N,puika,chico
486,Junge::N,puika,muchacho
487,Junge::N,puisis,chico
488,Junge::N,puisis,muchacho
489,Mädchen::N,ныв,chica
490,Mädchen::N,ныв,muchacha
491,Mädchen::N,meiča,chica
492,Mädchen::N,meiča,muchacha
493,Mädchen::N,skuķis,chica
494,Mädchen::N,skuķis,muchacha
495,Mädchen::N,meitene,chica
496,Mädchen::N,meitene,muchacha
497,Familie::N,семья,familia
498,Familie::N,ģimene,familia
499,Großvater::N,пӧль,abuelo
500,Großvater::N,vecaistēvs,abuelo
501,Großmutter::N,баб,abuela
502,Großmutter::N,vecāmāte,abuela
503,Eltern::N,ай-мам,padres
504,Eltern::N,бать-мам,padres
505,Eltern::N,vecāki,padres
506,Vater::N,бать,padre
507,Vater::N,ай,padre
508,Vater::N,tēvs,padre
509,Mutter::N,мам,madre
510,Mutter::N,māte,madre
511,Sohn::N,пи,hijo
512,Sohn::N,dēls,hijo
513,Tochter::N,ныв,hija
514,Tochter::N,meita,hija
515,Bruder::N,вок,hermano
516,Bruder::N,brālis,hermano
517,Schwester::N,чой,hermana
518,Schwester::N,māsa,hermana
519,Onkel::N,дядь,tío
520,Onkel::N,tēvocis,tío
521,Tante::N,тьӧт,tía
522,Tante::N,tante,tía
523,Ehemann::N,верӧс,esposo
524,Ehemann::N,vīrs,esposo
525,Ehefrau::N,гӧтыр,esposa
526,Ehefrau::N,sieva,esposa
527,Freude::N,радлун,placer
528,Freude::N,радлун,alegría
529,Freude::N,prieks,placer
530,Freude::N,prieks,alegría
531,Gelächter::N,серам,risa
532,Gelächter::N,серам,carcajada
533,Gelächter::N,smiekli,risa
534,Gelächter::N,smiekli,carcajada
535,Glück::N,шуд,felicidad
536,Glück::N,laime,felicidad
537,Kummer::N,шог,pena
538,Kummer::N,bēdas,pena
539,Kummer::N,raizes,pena
540,Wunsch::N,кӧсйӧм,deseo
541,Wunsch::N,vēlme,deseo
542,Wunsch::N,vēlējums,deseo
543,Lust::N,кыскӧм,ganas
544,Lust::N,радейтӧм,ganas
545,Lust::N,kāre,ganas
546,Geist::N,лов,mente
547,Geist::N,лов,espíritu
548,Geist::N,gars,mente
549,Geist::N,gars,espíritu
550,Gedanke::N,мӧвп,idea
551,Gedanke::N,мӧвп,pensamiento
552,Gedanke::N,doma,idea
553,Gedanke::N,doma,pensamiento
554,Gedächtnis::N,паметь,memoria
555,Gedächtnis::N,atmiņa,memoria
556,Verstand::N,вежӧр,razón
557,Verstand::N,вежӧр,entendimiento
558,Verstand::N,prāts,razón
559,Verstand::N,prāts,entendimiento
560,Sinn::N,мог,sentido
561,Sinn::N,мог,significado
562,Sinn::N,вежӧртас,sentido
563,Sinn::N,вежӧртас,significado
564,Sinn::N,nozīme,sentido
565,Sinn::N,nozīme,significado
566,Grund::N,помка,causa
567,Grund::N,pamats,causa
568,Grund::N,iemesls,causa
569,Wahrheit::N,збыль,verdad
570,Wahrheit::N,збыльтор,verdad
571,Wahrheit::N,taisnība,verdad
572,Wahrheit::N,patiesība,verdad
573,Gespräch::N,сёрни,conversación
574,Gespräch::N,saruna,conversación
575,Märchen::N,мойд,cuento
576,Märchen::N,pasaka,cuento
577,Erzählung::N,висьт,cuento
578,Erzählung::N,висьт,narración
579,Erzählung::N,stāsts,cuento
580,Erzählung::N,stāsts,narración
581,Erzählung::N,nostāsts,cuento
582,Erzählung::N,nostāsts,narración
583,Nachricht::N,юӧртӧм,mensaje
584,Nachricht::N,ziņa,mensaje
585,Neuigkeit::N,выльтор,noticia
586,Neuigkeit::N,jaunums,noticia
587,Name::N,ним,nombre
588,Name::N,vārds,nombre
589,Rätsel::N,нӧдкыв,acertijo
590,Rätsel::N,нӧдкыв,adivinanza
591,Rätsel::N,mīkla,acertijo
592,Rätsel::N,mīkla,adivinanza
593,Rede::N,сёрни,discurso
594,Rede::N,runa,discurso
595,Sprache::N,кыв,lengua
596,Sprache::N,valoda,lengua
597,Stimme::N,гӧлӧс,voz
598,Stimme::N,вом шы,voz
599,Stimme::N,balss,voz
600,Wort::N,кыв,palabra
601,Wort::N,vārds,palabra
602,Zeichen::N,пас,señal
603,Zeichen::N,zīme,señal
604,Ruf::N,чукӧстчӧм,llamada
605,Ruf::N,корӧм,llamada
606,Ruf::N,sauciens,llamada
607,Lärm::N,шы,ruido
608,Lärm::N,шы,barullo
609,Lärm::N,зык,ruido
610,Lärm::N,зык,barullo
611,Lärm::N,зычитӧм,ruido
612,Lärm::N,зычитӧм,barullo
613,Lärm::N,troksnis,ruido
614,Lärm::N,troksnis,barullo
615,Laut::N,шы,sonido
616,Laut::N,skaņa,sonido
617,Ton::N,шы,tono
618,Ton::N,tonis,tono
619,Lied::N,сьылан,canción
620,Lied::N,сьыланкыв,canción
621,Lied::N,dziesma,canción
622,Ruhe::N,чӧв,calma
623,Ruhe::N,чӧв,silencio
624,Ruhe::N,miers,calma
625,Ruhe::N,miers,silencio
626,Leute::N,йӧз,gente
627,Leute::N,войтыр,gente
628,Leute::N,ļaudis,gente
629,Leute::N,cilvēki,gente
630,Volk::N,йӧз,pueblo
631,Volk::N,войтыр,pueblo
632,Volk::N,tauta,pueblo
633,Arbeit::N,удж,trabajo
634,Arbeit::N,darbs,trabajo
635,Gast::N,гӧсть,huésped
636,Gast::N,гӧсть,invitado
637,Gast::N,viešņa,huésped
638,Gast::N,viešņa,invitado
639,Gast::N,ciemiņš,huésped
640,Gast::N,ciemiņš,invitado
641,Geschenk::N,козин,regalo
642,Geschenk::N,dāvana,regalo
643,Spiel::N,ворсан,juego
644,Spiel::N,rotaļa,juego
645,Gesellschaft::N,котыр,compañía
646,Gesellschaft::N,biedrība,compañía
647,Gesellschaft::N,kompānija,compañía
648,Hilfe::N,отсӧг,ayuda
649,Hilfe::N,отсӧг,socorro
650,Hilfe::N,palīdzība,ayuda
651,Hilfe::N,palīdzība,socorro
652,Freund::N,ёрт,amigo
653,Freund::N,draugs,amigo
654,Kamerad::N,ёрт,camarada
655,Kamerad::N,ёрт,compañero
656,Kamerad::N,biedrs,camarada
657,Kamerad::N,biedrs,compañero
658,Angelegenheit::N,мог,asunto
659,Angelegenheit::N,делӧ,asunto
660,Angelegenheit::N,darīšana,asunto
661,Anzahl::N,лыд,cantidad
662,Anzahl::N,тшӧт,cantidad
663,Anzahl::N,skaits,cantidad
664,Anzahl::N,daudzums,cantidad
665,Art::N,сикас,tipo
666,Art::N,сикас,clase
667,Art::N,suga,tipo
668,Art::N,suga,clase
669,Art::N,šķira,tipo
670,Art::N,šķira,clase
671,Stück::N,тор,pieza
672,Stück::N,gabals,pieza
673,Teil::N,юкӧн,parte
674,Teil::N,daļa,parte
675,Hälfte::N,пӧв,mitad
676,Hälfte::N,джын,mitad
677,Hälfte::N,puse,mitad
678,Kreis::N,кытш,círculo
679,Kreis::N,aplis,círculo
680,Kreis::N,riņķis,círculo
681,Kreuz::N,перна,cruz
682,Kreuz::N,крест,cruz
683,Kreuz::N,krusts,cruz
684,Linie::N,визь,línea
685,Linie::N,līnija,línea
686,Strich::N,визь,raya
687,Strich::N,визь,trazo
688,Strich::N,svītra,raya
689,Strich::N,svītra,trazo
690,Abstand::N,кост,distancia
691,Abstand::N,коласт,distancia
692,Abstand::N,atstarpe,distancia
693,Entfernung::N,ылна,distancia
694,Entfernung::N,attālums,distancia
695,Entfernung::N,atstatums,distancia
696,Gegend::N,му-ва,región
697,Gegend::N,му-ва,comarca
698,Gegend::N,apvidus,región
699,Gegend::N,apvidus,comarca
700,Gegend::N,apgabals,región
701,Gegend::N,apgabals,comarca
702,Platz::N,ылдӧс,espacio
703,Platz::N,йир,espacio
704,Platz::N,гӧгӧртас,espacio
705,Platz::N,vieta,espacio
706,Ort::N,ин,sitio
707,Ort::N,места,sitio
708,Ort::N,vieta,sitio
709,Seite::N,бок,lado
710,Seite::N,бок,costado
711,Seite::N,ӧтарладор,lado
712,Seite::N,ӧтарладор,costado
713,Seite::N,sāns,lado
714,Seite::N,sāns,costado
715,Mitte::N,шӧр,medio
716,Mitte::N,шӧр,centro
717,Mitte::N,vidus,medio
718,Mitte::N,vidus,centro
719,Gegenstand::N,кӧлуй,objeto
720,Gegenstand::N,priekšmets,objeto
721,Sache::N,добра,cosa
722,Sache::N,lieta,cosa
723,Rand::N,дор,borde
724,Rand::N,mala,borde
725,Rand::N,apmale,borde
726,Kante::N,дор,borde
727,Kante::N,šķautne,borde
728,Ecke::N,пельӧс,esquina
729,Ecke::N,kakts,esquina
730,Ecke::N,stūris,esquina
731,Spitze::N,йыв,punta
732,Spitze::N,smaile,punta
733,Spitze::N,galotne,punta
734,Ende::N,пом,cabo
735,Ende::N,пом,extremo
736,Ende::N,gals,cabo
737,Ende::N,gals,extremo
738,Ende::N,uzgalis,cabo
739,Ende::N,uzgalis,extremo
740,Loch::N,розь,agujero
741,Loch::N,розь,abertura
742,Loch::N,caurums,agujero
743,Loch::N,caurums,abertura
744,Winkel::N,пельӧс,ángulo
745,Winkel::N,leņķis,ángulo
746,Muster::N,сер,dibujo
747,Muster::N,piemērs,dibujo
748,Größe::N,ыджда,tamaño
749,Größe::N,lielums,tamaño
750,Länge::N,кузьта,longitud
751,Länge::N,garums,longitud
752,Höhe::N,джуджда,altura
753,Höhe::N,джуджда,altitud
754,Höhe::N,augstums,altura
755,Höhe::N,augstums,altitud
756,Gewicht::N,сьӧкта,peso
757,Gewicht::N,сьӧкталун,peso
758,Gewicht::N,svars,peso
759,Gewicht::N,smagums,peso
760,Menge::N,лун,cantidad
761,Menge::N,числӧ,cantidad
762,Menge::N,masa,cantidad
763,Menge::N,daudzums,cantidad
764,Haufen::N,чукӧр,montón
765,Haufen::N,čupa,montón
766,Haufen::N,grēda,montón
767,Haufen::N,kaudze,montón
768,Reihe::N,рад,fila
769,Reihe::N,rinda,fila
770,Reihe::N,virkne,fila
771,Boot::N,пыж,bote
772,Boot::N,пыж,barca
773,Boot::N,laiva,bote
774,Boot::N,laiva,barca
775,Ruder::N,пелыс,remo
776,Ruder::N,ӧпаснӧй,remo
777,Ruder::N,airis,remo
778,Ruder::N,irklis,remo
779,Schlitten::N,дадь,trineo
780,Schlitten::N,ragavas,trineo
781,Ski::N,лызь,esquí
782,Ski::N,slēpe,esquí
783,Lagerfeuer::N,бипур,hoguera
784,Lagerfeuer::N,ugunskurs,hoguera
785,Last::N,сьӧкыдтор,carga
786,Last::N,krava,carga
787,Gang::N,мунӧм,marcha
788,Gang::N,ветлӧм,marcha
789,Gang::N,eja,marcha
790,Gang::N,gājums,marcha
791,Schritt::N,воськов,paso
792,Schritt::N,воськовтӧм,paso
793,Schritt::N,solis,paso
794,Norden::N,войвыв,norte
795,Norden::N,ziemeļi,norte
796,Süden::N,лунвыв,sur
797,Süden::N,dienvidi,sur
798,Westen::N,рытыв,oeste
799,Westen::N,rietumi,oeste
800,Osten::N,асыв,este
801,Osten::N,austrumi,este
802,Holz::N,пу,madera
803,Holz::N,koks,madera
804,Holz::N,koksne,madera
805,Brett::N,пӧв,tabla
806,Brett::N,dēlis,tabla
807,Platte::N,плита,placa
808,Platte::N,плита,plancha
809,Platte::N,plate,placa
810,Platte::N,plate,plancha
811,Platte::N,plāksne,placa
812,Platte::N,plāksne,plancha
813,Stütze::N,пыкӧд,sostén
814,Stütze::N,пыкӧд,soporte
815,Stütze::N,мыджӧд,sostén
816,Stütze::N,мыджӧд,soporte
817,Stütze::N,balsts,sostén
818,Stütze::N,balsts,soporte
819,Stütze::N,atspaids,sostén
820,Stütze::N,atspaids,soporte
821,Stange::N,потш,vara
822,Stange::N,потш,percha
823,Stange::N,maikste,vara
824,Stange::N,maikste,percha
825,Stock::N,бедь,palo
826,Stock::N,бедь,bastón
827,Stock::N,boze,palo
828,Stock::N,boze,bastón
829,Stock::N,spieķis,palo
830,Stock::N,spieķis,bastón
831,Stab::N,зир,vara
832,Stab::N,зир,bastón
833,Stab::N,zizlis,vara
834,Stab::N,zizlis,bastón
835,Rohr::N,труба,tubo
836,Rohr::N,caurule,tubo
837,Haus::N,керка,casa
838,Haus::N,māja,casa
839,Heim::N,горт,hogar
840,Heim::N,mājas,hogar
841,Ofen::N,пач,estufa
842,Ofen::N,krāsns,estufa
843,Fußboden::N,джодж,suelo
844,Fußboden::N,grīda,suelo
845,Tisch::N,пызан,mesa
846,Tisch::N,galds,mesa
847,Stuhl::N,улӧс,silla
848,Stuhl::N,krēsls,silla
849,Wiege::N,зыбка,cuna
850,Wiege::N,šūpulis,cuna
851,Bett::N,вольпась,cama
852,Bett::N,gulta,cama
853,Regal::N,джадж,estantería
854,Regal::N,plaukts,estantería
855,Kiste::N,куд,caja
856,Kiste::N,ящик,caja
857,Kiste::N,kaste,caja
858,Kiste::N,šķirsts,caja
859,Fenster::N,ӧшинь,ventana
860,Fenster::N,logs,ventana
861,Tür::N,ӧдзӧс,puerta
862,Tür::N,durvis,puerta
863,Tor::N,дзиръя,puerta
864,Tor::N,vārti,puerta
865,Zaun::N,потшӧс,valla
866,Zaun::N,потшӧс,cercado
867,Zaun::N,žogs,valla
868,Zaun::N,žogs,cercado
869,Dach::N,вевт,techo
870,Dach::N,вевт,tejado
871,Dach::N,jumts,techo
872,Dach::N,jumts,tejado
873,Leiter::N,пос,escalera
874,Leiter::N,kāpnes,escalera
875,Leiter::N,redeles,escalera
876,Besen::N,рос,escoba
877,Besen::N,slota,escoba
878,Spaten::N,зыр,pala
879,Spaten::N,lāpsta,pala
880,Schaufel::N,тэльӧб,pala
881,Schaufel::N,тэльӧб,paleta
882,Schaufel::N,liekšķere,pala
883,Schaufel::N,liekšķere,paleta
884,Gabel::N,вилки,tenedor
885,Gabel::N,dakšiņa,tenedor
886,Löffel::N,пань,cuchara
887,Löffel::N,karote,cuchara
888,Messer::N,пурт,cuchillo
889,Messer::N,nazis,cuchillo
890,Nagel::N,тув,clavo
891,Nagel::N,кӧрт тув,clavo
892,Nagel::N,nagla,clavo
893,Netz::N,тыв,red
894,Netz::N,tīkls,red
895,Haken::N,крук,gancho
896,Haken::N,крук,corchete
897,Haken::N,āķis,gancho
898,Haken::N,āķis,corchete
899,Haken::N,kāsis,gancho
900,Haken::N,kāsis,corchete
901,Haken::N,krampis,gancho
902,Haken::N,krampis,corchete
903,Griff::N,нуд,asa
904,Griff::N,нуд,mango
905,Griff::N,kāts,asa
906,Griff::N,kāts,mango
907,Griff::N,rokturis,asa
908,Griff::N,rokturis,mango
909,Schloss::N,томан,cerradura
910,Schloss::N,aizslēgs,cerradura
911,Bild::N,серпас,imagen
912,Bild::N,glezna,imagen
913,Figur::N,пертас,figura
914,Figur::N,вежньӧг,figura
915,Figur::N,figūra,figura
916,Puppe::N,акань,muñeca
917,Puppe::N,lelle,muñeca
918,Beutel::N,мешӧк,bolsa
919,Beutel::N,kule,bolsa
920,Beutel::N,maisiņš,bolsa
921,Bündel::N,кӧртӧд,haz
922,Bündel::N,sainis,haz
923,Tasche::N,сумка,bolso
924,Tasche::N,soma,bolso
925,Eimer::N,ведра,cubo
926,Eimer::N,spainis,cubo
927,Deckel::N,пӧдан,tapa
928,Deckel::N,пӧдан,tapadera
929,Deckel::N,тупкӧд,tapa
930,Deckel::N,тупкӧд,tapadera
931,Deckel::N,vāks,tapa
932,Deckel::N,vāks,tapadera
933,Geschirr::N,дозмук,vajilla
934,Geschirr::N,тасьті-пань,vajilla
935,Geschirr::N,trauki,vajilla
936,Sack::N,мешӧк,saco
937,Sack::N,maiss,saco
938,Tasse::N,бекар,taza
939,Tasse::N,тасьті,taza
940,Tasse::N,tase,taza
941,Topf::N,гырнич,olla
942,Topf::N,гырнич,marmita
943,Topf::N,pods,olla
944,Topf::N,pods,marmita
945,Kessel::N,пӧрт,caldera
946,Kessel::N,katls,caldera
947,Essen::N,сёйӧм,comida
948,Essen::N,ēdiens,comida
949,Nahrung::N,сёян,alimento
950,Nahrung::N,barība,alimento
951,Speise::N,сёян,plato
952,Speise::N,сёянтор,plato
953,Speise::N,ēdiens,plato
954,Fleisch::N,яй,carne
955,Fleisch::N,gaļa,carne
956,Getreide::N,нянь,cereales
957,Getreide::N,labība,cereales
958,Brei::N,рок,puré
959,Brei::N,рок,papilla
960,Brei::N,putra,puré
961,Brei::N,putra,papilla
962,Brei::N,biezenis,puré
963,Brei::N,biezenis,papilla
964,Brot::N,нянь,pan
965,Brot::N,maize,pan
966,Scheibe::N,шӧрӧм,lonja
967,Scheibe::N,шӧрӧм,rebanada
968,Scheibe::N,чӧлан,lonja
969,Scheibe::N,чӧлан,rebanada
970,Scheibe::N,šķēle,lonja
971,Scheibe::N,šķēle,rebanada
972,Scheibe::N,rieciens,lonja
973,Scheibe::N,rieciens,rebanada
974,Fett::N,гос,grasa
975,Fett::N,тшог,grasa
976,Fett::N,tauki,grasa
977,Butter::N,вый,mantequilla
978,Butter::N,sviests,mantequilla
979,Öl::N,вый,aceite
980,Öl::N,eļļa,aceite
981,Salz::N,сов,sal
982,Salz::N,sāls,sal
983,Suppe::N,шыд,sopa
984,Suppe::N,zupa,sopa
985,Honig::N,ма,miel
986,Honig::N,medus,miel
987,Milch::N,йӧв,leche
988,Milch::N,piens,leche
989,Tee::N,чай,té
990,Tee::N,tēja,té
991,Leder::N,ку,cuero
992,Leder::N,āda,cuero
993,Wolle::N,вурун,lana
994,Wolle::N,vilna,lana
995,Stoff::N,дӧра,tela
996,Stoff::N,дӧра,tejido
997,Stoff::N,drāna,tela
998,Stoff::N,drāna,tejido
999,Stoff::N,audums,tela
1000,Stoff::N,audums,tejido
1001,Nadel::N,ем,aguja
1002,Nadel::N,adata,aguja
1003,Faden::N,сунис,hilo
1004,Faden::N,diegs,hilo
1005,Faden::N,pavediens,hilo
1006,Knopf::N,кизь,botón
1007,Knopf::N,poga,botón
1008,Knoten::N,гӧрӧд,nudo
1009,Knoten::N,mezgls,nudo
1010,Farbe::N,краска,pintura
1011,Farbe::N,вап,pintura
1012,Farbe::N,krāsa,pintura
1013,Kleidung::N,паськӧм,ropa
1014,Kleidung::N,паськӧм,vestidos
1015,Kleidung::N,tērps,ropa
1016,Kleidung::N,tērps,vestidos
1017,Kleidung::N,drēbes,ropa
1018,Kleidung::N,drēbes,vestidos
1019,Hemd::N,дӧрӧм,camisa
1020,Hemd::N,krekls,camisa
1021,Kragen::N,воротник,cuello
1022,Kragen::N,apkakle,cuello
1023,Ärmel::N,сос,manga
1024,Ärmel::N,piedurkne,manga
1025,Hose::N,гач,pantalón
1026,Hose::N,bikses,pantalón
1027,Gürtel::N,вӧнь,cinturón
1028,Gürtel::N,josta,cinturón
1029,Mütze::N,шапка,gorro
1030,Mütze::N,cepure,gorro
1031,Schuh::N,башмак,zapato
1032,Schuh::N,ботинки,zapato
1033,Schuh::N,kurpe,zapato
1034,Stiefel::N,сапӧг,bota
1035,Stiefel::N,zābaks,bota
1036,Ring::N,кытш,anillo
1037,Ring::N,gredzens,anillo
1038,Band::N,лента,cinta
1039,Band::N,вундас,cinta
1040,Band::N,lente,cinta
1041,Kamm::N,сынан,peine
1042,Kamm::N,ķemme,peine
1043,Spiegel::N,рӧмпӧштан,espejo
1044,Spiegel::N,spogulis,espejo
1045,Riemen::N,тасма,correa
1046,Riemen::N,siksna,correa
1047,Schnur::N,гез,cuerda
1048,Schnur::N,aukla,cuerda
1049,Leine::N,юргез,correa
1050,Leine::N,saite,correa
1051,Decke::N,эшкын,manta
1052,Decke::N,шебрас,manta
1053,Decke::N,sega,manta
1054,Kissen::N,юрлӧс,almohada
1055,Kissen::N,spilvens,almohada
1056,Tuch::N,чышъян,pañuelo
1057,Tuch::N,vadmala,pañuelo
1058,Handtuch::N,ки чышкӧд,toalla
1059,Handtuch::N,кизьчышъян,toalla
1060,Handtuch::N,dvielis,toalla
1061,Kraft::N,этш,fuerza
1062,Kraft::N,эбӧс,fuerza
1063,Kraft::N,spēks,fuerza
1064,Stärke::N,ёнлун,fuerza
1065,Stärke::N,чорыдлун,fuerza
1066,Stärke::N,stiprums,fuerza
1067,Gesundheit::N,дзоньвидзалун,salud
1068,Gesundheit::N,veselība,salud
1069,Krankheit::N,висьӧм,enfermedad
1070,Krankheit::N,slimība,enfermedad
1071,Schmerz::N,висьӧм,dolor
1072,Schmerz::N,sāpes,dolor
1073,Wunde::N,дой,llaga
1074,Wunde::N,дой,herida
1075,Wunde::N,brūce,llaga
1076,Wunde::N,brūce,herida
1077,Wunde::N,jēlums,llaga
1078,Wunde::N,jēlums,herida
1079,Fieber::N,жар,fiebre
1080,Fieber::N,drudzis,fiebre
1081,Fieber::N,karstums,fiebre
1082,Arznei::N,лекарство,medicina
1083,Arznei::N,лекарство,medicamento
1084,Arznei::N,зелля,medicina
1085,Arznei::N,зелля,medicamento
1086,Arznei::N,zāles,medicina
1087,Arznei::N,zāles,medicamento
1088,Arznei::N,medikaments,medicina
1089,Arznei::N,medikaments,medicamento
1090,Brücke::N,пос,puente
1091,Brücke::N,tilts,puente
1092,Brunnen::N,юкмӧс,pozo
1093,Brunnen::N,aka,pozo
1094,Weide::N,пӧскӧтина,pasto
1095,Weide::N,ganības,pasto
1096,Pfad::N,туй,sendero
1097,Pfad::N,кыснан,sendero
1098,Pfad::N,taka,sendero
1099,Weg::N,туй,camino
1100,Weg::N,ceļš,camino
1101,Straße::N,туй,vía
1102,Straße::N,туй,carretera
1103,Straße::N,iela,vía
1104,Straße::N,iela,carretera
1105,Dorf::N,сикт,aldea
1106,Dorf::N,сикт,pueblo
1107,Dorf::N,ciems,aldea
1108,Dorf::N,ciems,pueblo
1109,Stadt::N,кар,ciudad
1110,Stadt::N,pilsēta,ciudad
1111,Brief::N,письмӧ,carta
1112,Brief::N,vēstule,carta
1113,Buch::N,небӧг,libro
1114,Buch::N,grāmata,libro
1115,Buchstabe::N,шыпас,letra
1116,Buchstabe::N,шыпас,carácter
1117,Buchstabe::N,burts,letra
1118,Buchstabe::N,burts,carácter
1119,Zeitung::N,газет,diario
1120,Zeitung::N,газет,periódico
1121,Zeitung::N,avīze,diario
1122,Zeitung::N,avīze,periódico
1123,Zeitung::N,laikraksts,diario
1124,Zeitung::N,laikraksts,periódico
1125,Leben::N,лов,vida
1126,Leben::N,олӧм,vida
1127,Leben::N,dzīve,vida
1128,Tod::N,кулӧм,muerte
1129,Tod::N,nāve,muerte
1130,Grab::N,гу,tumba
1131,Grab::N,гу,sepulcro
1132,Grab::N,kaps,tumba
1133,Grab::N,kaps,sepulcro
1134,Kirche::N,вичко,iglesia
1135,Kirche::N,baznīca,iglesia
1136,Sünde::N,мыж,pecado
1137,Sünde::N,grēks,pecado
1138,Gott::N,ен,dios
1139,Gott::N,dievs,dios
1140,Arbeiter::N,уджалысь,obrero
1141,Arbeiter::N,уджалысь,trabajador
1142,Arbeiter::N,strādnieks,obrero
1143,Arbeiter::N,strādnieks,trabajador
1144,Chef::N,юралысь,jefe
1145,Chef::N,веськӧдлысь,jefe
1146,Chef::N,šefs,jefe
1147,Chef::N,vadītajs,jefe
1148,Chef::N,priekšnieks,jefe
1149,Meister::N,вӧчысь,maestro
1150,Meister::N,meistars,maestro
1151,Arzt::N,врач,médico
1152,Arzt::N,бурдӧдысь,médico
1153,Arzt::N,ārsts,médico
1154,Lehrer::N,велӧдысь,profesor
1155,Lehrer::N,skolotājs,profesor
1156,Geld::N,сьӧм,dinero
1157,Geld::N,nauda,dinero
1158,Geschäft::N,удж,negocio
1159,Geschäft::N,bizness,negocio
1160,Geschäft::N,darījums,negocio
1161,Laden::N,вузасянін,tienda
1162,Laden::N,bode,tienda
1163,Laden::N,veikals,tienda
1164,Preis::N,дон,precio
1165,Preis::N,cena,precio
1166,Ware::N,тӧвар,mercancía
1167,Ware::N,prece,mercancía
1168,Nutzen::N,воӧм,provecho
1169,Nutzen::N,выгӧда,provecho
1170,Nutzen::N,labums,provecho
1171,Reichtum::N,озырлун,riqueza
1172,Reichtum::N,bagātība,riqueza
1173,Welt::N,енкӧла,mundo
1174,Welt::N,pasaule,mundo
1175,Land::N,му,país
1176,Land::N,zeme,país
1177,Staat::N,канму,Estado
1178,Staat::N,государство,Estado
1179,Staat::N,valsts,Estado
1180,König::N,кан,rey
1181,König::N,ķēniņš,rey
1182,König::N,karalis,rey
1183,Macht::N,каналӧм,poder
1184,Macht::N,каналӧм,potencia
1185,Macht::N,vara,poder
1186,Macht::N,vara,potencia
1187,Grenze::N,су,frontera
1188,Grenze::N,суйӧр,frontera
1189,Grenze::N,robeža,frontera
1190,Krieg::N,ожман,guerra
1191,Krieg::N,karš,guerra
1192,Feind::N,враг,enemigo
1193,Feind::N,вӧрӧг,enemigo
1194,Feind::N,ienaidnieks,enemigo
1195,Gewalt::N,мырдöналöм,violencia
1196,Gewalt::N,vara,violencia
1197,Gewalt::N,vardarbība,violencia
1198,Kampf::N,вермасьӧм,lucha
1199,Kampf::N,вермасьӧм,combate
1200,Kampf::N,cīņa,lucha
1201,Kampf::N,cīņa,combate
1202,Bogen[Waffe]::N,ньӧввуж,arco
1203,Bogen[Waffe]::N,loks,arco
1204,Pfeil::N,ньӧв,flecha
1205,Pfeil::N,bulta,flecha
1206,Gewehr::N,пишшаль,fusil
1207,Gewehr::N,пишшаль,escopeta
1208,Gewehr::N,šautene,fusil
1209,Gewehr::N,šautene,escopeta
1210,Fehler::N,сорсьӧм,error
1211,Fehler::N,дзугсьӧм,error
1212,Fehler::N,kļūda,error
1213,Lüge::N,пӧръясьӧм,mentira
1214,Lüge::N,ылӧдлӧм,mentira
1215,Lüge::N,meli,mentira
1216,Schaden::N,лёк,daño
1217,Schaden::N,изъян,daño
1218,Schaden::N,пакӧсьт,daño
1219,Schaden::N,bojājums,daño
1220,Schaden::N,kaitējums,daño
1221,Unglück::N,шог,desgracia
1222,Unglück::N,kļūme,desgracia
1223,Unglück::N,klizma,desgracia
1224,Unglück::N,nelaime,desgracia
1225,Schuld::N,мыж,culpa
1226,Schuld::N,vaina,culpa
1227,Alter::N,арлыд,edad
1228,Alter::N,vecums,edad
1229,Schluss::N,пом,fin
1230,Schluss::N,пом,final
1231,Schluss::N,beigas,fin
1232,Schluss::N,beigas,final
1233,Zeit::N,кад,tiempo
1234,Zeit::N,laiks,tiempo
1235,Tag::N,лун,día
1236,Tag::N,diena,día
1237,Morgen::N,асыв,mañana
1238,Morgen::N,rīts,mañana
1239,Mittag::N,лун шӧр,mediodía
1240,Mittag::N,pusdiena,mediodía
1241,Abend::N,рыт,noche
1242,Abend::N,vakars,noche
1243,Nacht::N,вой,noche
1244,Nacht::N,nakts,noche
1245,Woche::N,вежон,semana
1246,Woche::N,nedēļa,semana
1247,Monat::N,тӧлысь,mes
1248,Monat::N,mēnesis,mes
1249,Jahr::N,во,año
1250,Jahr::N,gads,año
1251,Frühling::N,тулыс,primavera
1252,Frühling::N,pavasaris,primavera
1253,Sommer::N,гожӧм,verano
1254,Sommer::N,vasara,verano
1255,Herbst::N,ар,otoño
1256,Herbst::N,rudens,otoño
1257,Winter::N,тӧв,invierno
1258,Winter::N,ziema,invierno
1259,Januar::N,тӧв шӧр,enero
1260,Januar::N,janvāris,enero
1261,Februar::N,урасьӧм,febrero
1262,Februar::N,februāris,febrero
1263,März::N,рака,marzo
1264,März::N,marts,marzo
1265,April::N,кос му,abril
1266,April::N,aprīlis,abril
1267,Mai::N,ода-кора,mayo
1268,Mai::N,maijs,mayo
1269,Juni::N,лӧддза-номъя,junio
1270,Juni::N,jūnijs,junio
1271,Juli::N,сора,julio
1272,Juli::N,jūlijs,julio
1273,August::N,моз,agosto
1274,August::N,augusts,agosto
1275,September::N,кӧч,septiembre
1276,September::N,septembris,septiembre
1277,Oktober::N,йирым,octubre
1278,Oktober::N,oktobris,octubre
1279,November::N,вӧльгым,noviembre
1280,November::N,novembris,noviembre
1281,Dezember::N,ӧшым,diciembre
1282,Dezember::N,decembris,diciembre
1283,Montag::N,выльлун,lunes
1284,Montag::N,pirmdiena,lunes
1285,Dienstag::N,воторник,martes
1286,Dienstag::N,otrdiena,martes
1287,Mittwoch::N,середа,miércoles
1288,Mittwoch::N,trešdiena,miércoles
1289,Donnerstag::N,четверг,jueves
1290,Donnerstag::N,ceturtdiena,jueves
1291,Freitag::N,пекнича,viernes
1292,Freitag::N,piektdiena,viernes
1293,Samstag::N,субӧта,sábado
1294,Samstag::N,sestdiena,sábado
1295,Sonntag::N,вӧскресенньӧ,domingo
1296,Sonntag::N,svētdiena,domingo
1297,groß::A,ыджыд,grande
1298,groß::A,dižs,grande
1299,groß::A,liels,grande
1300,klein::A,ичӧт,pequeño
1301,klein::A,mazs,pequeño
1302,lang::A,кузь,largo
1303,lang::A,garš,largo
1304,kurz::A,дженьыд,corto
1305,kurz::A,īss,corto
1306,breit::A,ота,ancho
1307,breit::A,паськыд,ancho
1308,breit::A,plats,ancho
1309,schmal::A,оттӧм,estrecho
1310,schmal::A,tievs,estrecho
1311,dicht::A,сук,denso
1312,dicht::A,blīvs,denso
1313,dick[Gegenstand]::A,кыз,grueso
1314,dick[Gegenstand]::A,biezs,grueso
1315,dünn::A,вӧсни,fino
1316,dünn::A,вӧсни,delgado
1317,dünn::A,вӧсньыд,fino
1318,dünn::A,вӧсньыд,delgado
1319,dünn::A,plāns,fino
1320,dünn::A,plāns,delgado
1321,fein::A,посни,fino
1322,fein::A,посни,delicado
1323,fein::A,smalks,fino
1324,fein::A,smalks,delicado
1325,fest::A,зумыд,firme
1326,fest::A,зумыд,sólido
1327,fest::A,tvirts,firme
1328,fest::A,tvirts,sólido
1329,fest::A,noturīgs,firme
1330,fest::A,noturīgs,sólido
1331,flach::A,плавкӧс,plano
1332,flach::A,тшӧтшкӧс,plano
1333,flach::A,lēzens,plano
1334,flach::A,līdzens,plano
1335,glatt::A,вольк,liso
1336,glatt::A,мольыд,liso
1337,glatt::A,gluds,liso
1338,glatt::A,slidens,liso
1339,hart::A,зумыд,duro
1340,hart::A,ciets,duro
1341,weich::A,небыд,muelle
1342,weich::A,mīksts,muelle
1343,rund::A,гӧгрӧс,redondo
1344,rund::A,apaļš,redondo
1345,spitz::A,ёсь йыла,agudo
1346,spitz::A,ёсь йыла,apuntado
1347,spitz::A,smails,agudo
1348,spitz::A,smails,apuntado
1349,scharf::A,ёсь,agudo
1350,scharf::A,ёсь,afilado
1351,scharf::A,ass,agudo
1352,scharf::A,ass,afilado
1353,stumpf::A,ныж,sin filo
1354,stumpf::A,truls,sin filo
1355,stumpf::A,strups,sin filo
1356,schwer::A,сьӧкыд,pesado
1357,schwer::A,smags,pesado
1358,schön::A,мича,bello
1359,schön::A,мича,hermoso
1360,schön::A,лӧсьыд,bello
1361,schön::A,лӧсьыд,hermoso
1362,schön::A,daiļš,bello
1363,schön::A,daiļš,hermoso
1364,schön::A,skaists,bello
1365,schön::A,skaists,hermoso
1366,heiß::A,пӧсь,caluroso
1367,heiß::A,karsts,caluroso
1368,warm::A,шоныд,cálido
1369,warm::A,шоныд,caliente
1370,warm::A,silts,cálido
1371,warm::A,silts,caliente
1372,kalt::A,кӧдзыд,frío
1373,kalt::A,salts,frío
1374,kalt::A,auksts,frío
1375,kühl::A,юзыд,fresco
1376,kühl::A,ыркыд,fresco
1377,kühl::A,vēss,fresco
1378,kühl::A,dzestrs,fresco
1379,frisch::A,выль,fresco
1380,frisch::A,svaigs,fresco
1381,feucht::A,уль,húmedo
1382,feucht::A,mitrs,húmedo
1383,feucht::A,drēgns,húmedo
1384,nass::A,ва,mojado
1385,nass::A,slapjš,mojado
1386,trocken::A,кос,seco
1387,trocken::A,sauss,seco
1388,voll::A,кыз,lleno
1389,voll::A,pilns,lleno
1390,leer::A,куш,vacío
1391,leer::A,тыртӧм,vacío
1392,leer::A,tukšs,vacío
1393,offen::A,восьса,abierto
1394,offen::A,vaļējs,abierto
1395,offen::A,atvērts,abierto
1396,geschlossen::A,пӧдса,cerrado
1397,geschlossen::A,slēgts,cerrado
1398,sauber::A,сӧстӧм,limpio
1399,sauber::A,tīrs,limpio
1400,sauber::A,spodrs,limpio
1401,schmutzig::A,няйт,sucio
1402,schmutzig::A,netīrs,sucio
1403,schmutzig::A,dubļains,sucio
1404,roh::A,уль,crudo
1405,roh::A,jēls,crudo
1406,reif::A,кисьмӧм,maduro
1407,reif::A,gatavs,maduro
1408,reif::A,nobriedis,maduro
1409,lecker::A,чӧскыд,rico
1410,lecker::A,чӧскыд,sabroso
1411,lecker::A,gards,rico
1412,lecker::A,gards,sabroso
1413,lecker::A,garšīgs,rico
1414,lecker::A,garšīgs,sabroso
1415,süß::A,юмов,dulce
1416,süß::A,чӧскыд,dulce
1417,süß::A,salds,dulce
1418,bitter::A,курыд,amargo
1419,bitter::A,sūrs,amargo
1420,bitter::A,rūgts,amargo
1421,sauer::A,шома,agrio
1422,sauer::A,skābs,agrio
1423,hell::A,югыд,claro
1424,hell::A,gaišs,claro
1425,dunkel::A,пемыд,oscuro
1426,dunkel::A,tumšs,oscuro
1427,schwarz::A,сьӧд,negro
1428,schwarz::A,melns,negro
1429,weiß::A,еджыд,blanco
1430,weiß::A,balts,blanco
1431,rot::A,гӧрд,rojo
1432,rot::A,sarkans,rojo
1433,gelb::A,виж,amarillo
1434,gelb::A,dzeltens,amarillo
1435,blau::A,лӧз,azul
1436,blau::A,zils,azul
1437,grün::A,веж,verde
1438,grün::A,турунвиж,verde
1439,grün::A,zaļš,verde
1440,grau::A,руд,gris
1441,grau::A,pelēks,gris
1442,bunt::A,сера,multicolor
1443,bunt::A,raibs,multicolor
1444,bunt::A,krāsains,multicolor
1445,billig::A,донтӧг,barato
1446,billig::A,lēts,barato
1447,teuer::A,дона,caro
1448,teuer::A,dārgs,caro
1449,wertvoll::A,дона,valioso
1450,wertvoll::A,дона,precioso
1451,wertvoll::A,vērtīgs,valioso
1452,wertvoll::A,vērtīgs,precioso
1453,blind::A,синтӧм,ciego
1454,blind::A,akls,ciego
1455,taub::A,пельтӧм,sordo
1456,taub::A,kurls,sordo
1457,kräftig::A,вынйӧра,fuerte
1458,kräftig::A,spēcīgs,fuerte
1459,stark::A,ён,fuerte
1460,stark::A,ён,vigoroso
1461,stark::A,вына,fuerte
1462,stark::A,вына,vigoroso
1463,stark::A,stiprs,fuerte
1464,stark::A,stiprs,vigoroso
1465,schwach::A,жеб,débil
1466,schwach::A,vājš,débil
1467,fett::A,госа,obeso
1468,fett::A,brangs,obeso
1469,schlank::A,веськыд,esbelto
1470,schlank::A,slaids,esbelto
1471,hübsch::A,мича,mono
1472,hübsch::A,мича,guapo
1473,hübsch::A,лӧсьыд,mono
1474,hübsch::A,лӧсьыд,guapo
1475,hübsch::A,glīts,mono
1476,hübsch::A,glīts,guapo
1477,böse::A,лёк,malo
1478,böse::A,ļauns,malo
1479,böse::A,negants,malo
1480,dumm::A,йӧй,tonto
1481,dumm::A,йӧй,estúpido
1482,dumm::A,вежӧртӧм,tonto
1483,dumm::A,вежӧртӧм,estúpido
1484,dumm::A,stulbs,tonto
1485,dumm::A,stulbs,estúpido
1486,dumm::A,muļķīgs,tonto
1487,dumm::A,muļķīgs,estúpido
1488,faul::A,дыш,vago
1489,faul::A,дыш,perezoso
1490,faul::A,slinks,vago
1491,faul::A,slinks,perezoso
1492,fleißig::A,зільысь,aplicado
1493,fleißig::A,зільысь,diligente
1494,fleißig::A,čakls,aplicado
1495,fleißig::A,čakls,diligente
1496,fleißig::A,cītīgs,aplicado
1497,fleißig::A,cītīgs,diligente
1498,geizig::A,топыд,avaro
1499,geizig::A,skops,avaro
1500,geizig::A,sīksts,avaro
1501,klug::A,юра,sensato
1502,klug::A,юра,inteligente
1503,klug::A,вежӧра,sensato
1504,klug::A,вежӧра,inteligente
1505,klug::A,gudrs,sensato
1506,klug::A,gudrs,inteligente
1507,geschickt::A,кипода,hábil
1508,geschickt::A,кужысь,hábil
1509,geschickt::A,manīgs,hábil
1510,lieb::A,муса,querido
1511,lieb::A,мича,querido
1512,lieb::A,лӧсьыд,querido
1513,lieb::A,mīļš,querido
1514,lustig::A,кыпыд,alegre
1515,lustig::A,jautrs,alegre
1516,sanft::A,мелі,suave
1517,sanft::A,liegs,suave
1518,hungrig::A,тшыг,hambriento
1519,hungrig::A,izsalcis,hambriento
1520,krank::A,висьысь,enfermo
1521,krank::A,slims,enfermo
1522,nackt::A,пасьтӧм,desnudo
1523,nackt::A,pliks,desnudo
1524,traurig::A,гажтӧм,triste
1525,traurig::A,bēdīgs,triste
1526,traurig::A,skumīgs,triste
1527,lebendig::A,ловъя,vivo
1528,lebendig::A,ловъя,viviente
1529,lebendig::A,dzīvs,vivo
1530,lebendig::A,dzīvs,viviente
1531,gut::A,бур,bueno
1532,gut::A,labs,bueno
1533,schlecht::A,лёк,malo
1534,schlecht::A,омӧль,malo
1535,schlecht::A,slikts,malo
1536,richtig::A,инӧд,justo
1537,richtig::A,инӧд,correcto
1538,richtig::A,riktīgs,justo
1539,richtig::A,riktīgs,correcto
1540,schlimm::A,омӧль,malo
1541,schlimm::A,омӧль,grave
1542,schlimm::A,туйтӧм,malo
1543,schlimm::A,туйтӧм,grave
1544,schlimm::A,nelāgs,malo
1545,schlimm::A,nelāgs,grave
1546,schlimm::A,nejauks,malo
1547,schlimm::A,nejauks,grave
1548,wahr::A,абу ылӧг,verídico
1549,wahr::A,абу ылӧг,verdadero
1550,wahr::A,īsts,verídico
1551,wahr::A,īsts,verdadero
1552,wahr::A,patiess,verídico
1553,wahr::A,patiess,verdadero
1554,alt::A,важ,viejo
1555,alt::A,sens,viejo
1556,alt::A,vęcs,viejo
1557,neu::A,выль,nuevo
1558,neu::A,jauns,nuevo
1559,ehemalig::A,вӧвлӧм,antiguo
1560,ehemalig::A,bijušais,antiguo
1561,alt[Lebewesen]::A,пӧрысь,viejo
1562,alt[Lebewesen]::A,vecs,viejo
1563,jung::A,том,joven
1564,jung::A,jauns,joven
1565,arm::A,гӧль,pobre
1566,arm::A,nabags,pobre
1567,reich::A,озыр,rico
1568,reich::A,bagāts,rico
1569,bekannt::A,тӧдса,conocido
1570,bekannt::A,zināms,conocido
1571,bekannt::A,pazīstams,conocido
1572,berühmt::A,нималан,famoso
1573,berühmt::A,нималан,célebre
1574,berühmt::A,кывсян,famoso
1575,berühmt::A,кывсян,célebre
1576,berühmt::A,slavens,famoso
1577,berühmt::A,slavens,célebre
1578,fremd::A,йӧз,extraño
1579,fremd::A,svešs,extraño
1580,verschieden::A,абу ӧткодь,diverso
1581,verschieden::A,абу ӧткодь,distinto
1582,verschieden::A,абу ӧткодь,diferente
1583,verschieden::A,разнӧй,diverso
1584,verschieden::A,разнӧй,distinto
1585,verschieden::A,разнӧй,diferente
1586,verschieden::A,dažāds,diverso
1587,verschieden::A,dažāds,distinto
1588,verschieden::A,dažāds,diferente
1589,nah::A,матыс,cercano
1590,nah::A,tuvs,cercano
1591,fern::A,ылі,lejano
1592,fern::A,tāls,lejano
1593,linker::A,шуйга,izquierdo
1594,linker::A,kreisais,izquierdo
1595,rechter::A,веськыд,derecho
1596,rechter::A,labais,derecho
1597,anderer::A,мукӧд,otro
1598,anderer::A,otrs,otro
1599,erster::A,медводдза,primero
1600,erster::A,pirmais,primero
1601,zweiter::A,мӧд,segundo
1602,zweiter::A,otrais,segundo
1603,dritter::A,коймӧд,tercero
1604,dritter::A,trešais,tercero
1605,letzter::A,бӧръя,último
1606,letzter::A,beidzamais,último
1607,allein::ADV,ӧтка,a solo
1608,allein::ADV,viens pats,a solo
1609,auf einmal::ADV,ӧтпырйӧ,de una vez
1610,auf einmal::ADV,reizē,de una vez
1611,zusammen::ADV,тшӧтш,juntos
1612,zusammen::ADV,kopā,juntos
1613,zusammen::ADV,vienviet,juntos
1614,lange::ADV,дыр,mucho tiempo
1615,lange::ADV,ilgi,mucho tiempo
1616,plötzlich::ADV,друг,de repente
1617,plötzlich::ADV,pēkšņi,de repente
1618,sofort::ADV,дзик пыр,en seguida
1619,sofort::ADV,tūlīt,en seguida
1620,später::ADV,сэсся,más tarde
1621,später::ADV,vēlāk,más tarde
1622,jetzt::ADV,ӧні,ahora
1623,jetzt::ADV,tagad,ahora
1624,heute::ADV,талун,hoy
1625,heute::ADV,šodien,hoy
1626,morgen::ADV,аски,mañana
1627,morgen::ADV,rīt,mañana
1628,bald::ADV,регыд,pronto
1629,bald::ADV,регыд,en breve
1630,bald::ADV,drīz,pronto
1631,bald::ADV,drīz,en breve
1632,dann::ADV,бӧрын,luego
1633,dann::ADV,бӧрын,entonces
1634,dann::ADV,бӧрти,luego
1635,dann::ADV,бӧрти,entonces
1636,dann::ADV,tad,luego
1637,dann::ADV,tad,entonces
1638,gestern::ADV,тӧнлун,ayer
1639,gestern::ADV,vakar,ayer
1640,einst::ADV,ӧтчыд,antaño
1641,einst::ADV,ӧтпыр,antaño
1642,einst::ADV,citreiz,antaño
1643,damals::ADV,сэки,entonces
1644,damals::ADV,toreiz,entonces
1645,danach::ADV,сэсся,después
1646,danach::ADV,pēc tam,después
1647,vorher::ADV,войдӧр,antes
1648,vorher::ADV,iepriekš,antes
1649,vorher::ADV,pirms tam,antes
1650,zuerst::ADV,войдӧр,primero
1651,zuerst::ADV,vis'pirms,primero
1652,einmal::ADV,ӧтчыдысь,una vez
1653,einmal::ADV,reiz,una vez
1654,einmal::ADV,vienreiz,una vez
1655,manchmal::ADV,корсюрӧ,a veces
1656,manchmal::ADV,dažkārt,a veces
1657,oft::ADV,тшӧкыда,a menudo
1658,oft::ADV,тшӧкыда,con frecuencia
1659,oft::ADV,bieži,a menudo
1660,oft::ADV,bieži,con frecuencia
1661,immer::ADV,век,siempre
1662,immer::ADV,allaž,siempre
1663,immer::ADV,vien'mēr,siempre
1664,niemals::ADV,оз некор,jamás
1665,niemals::ADV,nemūžam,jamás
1666,hier::ADV,со,aquí
1667,hier::ADV,тонӧ,aquí
1668,hier::ADV,te,aquí
1669,hier::ADV,šeit,aquí
1670,hierhin::ADV,татчӧ,acá
1671,hierhin::ADV,талань,acá
1672,hierhin::ADV,šurp,acá
1673,hierhin::ADV,uz šejieni,acá
1674,von hier::ADV,тасянь,desde aquí
1675,von hier::ADV,no šejienes,desde aquí
1676,dort::ADV,сэні,ahí
1677,dort::ADV,сэні,allí
1678,dort::ADV,tur,ahí
1679,dort::ADV,tur,allí
1680,dorthin::ADV,сэтчӧ,allí
1681,dorthin::ADV,сэтчӧ,hacia allí
1682,dorthin::ADV,turp,allí
1683,dorthin::ADV,turp,hacia allí
1684,dorthin::ADV,uz turieni,allí
1685,dorthin::ADV,uz turieni,hacia allí
1686,geradeaus::ADV,веськыда,todo derecho
1687,geradeaus::ADV,taisni uz priekšu,todo derecho
1688,vorwärts::ADV,водзӧ,adelante
1689,vorwärts::ADV,uz priekšu,adelante
1690,rückwärts::ADV,бӧрӧ,hacia atrás
1691,rückwärts::ADV,atmuguriski,hacia atrás
1692,zurück::ADV,бӧр,atrás
1693,zurück::ADV,atpakāļ,atrás
1694,unten::ADV,улын,abajo
1695,unten::ADV,уліын,abajo
1696,unten::ADV,lejā,abajo
1697,unten::ADV,apakšā,abajo
1698,hinab::ADV,улӧ,hacia abajo
1699,hinab::ADV,увлан,hacia abajo
1700,hinab::ADV,uz leju,hacia abajo
1701,oben::ADV,вылын,arriba
1702,oben::ADV,выліын,arriba
1703,oben::ADV,virsū,arriba
1704,hinauf::ADV,выліӧ,hacia arriba
1705,hinauf::ADV,augšā,hacia arriba
1706,hinauf::ADV,uz augšu,hacia arriba
1707,überall::ADV,быдлаын,por todas partes
1708,überall::ADV,visur,por todas partes
1709,nicht::ADV,oз,no
1710,nicht::ADV,ne,no
1711,ein wenig::ADV,неуна,un poco
1712,ein wenig::ADV,drusku,un poco
1713,kaum::ADV,мырдэм,apenas
1714,kaum::ADV,diezin vai,apenas
1715,sehr::ADV,зэв,muy
1716,sehr::ADV,зэв,mucho
1717,sehr::ADV,ļoti,muy
1718,sehr::ADV,ļoti,mucho
1719,sehr::ADV,gaužām,muy
1720,sehr::ADV,gaužām,mucho
1721,so::ADV,тадз,tan
1722,so::ADV,сідз,tan
1723,so::ADV,tā,tan
1724,so::ADV,tik,tan
1725,noch::ADV,на,aún
1726,noch::ADV,на,todavía
1727,noch::ADV,нӧшта,aún
1728,noch::ADV,нӧшта,todavía
1729,noch::ADV,vēl,aún
1730,noch::ADV,vēl,todavía
1731,nur::ADV,куш,solamente
1732,nur::ADV,сӧмын,solamente
1733,nur::ADV,vien,solamente
1734,nur::ADV,tikai,solamente
1735,schon::ADV,нин,ya
1736,schon::ADV,jau,ya
1737,wieder::ADV,бара,de nuevo
1738,wieder::ADV,atkal,de nuevo
1739,vergebens::ADV,весьшӧрӧ,en vano
1740,vergebens::ADV,velti,en vano
1741,vor::PRP,водзын,antes de
1742,vor::PRP,водзын,delante de
1743,vor::PRP,priekš,antes de
1744,vor::PRP,priekš,delante de
1745,hinter::PRP,бӧрнын,tras
1746,hinter::PRP,бӧрнын,detrás de
1747,hinter::PRP,aiz,tras
1748,hinter::PRP,aiz,detrás de
1749,unter::PRP,улын,bajo
1750,unter::PRP,улын,debajo de
1751,unter::PRP,zem,bajo
1752,unter::PRP,zem,debajo de
1753,durch::PRP,пыр,por
1754,durch::PRP,пыр,a través de
1755,durch::PRP,пырыс,por
1756,durch::PRP,пырыс,a través de
1757,durch::PRP,caur,por
1758,durch::PRP,caur,a través de
1759,durch::PRP,cauri,por
1760,durch::PRP,cauri,a través de
1761,neben::PRP,бердын,al lado de
1762,neben::PRP,līdzās,al lado de
1763,zwischen::PRP,костын,entre
1764,zwischen::PRP,starp,entre
1765,wegen::PRP,вӧсна,por
1766,wegen::PRP,вӧсна,a causa de
1767,wegen::PRP,pēc,por
1768,wegen::PRP,pēc,a causa de
1769,dies::PRN,тайӧ,esto
1770,dies::PRN,šis,esto
1771,das::PRN,ciйö,eso
1772,das::PRN,ciйö,esto
1773,das::PRN,tas,eso
1774,das::PRN,tas,esto
1775,alles::PRN,став,todo
1776,alles::PRN,viss,todo
1777,ich::PRN,ме,yo
1778,ich::PRN,es,yo
1779,du::PRN,тэ,tú
1780,du::PRN,tu,tú
1781,er::PRN,сійӧ,él
1782,er::PRN,viņš,él
1783,wir::PRN,ми,nosotros
1784,wir::PRN,mēs,nosotros
1785,ihr::PRN,тi,vosotros
1786,ihr::PRN,jūs,vosotros
1787,sie::PRN,найö,ellos
1788,sie::PRN,viņi,ellos
1789,sie::PRN,viņas,ellos
1790,was::FPRN,мый,qué
1791,was::FPRN,kas,qué
1792,wer::FPRN,код,quién
1793,wer::FPRN,kas,quién
1794,wo::FADV,кыті,dónde
1795,wo::FADV,kur,dónde
1796,wohin::FADV,кытчӧ,adónde
1797,wohin::FADV,кытчӧ,hacia dónde
1798,wohin::FADV,kurp,adónde
1799,wohin::FADV,kurp,hacia dónde
1800,wohin::FADV,uz kurieni,adónde
1801,wohin::FADV,uz kurieni,hacia dónde
1802,wie::FADV,кыдзи,cómo
1803,wie::FADV,kā,cómo
1804,warum::FADV,мыйла,por qué
1805,warum::FADV,kāpēc,por qué
1806,wieviel::FNUM,кымын,cuánto
1807,wieviel::FNUM,cik,cuánto
1808,eins::NUM,ӧтик,uno
1809,eins::NUM,viens,uno
1810,zwei::NUM,кык,dos
1811,zwei::NUM,divi,dos
1812,drei::NUM,куим,tres
1813,drei::NUM,trīs,tres
1814,vier::NUM,нель,cuatro
1815,vier::NUM,četri,cuatro
1816,fünf::NUM,вит,cinco
1817,fünf::NUM,pieci,cinco
1818,sechs::NUM,квайт,seis
1819,sechs::NUM,seši,seis
1820,sieben::NUM,сизим,siete
1821,sieben::NUM,septiņi,siete
1822,acht::NUM,кӧкъямыс,ocho
1823,acht::NUM,astoņi,ocho
1824,neun::NUM,ӧкмыс,nueve
1825,neun::NUM,deviņi,nueve
1826,zehn::NUM,дас,diez
1827,zehn::NUM,desmit,diez
1828,elf::NUM,дас ӧтик,once
1829,elf::NUM,vienpadsmit,once
1830,zwölf::NUM,дас кык,doce
1831,zwölf::NUM,divpadsmit,doce
1832,zwanzig::NUM,кызь,veinte
1833,zwanzig::NUM,divdesmit,veinte
1834,dreißig::NUM,комын,treinta
1835,dreißig::NUM,trīsdesmit,treinta
1836,vierzig::NUM,нелямын,cuarenta
1837,vierzig::NUM,četrdesmit,cuarenta
1838,fünfzig::NUM,ветымын,cincuenta
1839,fünfzig::NUM,piecdesmit,cincuenta
1840,sechzig::NUM,квайтымын,sesenta
1841,sechzig::NUM,sešdesmit,sesenta
1842,siebzig::NUM,сизимдас,setenta
1843,siebzig::NUM,septiņdesmit,setenta
1844,achtzig::NUM,кӧкъямысдас,ochenta
1845,achtzig::NUM,astoņdesmit,ochenta
1846,neunzig::NUM,ӧкмысдас,noventa
1847,neunzig::NUM,deviņdesmit,noventa
1848,hundert::NUM,сё,cien
1849,hundert::NUM,сё,ciento
1850,hundert::NUM,simt,cien
1851,hundert::NUM,simt,ciento
1852,tausend::NUM,сюрс,mil
1853,tausend::NUM,tūkstoš,mil
1854,und::CNJ,и,y
1855,und::CNJ,un,y
1856,oder::CNJ,либӧ,o
1857,oder::CNJ,jeb,o
1858,stehen::V,сулавны,estar de pie
1859,stehen::V,stāvēt,estar de pie
1860,sitzen::V,пукавны,estar sentado
1861,sitzen::V,sēdēt,estar sentado
1862,liegen::V,куйлыны,yacer
1863,liegen::V,куйлыны,estar acostado
1864,liegen::V,gulēt,yacer
1865,liegen::V,gulēt,estar acostado
1866,hängen::V,ӧшавны,pender
1867,hängen::V,karāties,pender
1868,werden::V,лоны,hacerse
1869,werden::V,tapt,hacerse
1870,passieren::V,лоны,suceder
1871,passieren::V,notikt,suceder
1872,beginnen::V,кутчысьны,iniciarse
1873,beginnen::V,кутчысьны,principiar
1874,beginnen::V,кутны,iniciarse
1875,beginnen::V,кутны,principiar
1876,beginnen::V,sākties,iniciarse
1877,beginnen::V,sākties,principiar
1878,enden::V,помасьны,acabar
1879,enden::V,помасьны,terminar
1880,enden::V,beigties,acabar
1881,enden::V,beigties,terminar
1882,wechseln::V,вежсьыны,variar
1883,wechseln::V,вежсьыны,alternar
1884,wechseln::V,mainīties,variar
1885,wechseln::V,mainīties,alternar
1886,aufgehen[Sonne]::V,петны,salir
1887,aufgehen[Sonne]::V,lēkt,salir
1888,aufgehen[Sonne]::V,uzlēkt,salir
1889,untergehen[Sonne]::V,пуксьыны,ponerse
1890,untergehen[Sonne]::V,пуксьыны,descender
1891,untergehen[Sonne]::V,noiet,ponerse
1892,untergehen[Sonne]::V,noiet,descender
1893,untergehen[Sonne]::V,rietēt,ponerse
1894,untergehen[Sonne]::V,rietēt,descender
1895,scheinen[Sonne]::V,югъявны,brillar
1896,scheinen[Sonne]::V,югвидзны,brillar
1897,scheinen[Sonne]::V,spīdēt,brillar
1898,donnern::V,гымавны,tronar
1899,donnern::V,dārdēt,tronar
1900,wehen::V,пӧльтны,soplar
1901,wehen::V,pūst,soplar
1902,strömen::V,киссьыны,afluir
1903,strömen::V,līt,afluir
1904,strömen::V,plūst,afluir
1905,fließen::V,визувтны,fluir
1906,fließen::V,визувтны,correr
1907,fließen::V,tecēt,fluir
1908,fließen::V,tecēt,correr
1909,sich drehen::V,бергавны,girar
1910,sich drehen::V,grozīties,girar
1911,schwanken::V,легны,vacilar
1912,schwanken::V,лайкъявны,vacilar
1913,schwanken::V,līgoties,vacilar
1914,schwanken::V,grīļoties,vacilar
1915,schwingen::V,лайкъявны,oscilar
1916,schwingen::V,люллявны,oscilar
1917,schwingen::V,vēzēties,oscilar
1918,fallen::V,усьны,caer
1919,fallen::V,krist,caer
1920,brennen::V,сотчыны,arder
1921,brennen::V,сотчыны,quemar
1922,brennen::V,degt,arder
1923,brennen::V,degt,quemar
1924,rauchen::V,тшынӧдны,humear
1925,rauchen::V,тшынӧдны,echar humo
1926,rauchen::V,dūmot,humear
1927,rauchen::V,dūmot,echar humo
1928,regnen::V,зэрны,llover
1929,regnen::V,līt,llover
1930,gefrieren::V,кынмыны,helarse
1931,gefrieren::V,sasalt,helarse
1932,tauen::V,сывны,deshelarse
1933,tauen::V,kust,deshelarse
1934,schmelzen::V,сывны,fundirse
1935,schmelzen::V,сывны,derretirse
1936,schmelzen::V,kust,fundirse
1937,schmelzen::V,kust,derretirse
1938,schmelzen::V,nokust,fundirse
1939,schmelzen::V,nokust,derretirse
1940,trocknen::V,косьмыны,secarse
1941,trocknen::V,žūt,secarse
1942,trocknen::V,kaltēties,secarse
1943,sieden::V,пуны,hervir
1944,sieden::V,virt,hervir
1945,sieden::V,vārīties,hervir
1946,faulen::V,сісьмыны,pudrirse
1947,faulen::V,pūt,pudrirse
1948,faulen::V,trudēt,pudrirse
1949,verfaulen::V,сісьмыны,pudrirse
1950,verfaulen::V,sapūt,pudrirse
1951,verfaulen::V,satrūdēt,pudrirse
1952,reißen::V,орны,romperse
1953,reißen::V,plīst,romperse
1954,reißen::V,satrūkt,romperse
1955,versinken::V,вӧйны,hundirse
1956,versinken::V,grimt,hundirse
1957,versinken::V,nogrimt,hundirse
1958,vergehen::V,кольны,pasar
1959,vergehen::V,ордйыны,pasar
1960,vergehen::V,paiet,pasar
1961,erscheinen::V,петкӧдчыны,aparecer
1962,erscheinen::V,parādīties,aparecer
1963,verschwinden::V,бырны,desaparecer
1964,verschwinden::V,nozust,desaparecer
1965,sinken::V,вӧйны,bajar
1966,sinken::V,kristies,bajar
1967,abnehmen::V,чинны,decrecer
1968,abnehmen::V,чинны,disminuir
1969,abnehmen::V,noplakt,decrecer
1970,abnehmen::V,noplakt,disminuir
1971,abnehmen::V,mazināties,decrecer
1972,abnehmen::V,mazināties,disminuir
1973,zunehmen::V,содны,crecer
1974,zunehmen::V,содны,aumentar
1975,zunehmen::V,ыдждыны,crecer
1976,zunehmen::V,ыдждыны,aumentar
1977,zunehmen::V,pieaugt,crecer
1978,zunehmen::V,pieaugt,aumentar
1979,zunehmen::V,pieņemties,crecer
1980,zunehmen::V,pieņemties,aumentar
1981,steigen::V,лыбны,subir
1982,steigen::V,лыбны,ascender
1983,steigen::V,kāpt,subir
1984,steigen::V,kāpt,ascender
1985,wachsen::V,быдмыны,crecer
1986,wachsen::V,augt,crecer
1987,glänzen::V,югъявны,brillar
1988,glänzen::V,югъявны,resplandecer
1989,glänzen::V,дзирдавны,brillar
1990,glänzen::V,дзирдавны,resplandecer
1991,glänzen::V,zaigot,brillar
1992,glänzen::V,zaigot,resplandecer
1993,glänzen::V,laistīties,brillar
1994,glänzen::V,laistīties,resplandecer
1995,funkeln::V,югъявны,chispear
1996,funkeln::V,дзирдавны,chispear
1997,funkeln::V,mirdzēt,chispear
1998,funkeln::V,dzirkstēt,chispear
1999,lärmen::V,жувгыны,hacer ruido
2000,lärmen::V,ыугыны,hacer ruido
2001,lärmen::V,шумитны,hacer ruido
2002,lärmen::V,ālēties,hacer ruido
2003,lärmen::V,trokšņot,hacer ruido
2004,läuten::V,жургыны,sonar
2005,läuten::V,жургыны,repicar
2006,läuten::V,zvanīt,sonar
2007,läuten::V,zvanīt,repicar
2008,klingeln::V,звӧнитны,tocar el timbre
2009,klingeln::V,zvanīt,tocar el timbre
2010,klirren::V,гольскöдчыны,tintinear
2011,klirren::V,tinkšķēt,tintinear
2012,klirren::V,džinkstēt,tintinear
2013,brausen::V,буавны,zumbar
2014,brausen::V,krākt,zumbar
2015,brausen::V,brāzmot,zumbar
2016,rauschen::V,кышакывны,murmurar
2017,rauschen::V,šalkt,murmurar
2018,klingen::V,шыавны,sonar
2019,klingen::V,юргыны,sonar
2020,klingen::V,skanēt,sonar
2021,klingen::V,izklausīties,sonar
2022,bellen::V,увтны,ladrar
2023,bellen::V,riet,ladrar
2024,heulen::V,омлявны,ulular
2025,heulen::V,вурзавны,ulular
2026,heulen::V,kaukt,ulular
2027,heulen::V,gaudot,ulular
2028,blasen::V,пӧльтны,soplar
2029,blasen::V,pūst,soplar
2030,pfeifen::V,шутьлявны,silbar
2031,pfeifen::V,svilpt,silbar
2032,pfeifen::V,svilpot,silbar
2033,schreien::V,горзыны,gritar
2034,schreien::V,brēkt,gritar
2035,schreien::V,kliegt,gritar
2036,stöhnen::V,ымзыны,gemir
2037,stöhnen::V,vaidēt,gemir
2038,zittern::V,тіравны,temblar
2039,zittern::V,drebēt,temblar
2040,leben::V,овны,vivir
2041,leben::V,dzīvot,vivir
2042,geboren werden::V,чужны,nacer
2043,geboren werden::V,dzimt,nacer
2044,atmen::V,кашкыны,respirar
2045,atmen::V,пошиктыны,respirar
2046,atmen::V,elpot,respirar
2047,trinken::V,юны,beber
2048,trinken::V,dzert,beber
2049,essen::V,сёйны,comer
2050,essen::V,ēst,comer
2051,schlucken::V,ньылавны,tragar
2052,schlucken::V,rīt,tragar
2053,müde werden::V,мудзны,cansarse
2054,müde werden::V,мудзны,fatigarse
2055,müde werden::V,nokust,cansarse
2056,müde werden::V,nokust,fatigarse
2057,einschlafen::V,ланьтны,dormirse
2058,einschlafen::V,унмовсьны,dormirse
2059,einschlafen::V,iemigt,dormirse
2060,einschlafen::V,aizmigt,dormirse
2061,schlafen::V,узьны,dormir
2062,schlafen::V,gulēt,dormir
2063,aufwachen::V,садьмыны,despertarse
2064,aufwachen::V,mosties,despertarse
2065,aufstehen::V,чеччыны,levantarse
2066,aufstehen::V,celties,levantarse
2067,sich erholen::V,шойччыны,reposar
2068,sich erholen::V,шойччыны,descansar
2069,sich erholen::V,atžirgt,reposar
2070,sich erholen::V,atžirgt,descansar
2071,sich erholen::V,atpūsties,reposar
2072,sich erholen::V,atpūsties,descansar
2073,krank werden::V,висьмыны,caer enfermo
2074,krank werden::V,sasirgt,caer enfermo
2075,krank sein::V,висьны,estar enfermo
2076,krank sein::V,slimot,estar enfermo
2077,schmerzen::V,висьны,doler
2078,schmerzen::V,sāpēt,doler
2079,schmerzen::V,smelgt,doler
2080,husten::V,кызны,toser
2081,husten::V,klepot,toser
2082,genesen::V,бурдны,convalecer
2083,genesen::V,бурдны,restablecerse
2084,genesen::V,veseļoties,convalecer
2085,genesen::V,veseļoties,restablecerse
2086,sterben::V,кувны,morir
2087,sterben::V,mirt,morir
2088,sterben::V,nomirt,morir
2089,umkommen::V,кувны,perecer
2090,umkommen::V,apsprāgt,perecer
2091,umkommen::V,aiziet bojā,perecer
2092,sich bewegen::V,вӧрзьыны,moverse
2093,sich bewegen::V,virzīties,moverse
2094,sich rühren::V,вӧрны,rebullir
2095,sich rühren::V,вӧрӧдчыны,rebullir
2096,sich rühren::V,sagrozīties,rebullir
2097,sich erheben::V,сувтны,levantarse
2098,sich erheben::V,piecelties,levantarse
2099,sich setzen::V,пуксьыны,sentarse
2100,sich setzen::V,sēsties,sentarse
2101,hinfallen::V,усьны,caerse
2102,hinfallen::V,sabirt,caerse
2103,hinfallen::V,pakrist,caerse
2104,laufen::V,мyнны,andar
2105,laufen::V,iet,andar
2106,laufen::V,skraidīt,andar
2107,schreiten::V,восьлавны,proceder
2108,schreiten::V,soļot,proceder
2109,spazierengehen::V,гуляйтны,pasear
2110,spazierengehen::V,гуляйтны,pasearse
2111,spazierengehen::V,staigāt,pasear
2112,spazierengehen::V,staigāt,pasearse
2113,spazierengehen::V,pastaigāties,pasear
2114,spazierengehen::V,pastaigāties,pasearse
2115,eilen::V,тэрмасьны,correr prisa
2116,eilen::V,traukt,correr prisa
2117,sich beeilen::V,тэрмасьны,darse prisa
2118,sich beeilen::V,steigties,darse prisa
2119,sich beeilen::V,pasteigties,darse prisa
2120,sausen::V,тӧвзьыны,correr
2121,sausen::V,drāzt,correr
2122,sausen::V,brāzties,correr
2123,rennen::V,котӧртны,correr
2124,rennen::V,skriet,correr
2125,springen::V,чеччавны,saltar
2126,springen::V,lēkt,saltar
2127,klettern::V,кышасьны,trepar
2128,klettern::V,кышасьны,escalar
2129,klettern::V,кавшасьны,trepar
2130,klettern::V,кавшасьны,escalar
2131,klettern::V,kāpt,trepar
2132,klettern::V,kāpt,escalar
2133,klettern::V,rāpties,trepar
2134,klettern::V,rāpties,escalar
2135,schaukeln::V,гычасьны,bambolearse
2136,schaukeln::V,šūpoties,bambolearse
2137,schaukeln::V,zvalstīties,bambolearse
2138,kriechen::V,кыссьыны,reptar
2139,kriechen::V,кыссьыны,arrastrarse
2140,kriechen::V,līst,reptar
2141,kriechen::V,līst,arrastrarse
2142,kriechen::V,rāpot,reptar
2143,kriechen::V,rāpot,arrastrarse
2144,schwimmen::V,уявны,nadar
2145,schwimmen::V,peldēt,nadar
2146,tauchen::V,сунавны,bucear
2147,tauchen::V,сунавны,sumergirse
2148,tauchen::V,gremdēties,bucear
2149,tauchen::V,gremdēties,sumergirse
2150,rudern::V,пелысасьны,remar
2151,rudern::V,airēt,remar
2152,rudern::V,irties,remar
2153,fahren::V,мунны,ir
2154,fahren::V,braukt,ir
2155,fliegen::V,лэбны,volar
2156,fliegen::V,lidot,volar
2157,fliegen::V,laisties,volar
2158,gehen::V,мyнны,ir
2159,gehen::V,мyнны,andar
2160,gehen::V,iet,ir
2161,gehen::V,iet,andar
2162,weggehen::V,мунавны,irse
2163,weggehen::V,мунавны,marcharse
2164,weggehen::V,aiziet,irse
2165,weggehen::V,aiziet,marcharse
2166,abfahren::V,мӧдӧдчыны,salir
2167,abfahren::V,мӧдӧдчыны,partir
2168,abfahren::V,atiet,salir
2169,abfahren::V,atiet,partir
2170,abfahren::V,aizbraukt,salir
2171,abfahren::V,aizbraukt,partir
2172,anhalten::V,джӧмдыны,parar
2173,anhalten::V,джӧмдыны,pararse
2174,anhalten::V,apstāties,parar
2175,anhalten::V,apstāties,pararse
2176,hineingehen::V,пырны,entrar
2177,hineingehen::V,ieiet,entrar
2178,eintreten::V,пырны,entrar
2179,eintreten::V,ienākt,entrar
2180,kommen::V,воны,venir
2181,kommen::V,локны,venir
2182,kommen::V,nākt,venir
2183,ankommen::V,воны,llegar
2184,ankommen::V,локны,llegar
2185,ankommen::V,nonākt,llegar
2186,ankommen::V,ierasties,llegar
2187,zurückkommen::V,косны,volver
2188,zurückkommen::V,косны,regresar
2189,zurückkommen::V,бергӧдчыны,volver
2190,zurückkommen::V,бергӧдчыны,regresar
2191,zurückkommen::V,atgriezties,volver
2192,zurückkommen::V,atgriezties,regresar
2193,bleiben::V,кольны,quedarse
2194,bleiben::V,palikt,quedarse
2195,warten::V,виччысьны,esperar
2196,warten::V,gaidīt,esperar
2197,erwarten::V,виччысьны,esperar
2198,erwarten::V,sagaidīt,esperar
2199,suchen::V,корсьны,buscar
2200,suchen::V,meklēt,buscar
2201,finden::V,казявны,hallar
2202,finden::V,казявны,encontrar
2203,finden::V,rast,hallar
2204,finden::V,rast,encontrar
2205,finden::V,atrast,hallar
2206,finden::V,atrast,encontrar
2207,versuchen::V,заводитчывны,intentar
2208,versuchen::V,mēģināt,intentar
2209,vorbereiten::V,дасьтыны,preparar
2210,vorbereiten::V,gatavot,preparar
2211,vorbereiten::V,sagatavot,preparar
2212,lieben::V,радейтны,amar
2213,lieben::V,радейтны,querer
2214,lieben::V,mīlēt,amar
2215,lieben::V,mīlēt,querer
2216,mögen::V,радейтны,querer
2217,mögen::V,gribēties,querer
2218,lachen::V,серавны,reír
2219,lachen::V,серавлыны,reír
2220,lachen::V,smiet,reír
2221,lachen::V,smieties,reír
2222,rühren::V,нормӧдны,conmover
2223,rühren::V,aizgrābt,conmover
2224,weinen::V,бӧрдны,llorar
2225,weinen::V,raudāt,llorar
2226,schimpfen::V,видчыны,regañar
2227,schimpfen::V,rāties,regañar
2228,schimpfen::V,lamāties,regañar
2229,sich ärgern::V,скӧравны,enfadarse
2230,sich ärgern::V,īgt,enfadarse
2231,sich ärgern::V,pukoties,enfadarse
2232,sich ärgern::V,dusmoties,enfadarse
2233,sich fürchten::V,повны,tener miedo
2234,sich fürchten::V,bīties,tener miedo
2235,sich fürchten::V,baidīties,tener miedo
2236,fürchten::V,повны,temer
2237,fürchten::V,повны,tener miedo a
2238,fürchten::V,baidīties no,temer
2239,fürchten::V,baidīties no,tener miedo a
2240,fliehen::V,пышйыны,huir
2241,fliehen::V,bēgt,huir
2242,flüchten::V,пышйыны,escaparse
2243,flüchten::V,aizbēgt,escaparse
2244,sehen::V,аддзыны,ver
2245,sehen::V,redzēt,ver
2246,anschauen::V,видзӧдны,mirar
2247,anschauen::V,paraudzīties,mirar
2248,ansehen::V,видзӧдны,mirar
2249,ansehen::V,aplūkot,mirar
2250,hören::V,кывны,oír
2251,hören::V,dzirdēt,oír
2252,zuhören::V,кывзыны,escuchar
2253,zuhören::V,klausīties,escuchar
2254,probieren::V,видлыны,probar
2255,probieren::V,видлыны,degustar
2256,probieren::V,nogaršot,probar
2257,probieren::V,nogaršot,degustar
2258,riechen::V,чушкыны,oler
2259,riechen::V,ost,oler
2260,riechen::V,ostīt,oler
2261,fühlen::V,вежӧртны,sentir
2262,fühlen::V,гӧгӧрвоны,sentir
2263,fühlen::V,just,sentir
2264,fühlen::V,izjust,sentir
2265,scheinen::V,кажитчыны,parecer
2266,scheinen::V,šķist,parecer
2267,scheinen::V,likties,parecer
2268,zu sehen sein::V,тыдавны,poder verse
2269,zu sehen sein::V,parādīties,poder verse
2270,vernehmen::V,кывны,oír
2271,vernehmen::V,кывны,percibir
2272,vernehmen::V,saklausīt,oír
2273,vernehmen::V,saklausīt,percibir
2274,frieren::V,кынмыны,tener frío
2275,frieren::V,salt,tener frío
2276,tun::V,керны,hacer
2277,tun::V,darīt,hacer
2278,können::V,кужны,poder
2279,können::V,prast,poder
2280,wollen::V,кӧсйыны,querer
2281,wollen::V,gribēt,querer
2282,anfangen::V,заводитны,iniciar
2283,anfangen::V,пондыны,iniciar
2284,anfangen::V,sākt,iniciar
2285,anfangen::V,iesākt,iniciar
2286,beenden::V,помавны,acabar
2287,beenden::V,помавны,terminar
2288,beenden::V,beigt,acabar
2289,beenden::V,beigt,terminar
2290,beenden::V,pabeigt,acabar
2291,beenden::V,pabeigt,terminar
2292,aufhören::V,дугӧдны,cesar
2293,aufhören::V,pārtraukt,cesar
2294,gelingen::V,артмыны,salir bien
2295,gelingen::V,izdoties,salir bien
2296,geraten::V,сюрны,salir
2297,geraten::V,сюрны,dar resultado
2298,geraten::V,веськавны,salir
2299,geraten::V,веськавны,dar resultado
2300,geraten::V,veikties,salir
2301,geraten::V,veikties,dar resultado
2302,öffnen::V,восьтыны,abrir
2303,öffnen::V,atvērt,abrir
2304,öffnen::V,attaisīt,abrir
2305,schließen::V,пӧдлавны,cerrar
2306,schließen::V,slēgt,cerrar
2307,schließen::V,aizvērt,cerrar
2308,schließen::V,aiztaisīt,cerrar
2309,stellen::V,сувтӧдны,poner
2310,stellen::V,сувтӧдны,colocar
2311,stellen::V,likt,poner
2312,stellen::V,likt,colocar
2313,stellen::V,nolikt,poner
2314,stellen::V,nolikt,colocar
2315,setzen::V,пуксьӧдны,poner
2316,setzen::V,пуксьӧдны,colocar
2317,setzen::V,sēdināt,poner
2318,setzen::V,sēdināt,colocar
2319,legen::V,пуктыны,poner
2320,legen::V,likt,poner
2321,berühren::V,вӧрзьӧдны,tocar
2322,berühren::V,инмӧдчывны,tocar
2323,berühren::V,skart,tocar
2324,berühren::V,aizskart,tocar
2325,verbinden::V,йитны,unir
2326,verbinden::V,йитны,juntar
2327,verbinden::V,saistīt,unir
2328,verbinden::V,saistīt,juntar
2329,verbinden::V,savienot,unir
2330,verbinden::V,savienot,juntar
2331,bedecken::V,вевттьыны,tapar
2332,bedecken::V,вевттьыны,cubrir
2333,bedecken::V,apsegt,tapar
2334,bedecken::V,apsegt,cubrir
2335,bedecken::V,pārsegt,tapar
2336,bedecken::V,pārsegt,cubrir
2337,aufhängen::V,ӧшӧдны,colgar
2338,aufhängen::V,джагӧдны,colgar
2339,aufhängen::V,uzkārt,colgar
2340,anzünden::V,ӧзтыны,encender
2341,anzünden::V,aizdegt,encender
2342,anzünden::V,aizdedzināt,encender
2343,aufheben::V,чеччӧдны,recoger
2344,aufheben::V,сувтӧдны,recoger
2345,aufheben::V,pacelt,recoger
2346,zurücklassen::V,кольны,dejar
2347,zurücklassen::V,atstāt,dejar
2348,verlieren::V,воштыны,perder
2349,verlieren::V,zaudēt,perder
2350,verlieren::V,pazaudēt,perder
2351,fallen lassen::V,уськӧдны,dejar caer
2352,fallen lassen::V,nomest,dejar caer
2353,machen::V,вӧчны,hacer
2354,machen::V,лӧсьӧдны,hacer
2355,machen::V,darīt,hacer
2356,herstellen::V,лӧсьӧдны,fabricar
2357,herstellen::V,ražot,fabricar
2358,herstellen::V,izgatavot,fabricar
2359,bauen::V,лэптыны,construir
2360,bauen::V,celt,construir
2361,bauen::V,būvēt,construir
2362,reparieren::V,дзоньтавны,reparar
2363,reparieren::V,labot,reparar
2364,reparieren::V,remontēt,reparar
2365,verbessern::V,бурмӧдны,mejorar
2366,verbessern::V,labot,mejorar
2367,verbessern::V,izlabot,mejorar
2368,ändern::V,вежны,mudar
2369,ändern::V,вежны,modificar
2370,ändern::V,mainīt,mudar
2371,ändern::V,mainīt,modificar
2372,graben::V,кодйыны,cavar
2373,graben::V,rakt,cavar
2374,beugen::V,куснявны,doblar
2375,beugen::V,куснявны,inclinar
2376,beugen::V,liekt,doblar
2377,beugen::V,liekt,inclinar
2378,biegen::V,куснявны,doblar
2379,biegen::V,liekt,doblar
2380,drehen::V,бергӧдлыны,volver
2381,drehen::V,бергӧдлыны,hacer girar
2382,drehen::V,griezt,volver
2383,drehen::V,griezt,hacer girar
2384,wenden::V,бергӧдны,volver
2385,wenden::V,apgriezt,volver
2386,umdrehen::V,бергӧдны,revolver
2387,umdrehen::V,apgriezt,revolver
2388,heben::V,лэптыны,levantar
2389,heben::V,celt,levantar
2390,heben::V,cilāt,levantar
2391,heben::V,pacelt,levantar
2392,hochheben::V,кыпӧдны,alzar
2393,hochheben::V,pacelt,alzar
2394,ergreifen::V,кутны,coger
2395,ergreifen::V,paķert,coger
2396,ergreifen::V,satvert,coger
2397,halten::V,кутны,tener
2398,halten::V,turēt,tener
2399,halten::V,saturēt,tener
2400,drücken::V,личкыны,apretar
2401,drücken::V,топӧдны,apretar
2402,drücken::V,spiest,apretar
2403,schieben::V,ӧтдортны,empujar
2404,schieben::V,йӧткыштны,empujar
2405,schieben::V,stumt,empujar
2406,kratzen::V,гуджӧдны,rascar
2407,kratzen::V,kasīt,rascar
2408,kratzen::V,skrāpēt,rascar
2409,lecken::V,нювны,lamer
2410,lecken::V,lakt,lamer
2411,lecken::V,laizīt,lamer
2412,beißen::V,курччыны,morder
2413,beißen::V,kost,morder
2414,abreißen::V,орӧдны,arrancar
2415,abreißen::V,atraut,arrancar
2416,abreißen::V,atplēst,arrancar
2417,abschneiden::V,вундавны,cortar
2418,abschneiden::V,nogriezt,cortar
2419,binden::V,гӧрддзавны,atar
2420,binden::V,кӧртавны,atar
2421,binden::V,siet,atar
2422,binden::V,aptīt,atar
2423,stecken::V,сюйны,meter
2424,stecken::V,bāzt,meter
2425,stecken::V,spraust,meter
2426,brechen::V,чегны,romper
2427,brechen::V,чегны,quebrar
2428,brechen::V,lauzt,romper
2429,brechen::V,lauzt,quebrar
2430,brechen::V,lauzīt,romper
2431,brechen::V,lauzīt,quebrar
2432,klopfen::V,камгыны,golpear
2433,klopfen::V,klauvēt,golpear
2434,hauen::V,нӧйнты,pegar
2435,hauen::V,кучкыны,pegar
2436,hauen::V,cirst,pegar
2437,hauen::V,dauzīt,pegar
2438,kleben::V,лемавны,pegar
2439,kleben::V,лемавны,encolar
2440,kleben::V,ляскавны,pegar
2441,kleben::V,ляскавны,encolar
2442,kleben::V,līmēt,pegar
2443,kleben::V,līmēt,encolar
2444,kleben::V,lipināt,pegar
2445,kleben::V,lipināt,encolar
2446,reiben::V,тільны,frotar
2447,reiben::V,зыравны,frotar
2448,reiben::V,rīvēt,frotar
2449,reiben::V,berzēt,frotar
2450,streichen::V,мавтны,untar
2451,streichen::V,мавтны,recubrir
2452,streichen::V,ziest,untar
2453,streichen::V,ziest,recubrir
2454,streichen::V,triept,untar
2455,streichen::V,triept,recubrir
2456,schleifen::V,кеслыны,afilar
2457,schleifen::V,trīt,afilar
2458,schleifen::V,asināt,afilar
2459,schneiden::V,шырны,cortar
2460,schneiden::V,griezt,cortar
2461,schneiden::V,sagriezt,cortar
2462,rütteln::V,легӧдны,agitar
2463,rütteln::V,катлӧдлыны,agitar
2464,rütteln::V,kratīt,agitar
2465,rütteln::V,purināt,agitar
2466,schütteln::V,тракӧдны,agitar
2467,schütteln::V,тракӧдны,sacudir
2468,schütteln::V,kratīt,agitar
2469,schütteln::V,kratīt,sacudir
2470,schwenken::V,ӧвтны,menear
2471,schwenken::V,шенасьны,menear
2472,schwenken::V,vēzēt,menear
2473,schwenken::V,vēcināt,menear
2474,schütten::V,кисьтны,verter
2475,schütten::V,bērt,verter
2476,füllen::V,тыртны,llenar
2477,füllen::V,pildīt,llenar
2478,füllen::V,piepildīt,llenar
2479,einwickeln::V,тубыртны,envolver
2480,einwickeln::V,ietīt,envolver
2481,tragen::V,нуны,llevar
2482,tragen::V,nest,llevar
2483,schleppen::V,кыскавны,arrastrar
2484,schleppen::V,stiept,arrastrar
2485,schleppen::V,staipīt,arrastrar
2486,ziehen::V,кыскыны,tirar
2487,ziehen::V,vilkt,tirar
2488,aufbewahren::V,видзны,conservar
2489,aufbewahren::V,glabāt,conservar
2490,aufbewahren::V,uzglabāt,conservar
2491,werfen::V,чӧвтны,echar
2492,werfen::V,чӧвтны,lanzar
2493,werfen::V,шыбитны,echar
2494,werfen::V,шыбитны,lanzar
2495,werfen::V,mest,echar
2496,werfen::V,mest,lanzar
2497,werfen::V,sviest,echar
2498,werfen::V,sviest,lanzar
2499,fangen::V,кутны,coger
2500,fangen::V,ķert,coger
2501,fangen::V,uzķert,coger
2502,packen::V,босьтны,agarrar
2503,packen::V,paķert,agarrar
2504,packen::V,satvert,agarrar
2505,verstecken::V,дзебны,esconder
2506,verstecken::V,slēpt,esconder
2507,verstecken::V,noglabāt,esconder
2508,teilen::V,юкны,partir
2509,teilen::V,юкны,dividir
2510,teilen::V,dalīt,partir
2511,teilen::V,dalīt,dividir
2512,schicken::V,ыстыны,enviar
2513,schicken::V,sūtīt,enviar
2514,schicken::V,atsūtīt,enviar
2515,bringen::V,вайны,traer
2516,bringen::V,atvest,traer
2517,hinzufügen::V,содтыны,añadir
2518,hinzufügen::V,pievienot,añadir
2519,bekommen::V,босьтны,obtener
2520,bekommen::V,босьтны,conseguir
2521,bekommen::V,dabūt,obtener
2522,bekommen::V,dabūt,conseguir
2523,erhalten::V,босьтны,recibir
2524,erhalten::V,saņemt,recibir
2525,nehmen::V,босьтны,tomar
2526,nehmen::V,ņemt,tomar
2527,nehmen::V,paņemt,tomar
2528,wählen::V,бӧрйыны,elegir
2529,wählen::V,ievēlēt,elegir
2530,auswählen::V,бӧрйыны,escoger
2531,auswählen::V,бӧрйыны,seleccionar
2532,auswählen::V,izvēlēt,escoger
2533,auswählen::V,izvēlēt,seleccionar
2534,bewahren::V,видзны,guardar
2535,bewahren::V,видзны,preservar
2536,bewahren::V,saglabāt,guardar
2537,bewahren::V,saglabāt,preservar
2538,behindern::V,конйӧдлыны,estorbar
2539,behindern::V,конйӧдлыны,obstaculizar
2540,behindern::V,джӧмдӧдны,estorbar
2541,behindern::V,джӧмдӧдны,obstaculizar
2542,behindern::V,kavēt,estorbar
2543,behindern::V,kavēt,obstaculizar
2544,behindern::V,aizkavēt,estorbar
2545,behindern::V,aizkavēt,obstaculizar
2546,verderben::V,тшыкӧдны,estropear
2547,verderben::V,sabojāt,estropear
2548,beschädigen::V,тшыкӧдны,deteriorar
2549,beschädigen::V,bojāt,deteriorar
2550,beschädigen::V,maitāt,deteriorar
2551,zerbrechen::V,жуглыны,romper
2552,zerbrechen::V,жуглыны,quebrar
2553,zerbrechen::V,salauzt,romper
2554,zerbrechen::V,salauzt,quebrar
2555,zerbrechen::V,sadauzīt,romper
2556,zerbrechen::V,sadauzīt,quebrar
2557,zerreißen::V,орӧдны,desgarrar
2558,zerreißen::V,орӧдны,despedazar
2559,zerreißen::V,pārraut,desgarrar
2560,zerreißen::V,pārraut,despedazar
2561,zerstören::V,жугӧдны,destruir
2562,zerstören::V,жугӧдны,destrozar
2563,zerstören::V,кисьтны,destruir
2564,zerstören::V,кисьтны,destrozar
2565,zerstören::V,косявны,destruir
2566,zerstören::V,косявны,destrozar
2567,zerstören::V,graut,destruir
2568,zerstören::V,graut,destrozar
2569,zerstören::V,sagraut,destruir
2570,zerstören::V,sagraut,destrozar
2571,verbrennen::V,сотны,quemar
2572,verbrennen::V,сотчыны,quemar
2573,verbrennen::V,dedzināt,quemar
2574,verbrennen::V,sadedzināt,quemar
2575,geben::V,сетны,dar
2576,geben::V,dot,dar
2577,geben::V,padot,dar
2578,reichen::V,сетны,pasar
2579,reichen::V,padot,pasar
2580,reichen::V,sniegt,pasar
2581,schenken::V,козьнавны,regalar
2582,schenken::V,dāvāt,regalar
2583,schenken::V,dāvināt,regalar
2584,versprechen::V,кыв сетны,prometer
2585,versprechen::V,solīt,prometer
2586,versprechen::V,apsolīt,prometer
2587,wünschen::V,кӧсйыны,desear
2588,wünschen::V,vēlēt,desear
2589,wünschen::V,novēlēt,desear
2590,loben::V,ошкыны,alabar
2591,loben::V,lielīt,alabar
2592,küssen::V,окавны,besar
2593,küssen::V,bučot,besar
2594,küssen::V,skūpstīt,besar
2595,wiegen::V,гудрӧдлыны,mecer
2596,wiegen::V,šūpot,mecer
2597,zudecken::V,веввттьыны,tapar
2598,zudecken::V,веввттьыны,cubrir
2599,zudecken::V,apklāt,tapar
2600,zudecken::V,apklāt,cubrir
2601,zudecken::V,aizsegt,tapar
2602,zudecken::V,aizsegt,cubrir
2603,wecken::V,садьмӧдны,despertar
2604,wecken::V,чуксавны,despertar
2605,wecken::V,modināt,despertar
2606,zeigen::V,петкӧдлыны,mostrar
2607,zeigen::V,rādīt,mostrar
2608,führen::V,нуӧдны,guiar
2609,führen::V,нуӧдны,conducir
2610,führen::V,vadīt,guiar
2611,führen::V,vadīt,conducir
2612,lehren::V,велӧдны,enseñar
2613,lehren::V,велӧдны,instruir
2614,lehren::V,mācīt,enseñar
2615,lehren::V,mācīt,instruir
2616,lehren::V,iemācīt,enseñar
2617,lehren::V,iemācīt,instruir
2618,unterrichten::V,велӧдны,enseñar
2619,unterrichten::V,apmācīt,enseñar
2620,aufziehen::V,быдтыны,criar
2621,aufziehen::V,uzaudzināt,criar
2622,leiten::V,веськӧдлыны,guiar
2623,leiten::V,веськӧдлыны,dirigir
2624,leiten::V,vadīt,guiar
2625,leiten::V,vadīt,dirigir
2626,leiten::V,pārzināt,guiar
2627,leiten::V,pārzināt,dirigir
2628,antreiben::V,тэрмӧдны,impeler
2629,antreiben::V,тэрмӧдны,impulsar
2630,antreiben::V,urdīt,impeler
2631,antreiben::V,urdīt,impulsar
2632,antreiben::V,mudināt,impeler
2633,antreiben::V,mudināt,impulsar
2634,lassen::V,тшӧктыны,hacer
2635,lassen::V,ļaut,hacer
2636,einladen::V,корны,invitar
2637,einladen::V,ielūgt,invitar
2638,einladen::V,aicināt,invitar
2639,vereinigen::V,ӧтувтны,unir
2640,vereinigen::V,котыртны,unir
2641,vereinigen::V,vienot,unir
2642,vereinigen::V,apvienot,unir
2643,besuchen::V,волыны,visitar
2644,besuchen::V,волыны,ir a ver
2645,besuchen::V,ветлыны,visitar
2646,besuchen::V,ветлыны,ir a ver
2647,besuchen::V,apciemot,visitar
2648,besuchen::V,apciemot,ir a ver
2649,treffen::V,вочаӧдны,encontrar
2650,treffen::V,паныдавны,encontrar
2651,treffen::V,satikt,encontrar
2652,treffen::V,sastapt,encontrar
2653,sich versammeln::V,лӧсьӧдчыны,reunirse
2654,sich versammeln::V,лӧсьӧдчыны,congregarse
2655,sich versammeln::V,salasīties,reunirse
2656,sich versammeln::V,salasīties,congregarse
2657,sich versammeln::V,sapulcēties,reunirse
2658,sich versammeln::V,sapulcēties,congregarse
2659,spielen::V,ворсны,jugar
2660,spielen::V,spēlēt,jugar
2661,spielen::V,spēlēties,jugar
2662,singen::V,сьывны,cantar
2663,singen::V,dziedāt,cantar
2664,tanzen::V,йӧктыны,bailar
2665,tanzen::V,diet,bailar
2666,tanzen::V,dejot,bailar
2667,tanzen::V,dancot,bailar
2668,sich trennen::V,торйӧдчыны,separarse
2669,sich trennen::V,šķirties,separarse
2670,sich trennen::V,izšķirties,separarse
2671,verlassen::V,эновтны,dejar
2672,verlassen::V,эновтны,abandonar
2673,verlassen::V,atstāt,dejar
2674,verlassen::V,atstāt,abandonar
2675,retten::V,видзны,salvar
2676,retten::V,мездыны,salvar
2677,retten::V,glābt,salvar
2678,bewachen::V,видзны,vigilar
2679,bewachen::V,sargāt,vigilar
2680,schützen::V,видзны,proteger
2681,schützen::V,pasargāt,proteger
2682,schützen::V,aizsargāt,proteger
2683,verteidigen::V,дорйыны,defender
2684,verteidigen::V,aizstāvēt,defender
2685,sich schlagen::V,косясьны,batirse
2686,sich schlagen::V,kauties,batirse
2687,sich schlagen::V,izkauties,batirse
2688,schießen::V,лыйны,tirar
2689,schießen::V,лыйны,disparar
2690,schießen::V,šaut,tirar
2691,schießen::V,šaut,disparar
2692,schießen::V,šaudīt,tirar
2693,schießen::V,šaudīt,disparar
2694,siegen::V,вермыны,vencer
2695,siegen::V,uzvarēt,vencer
2696,ärgern::V,лӧгӧдны,enojar
2697,ärgern::V,лӧгӧдны,enfadar
2698,ärgern::V,лёкмӧдны,enojar
2699,ärgern::V,лёкмӧдны,enfadar
2700,ärgern::V,скӧрмӧдны,enojar
2701,ärgern::V,скӧрмӧдны,enfadar
2702,ärgern::V,sadusmot,enojar
2703,ärgern::V,sadusmot,enfadar
2704,schlagen::V,вартны,pegar
2705,schlagen::V,вартны,golpear
2706,schlagen::V,sist,pegar
2707,schlagen::V,sist,golpear
2708,schlagen::V,triekt,pegar
2709,schlagen::V,triekt,golpear
2710,treten::V,лёгны,dar una patada a
2711,treten::V,майкны,dar una patada a
2712,treten::V,mīt,dar una patada a
2713,treten::V,paspert,dar una patada a
2714,stechen::V,бышткыны,pinchar
2715,stechen::V,durt,pinchar
2716,stoßen::V,тойлыны,empujar
2717,stoßen::V,йӧткавны,empujar
2718,stoßen::V,grūst,empujar
2719,stehlen::V,гусявны,robar
2720,stehlen::V,гусявны,hurtar
2721,stehlen::V,zagt,robar
2722,stehlen::V,zagt,hurtar
2723,stören::V,падмӧдны,molestar
2724,stören::V,traucēt,molestar
2725,belästigen::V,дӧзмӧдны,molestar
2726,belästigen::V,дӧзмӧдны,importunar
2727,belästigen::V,apgrūtināt,molestar
2728,belästigen::V,apgrūtināt,importunar
2729,verbergen::V,дзебны,ocultar
2730,verbergen::V,дзебны,esconder
2731,verbergen::V,сайӧдны,ocultar
2732,verbergen::V,сайӧдны,esconder
2733,verbergen::V,slēpt,ocultar
2734,verbergen::V,slēpt,esconder
2735,verbergen::V,paslēpt,ocultar
2736,verbergen::V,paslēpt,esconder
2737,täuschen::V,пӧръявны,engañar
2738,täuschen::V,ылӧдны,engañar
2739,täuschen::V,mānīt,engañar
2740,täuschen::V,maldināt,engañar
2741,betrügen::V,сӧрны,engañar
2742,betrügen::V,krāpt,engañar
2743,betrügen::V,apkrāpt,engañar
2744,töten::V,вины,matar
2745,töten::V,nāvēt,matar
2746,töten::V,nogalināt,matar
2747,wohnen::V,овны,vivir
2748,wohnen::V,овны,habitar
2749,wohnen::V,dzīvot,vivir
2750,wohnen::V,dzīvot,habitar
2751,arbeiten::V,уджавны,trabajar
2752,arbeiten::V,strādāt,trabajar
2753,arbeiten::V,darboties,trabajar
2754,sammeln::V,чукӧртны,recoger
2755,sammeln::V,чукӧртны,coleccionar
2756,sammeln::V,vākt,recoger
2757,sammeln::V,vākt,coleccionar
2758,pflücken::V,вотны,coger
2759,pflücken::V,ӧктыны,coger
2760,pflücken::V,raut,coger
2761,pflücken::V,plūkt,coger
2762,jagen::V,кыйсьыны,cazar
2763,jagen::V,medīt,cazar
2764,fischen::V,чери кыйны,pescar
2765,fischen::V,zvejot,pescar
2766,fassen::V,кутны,atrapar
2767,fassen::V,кутны,capturar
2768,fassen::V,saķert,atrapar
2769,fassen::V,saķert,capturar
2770,hüten::V,видзны,guardar
2771,hüten::V,йирӧдны,guardar
2772,hüten::V,ganīt,guardar
2773,treiben::V,вӧтлыны,aballar
2774,treiben::V,dzīt,aballar
2775,anbinden::V,домавны,atar
2776,anbinden::V,piesiet,atar
2777,anbinden::V,piesaistīt,atar
2778,füttern::V,вердны,echar de comer
2779,füttern::V,barot,echar de comer
2780,melken::V,лысьтыны,ordeñar
2781,melken::V,slaukt,ordeñar
2782,hacken::V,керавны,picar
2783,hacken::V,керавны,cortar
2784,hacken::V,kapāt,picar
2785,hacken::V,kapāt,cortar
2786,gießen::V,киськавны,regar
2787,gießen::V,liet,regar
2788,gießen::V,laistīt,regar
2789,reifen::V,кисьмыны,madurar
2790,reifen::V,briest,madurar
2791,zubereiten::V,дасьтыны,preparar
2792,zubereiten::V,taisīt,preparar
2793,zubereiten::V,gatavot,preparar
2794,kochen::V,пуны,cocer
2795,kochen::V,пуны,guisar
2796,kochen::V,vārīt,cocer
2797,kochen::V,vārīt,guisar
2798,backen::V,пӧжавны,hornear
2799,backen::V,пӧжавны,cocer al horno
2800,backen::V,cept,hornear
2801,backen::V,cept,cocer al horno
2802,braten::V,пражитны,asar
2803,braten::V,пражитны,freír
2804,braten::V,cept,asar
2805,braten::V,cept,freír
2806,braten::V,cepināt,asar
2807,braten::V,cepināt,freír
2808,umrühren::V,сорлавны,remover
2809,umrühren::V,maisīt,remover
2810,umrühren::V,apmaisīt,remover
2811,stricken::V,кӧртны,hacer punto
2812,stricken::V,кӧртны,hacer calceta
2813,stricken::V,adīt,hacer punto
2814,stricken::V,adīt,hacer calceta
2815,nähen::V,вурны,coser
2816,nähen::V,šūt,coser
2817,färben::V,мичӧдны,teñir
2818,färben::V,мичӧдны,colorear
2819,färben::V,краситны,teñir
2820,färben::V,краситны,colorear
2821,färben::V,krāsot,teñir
2822,färben::V,krāsot,colorear
2823,färben::V,nokrāsot,teñir
2824,färben::V,nokrāsot,colorear
2825,reinigen::V,весавны,limpiar
2826,reinigen::V,tīrīt,limpiar
2827,reinigen::V,attīrīt,limpiar
2828,waschen::V,мыськыны,lavar
2829,waschen::V,mazgāt,lavar
2830,abwischen::V,чышкыны,fregar
2831,abwischen::V,чышкыны,limpiar
2832,abwischen::V,noslaucīt,fregar
2833,abwischen::V,noslaucīt,limpiar
2834,spülen::V,пожъявны,aclarar
2835,spülen::V,пожъявны,enjuagar
2836,spülen::V,skalot,aclarar
2837,spülen::V,skalot,enjuagar
2838,fegen::V,чышкыны,barrer
2839,fegen::V,чышкыны,pasar la escoba
2840,fegen::V,slaucīt,barrer
2841,fegen::V,slaucīt,pasar la escoba
2842,kehren::V,чышкыны,barrer
2843,kehren::V,mēzt,barrer
2844,baden::V,купайтчыны,bañarse
2845,baden::V,peldēties,bañarse
2846,sich waschen::V,мыссьыны,lavarse
2847,sich waschen::V,mazgāties,lavarse
2848,ausziehen::V,пӧрччӧдны,quitar
2849,ausziehen::V,пӧрччӧдны,quitarse
2850,ausziehen::V,noģērbt,quitar
2851,ausziehen::V,noģērbt,quitarse
2852,anziehen::V,кӧмавны,ponerse
2853,anziehen::V,пасьтавны,ponerse
2854,anziehen::V,uzvilkt,ponerse
2855,sich anziehen::V,пасьтасьны,vestirse
2856,sich anziehen::V,apģērbties,vestirse
2857,kämmen::V,сынавны,peinar
2858,kämmen::V,sukāt,peinar
2859,schmücken::V,мичмӧдны,adornar
2860,schmücken::V,rotāt,adornar
2861,schmücken::V,greznot,adornar
2862,sagen::V,шуны,decir
2863,sagen::V,висьтавны,decir
2864,sagen::V,teikt,decir
2865,sprechen::V,сёрнитны,hablar
2866,sprechen::V,runāt,hablar
2867,reden::V,сёрнитны,hablar
2868,reden::V,сёрнитны,conversar
2869,reden::V,norunāt,hablar
2870,reden::V,norunāt,conversar
2871,sich unterhalten::V,сёрнитны,charlar
2872,sich unterhalten::V,сёрнитны,conversar
2873,sich unterhalten::V,варовитны,charlar
2874,sich unterhalten::V,варовитны,conversar
2875,sich unterhalten::V,sarunāties,charlar
2876,sich unterhalten::V,sarunāties,conversar
2877,fragen::V,юавны,preguntar
2878,fragen::V,jautāt,preguntar
2879,bitten::V,корны,rogar
2880,bitten::V,lūgt,rogar
2881,bitten::V,prasīt,rogar
2882,erzählen::V,висьтавны,contar
2883,erzählen::V,stāstīt,contar
2884,mitteilen::V,юӧртны,comunicar
2885,mitteilen::V,юӧртны,participar
2886,mitteilen::V,висьтавны,comunicar
2887,mitteilen::V,висьтавны,participar
2888,mitteilen::V,pavēstīt,comunicar
2889,mitteilen::V,pavēstīt,participar
2890,nennen::V,шуны,llamar
2891,nennen::V,шуны,nombrar
2892,nennen::V,ним сетны,llamar
2893,nennen::V,ним сетны,nombrar
2894,nennen::V,saukt,llamar
2895,nennen::V,saukt,nombrar
2896,rufen::V,корны,llamar
2897,rufen::V,saukt,llamar
2898,prahlen::V,ошйысьны,jactarse
2899,prahlen::V,lielīties,jactarse
2900,übersetzen::V,вуджӧдны,traducir
2901,übersetzen::V,tulkot,traducir
2902,übersetzen::V,pārtulkot,traducir
2903,denken::V,мӧвпавны,pensar
2904,denken::V,domāt,pensar
2905,glauben::V,эскыны,creer
2906,glauben::V,ticēt,creer
2907,bemerken::V,казявны,notar
2908,bemerken::V,ievērot,notar
2909,bemerken::V,ieraudzīt,notar
2910,erkennen::V,тӧдмавны,reconocer
2911,erkennen::V,pazīt,reconocer
2912,erkennen::V,atpazīt,reconocer
2913,begreifen::V,вежӧртны,concebir
2914,begreifen::V,гӧгӧрвоны,concebir
2915,begreifen::V,jēgt,concebir
2916,begreifen::V,apjēgt,concebir
2917,verstehen::V,вежӧртны,entender
2918,verstehen::V,вежӧртны,comprender
2919,verstehen::V,гӧгӧрвоны,entender
2920,verstehen::V,гӧгӧрвоны,comprender
2921,verstehen::V,saprast,entender
2922,verstehen::V,saprast,comprender
2923,lernen::V,вeлöдчыны,aprender
2924,lernen::V,mācīties,aprender
2925,wissen::V,тӧдны,saber
2926,wissen::V,zināt,saber
2927,sich erinnern an::V,казьтывны,recordar
2928,sich erinnern an::V,казьтывны,acordarse de
2929,sich erinnern an::V,дум вылӧ уськӧдны,recordar
2930,sich erinnern an::V,дум вылӧ уськӧдны,acordarse de
2931,sich erinnern an::V,atminēties,recordar
2932,sich erinnern an::V,atminēties,acordarse de
2933,vergessen::V,вунӧдны,olvidar
2934,vergessen::V,mirst,olvidar
2935,vergessen::V,aizmirst,olvidar
2936,messen::V,муртавны,medir
2937,messen::V,mērīt,medir
2938,zählen::V,лыддьыны,contar
2939,zählen::V,skaitīt,contar
2940,rechnen::V,лыддьыны,contar
2941,rechnen::V,лыддьыны,calcular
2942,rechnen::V,rēķināt,contar
2943,rechnen::V,rēķināt,calcular
2944,lesen::V,лыддьыны,leer
2945,lesen::V,lasīt,leer
2946,malen::V,серпасавны,pintar
2947,malen::V,gleznot,pintar
2948,zeichnen::V,серпасавны,dibujar
2949,zeichnen::V,zīmēt,dibujar
2950,schreiben::V,гижны,escribir
2951,schreiben::V,rakstīt,escribir
2952,besitzen::V,лоны,poseer
2953,besitzen::V,piederēt,poseer
2954,kaufen::V,ньӧбны,comprar
2955,kaufen::V,pirkt,comprar
2956,verkaufen::V,вузавны,vender
2957,verkaufen::V,pārdot,vender
2958,bezahlen::V,мынтыны,pagar
2959,bezahlen::V,мынтысьны,pagar
2960,bezahlen::V,apmaksāt,pagar
2961,zahlen::V,мынтыны,pagar
2962,zahlen::V,maksāt,pagar
2963,beherrschen::V,ас улын кутны,dominar
2964,beherrschen::V,valdīt,dominar
2965,ertragen::V,пыкны,soportar
2966,ertragen::V,лэптыны,soportar
2967,ertragen::V,panest,soportar
2968,ertragen::V,paciest,soportar
