,Concept_ID,te,ce
0,Auge::N,కన్ను,бӏаьрг
1,Ohr::N,చెవి,лерг
2,Nase::N,ముక్కు,мара
3,Mund::N,నోరు,бага
4,Zahn::N,పల్లు,церг
5,Zunge::N,నాలుక,мотт
6,Lippe::N,పెదవి,балда
7,Wange::N,చెంప,бесни
8,Gesicht::N,ముఖము,юьхь
9,Stirn::N,నుదురు,хьаж
10,Haar::N,వెండ్రుక,мас
11,Schnurrbart::N,మీసము,мекх
12,Bart::N,గడ్డము,маж
13,Kinn::N,గడ్డము,чӏениг
14,Kiefer[Anatomie]::N,దౌడ,мочхал
15,Kehle::N,గొంతు,къамкъарг
16,Hals::N,మెడ,ворта
17,Genick::N,మూపు,кӏесаркӏаг
18,Kopf::N,తల,корта
19,Rücken::N,వెన్ను,букъ
20,Bauch::N,కడుపు,кийра
21,Nabel::N,బొడ్డు,цӏонга
22,Busen::N,స్తనము,зударийн накха
23,Brust::N,ఱొమ్ము,накха
24,Schulter::N,భుజము,белш
25,Arm::N,చేయి,пхьарс
26,Ellenbogen::N,మోచేయి,пхьаьрсан гола
27,Hand::N,చేయి,куьг
28,Handfläche::N,అరచేయు,кераюкъ
29,Finger::N,చేతిప్రేలు,пӏелг
30,Fingernagel::N,గోరు,мӏара
31,Nagel[Anatomie]::N,గోరు,мӏара
32,Zeh::N,కాలిప్రేలు,кога пӏелг
33,Fuß::N,అడుగు,ког
34,Ferse::N,మడమ,кӏажа
35,Knie::N,మోకాలు,гола
36,Oberschenkel::N,తొడ,варе
37,Bein::N,కాలు,ког
38,Körper::N,కాయము,хӏума
39,Haut::N,చర్మము,чкъор
40,Blut::N,రక్తము,цӏий
41,Ader::N,సిర,пха
42,Sehne::N,స్నాయువు,хьорзам
43,Knochen::N,ఎముక,даьӏахк
44,Gehirn::N,మెదడు,хье
45,Herz::N,హృదయము,дог
46,Magen::N,కడుపు,зорх
47,Leber::N,కాలేయము,доӏах
48,Atem::N,ఉపిరి,садеӏар
49,Hunger::N,ఆకలి,мацалла
50,Träne::N,కన్నీటిచుక్క,бӏаьрхи
51,Geschmack::N,రుచి,чам
52,Geruch::N,వాసన,хьожа
53,Schlaf::N,నిద్ర,наб
54,Traum::N,కల,гӏан
55,Himmel::N,ఆకాశము,стигал
56,Sonne::N,సూర్యుడు,малх
57,Mond::N,చంద్రుడు,бутт
58,Stern::N,నక్షత్రము,седа
59,Luft::N,గాలి,xӏаваъ
60,Wind::N,వీచుచున్నగాలి,мох
61,Welle::N,అల,тулгӏе
62,Wasser::N,నీరు,хи
63,Stein::N,ఱాయి,тӏулг
64,Boden::N,నేల,цӏенкъа
65,Erde::N,మన్ను,латта
66,Staub::N,దుమ్ము,чан
67,Rauch::N,పొగ,кӏур
68,Funke::N,అగ్నికణము,суй
69,Feuer::N,అగ్ని,цӏе
70,Licht::N,కాంతి,серло
71,Schatten::N,నీడ,ӏиндагӏ
72,Wetter::N,వాతావరణ స్థితి,хенан хӏоттам
73,Nebel::N,పొగమంచు,дохк
74,Wolke::N,మేఘము,марха
75,Regen::N,వాన,догӏа
76,Schnee::N,హిమము,ло
77,Eis::N,మంచుగడ్డ,ша
78,Frost::N,పేరిన మంచు,шело
79,Kälte::N,చలి,шело
80,Hitze::N,వేడిమి,йовхо
81,Raureif::N,మంచు,йис
82,Regenbogen::N,ఇంద్రధనుస్సు,стелаӏад
83,Donner::N,ఉరుము,ткъес
84,Strömung::N,ప్రవాహము,дӏаэхар
85,Strömung::N,ప్రవాహము,дӏасалелар
86,Tropfen::N,చుక్క,тӏадам
87,Schaum::N,నురుగు,чопа
88,Schmutz::N,మైల,хатт
89,See::N,సరస్సు,ӏам
90,Sumpf::N,చిత్తడినేల,уьшал
91,Moor::N,చిత్తడినేల,уьшал
92,Wiese::N,పచ్చిక బయలు,бай
93,Wald::N,అడవి,хьун
94,Hügel::N,చివ్నకొండ,гу
95,Hügel::N,చివ్నకొండ,шу
96,Hügel::N,చివ్నకొండ,барз
97,Anhöhe::N,కొండ,акъари
98,Berg::N,పర్వతము,лам
99,Gipfel::N,శిఖరము,бохь
100,Höhle::N,గుహ,хьех
101,Abhang::N,ఏటవాలు,басе
102,Quelle::N,మూలము,шовда
103,Bach::N,కాలువ,татол
104,Fluss::N,నది,хи
105,Ufer::N,తీరము,хийист
106,Küste::N,తీరము,йист
107,Festland::N,భూమి,латта
108,Meer::N,సముద్రము,xӏорд
109,Bucht::N,మరుగు,чож
110,Insel::N,దీవి,гӏайре
111,Blume::N,పుష్పము,зезаг
112,Gras::N,పచ్చగడ్డి,буц
113,Wurzel::N,వేరు,орам
114,Baum::N,చెట్టు,дитт
115,Stamm::N,చెట్టుబోదె,гӏад
116,Stamm::N,చెట్టుబోదె,тайпа
117,Rinde::N,చెట్టుపట్ట,кевстиг
118,Ast::N,కొమ్మ,га
119,Zweig::N,చివుకు,га
120,Blatt::N,ఆకు,гӏа
121,Birke::N,తరహా చెట్టు,дакх
122,Kiefer[Baum]::N,దేవదారు చెట్టు,бага
123,Weide[Baum]::N,జాతిచెట్టు,дак
124,Tanne::N,దేవదారుచెట్టు,база
125,Horn::N,కొమ్ము,маӏа
126,Feder::N,ఈక,пелаг
127,Fell::N,తోలు,цӏока
128,Flügel::N,ఱెక్క,тӏам
129,Klaue::N,వంకరగోరు,мӏара
130,Kralle::N,వంకరగోరు,тlод
131,Schwanz::N,తోక,цӏога
132,Ei::N,గ్రుడ్డు,xӏoa
133,Nest::N,పక్షిగూడు,бен
134,Bau::N,గుహ,lуьрг
135,Tier::N,జంతువు,дийнат
136,Herde::N,మంద,жа
137,Kuh::N,ఆవు,етт
138,Bulle::N,గిత్త,сту
139,Pferd::N,గుఱ్ఱము,говр
140,Schaf::N,గొఱ్ఱె,жий
141,Schaf::N,గొఱ్ఱె,уьстагӏ
142,Schwein::N,పంది,хьакха
143,Hund::N,కుక్క,жӏаьла
144,Katze::N,పిల్లి,цициг
145,Bär::N,ఎలుగుబంటి,ча
146,Eichhörnchen::N,ఉడుత,тарсал
147,Elch::N,కణంజు,сай
148,Fuchs::N,గుంటనక్క,цхьогал
149,Hase::N,కుందేలు,пхьагал
150,Maus::N,చిట్టెలుక,дахка
151,Wolf::N,తోడేలు,борз
152,Vogel::N,పక్షి,олхазар
153,Schwarm::N,గుంపు,
154,Huhn::N,కోడిపిల్ల,котам
155,Hahn::N,కోడివుంజు,нӏаьна
156,Hahn::N,కోడివుంజు,боргӏал
157,Gans::N,ఆడుబాతు,гӏаз
158,Adler::N,గ్రద్ద,aьрзу
159,Ente::N,పాట్టిబాతు,бад
160,Eule::N,గ్రుడ్లగూబ,бухӏа
161,Kranich::N,కొంగ,гӏаргӏули
162,Krähe::N,కాకి,къиг
163,Kuckuck::N,కోయల,aттйокх
164,Schwan::N,హంస,гӏургӏаз
165,Fisch::N,చేప,чӏара
166,Barsch::N,ఒకచేఁప,окунь
167,Hecht::N,గండుమీను,гӏазкхийн чӏара
168,Schlange[Tier]::N,పాము,лаьхьа
169,Wurm::N,పురుగు,нӏаьна
170,Spinne::N,సాలె పురుగు,гезг
171,Ameise::N,చీమ,зингат
172,Laus::N,పేను,меза
173,Laus::N,పేను,гӏениг
174,Mücke::N,చీకటీగ,чуьрк
175,Fliege::N,ఈగ,моза
176,Schmetterling::N,సీతాకోకచిలుక,полла
177,Beere::N,కాయ,цӏазам
178,Apfel::N,ఆపిల్ పండు,ӏаж
179,Pilz::N,కుక్కగొడుగు,жӏаьлин нускал
180,Zwiebel::N,నీరుల్లి,xох
181,Saat::N,విత్తనము,чlу
182,Korn::N,గింజ,буьртиг
183,Heu::N,ఎండుగడ్డి,йол
184,Schale::N,పొట్టు,пардо
185,Grube::N,గొయ్యి,ор
186,Falle::N,బోను,кӏело
187,Schlinge::N,ఉరి,
188,Spur::N,జాడ,лар
189,Asche::N,బూడిద,чим
190,Dreck::N,ముఱికి,мода
191,Eisen::N,ఇనుము,эчиг
192,Gold::N,బంగారము,деши
193,Silber::N,వెండి,дети
194,Kohle::N,నేలబొగ్గు,кӏора
195,Glas::N,గాజు,aнгали
196,Lehm::N,బంకమన్ను,поппар
197,Sand::N,ఇసుక,гӏум
198,Mensch::N,నరుడు,адам
199,Mann::N,పురుమడు,майра
200,Frau::N,ఆడుది,зуда
201,Kind::N,బిడ్డ,бер
202,Junge::N,బాలుడు,жимха
203,Mädchen::N,బాలిక,жима йоӏ
204,Familie::N,కుటుంబము,доьзал
205,Großvater::N,తాత,ненада
206,Großmutter::N,అయ్యమ్మ,денана
207,Eltern::N,తల్లితండ్రులు,да-нана
208,Vater::N,తండ్రి,да
209,Mutter::N,తల్లి,нана
210,Sohn::N,కొడుకు,кӏант
211,Tochter::N,కూతురు,йоӏ
212,Bruder::N,పోదరుడు,ваша
213,Schwester::N,సోదరి,йиша
214,Onkel::N,మేనమామ,деваша
215,Tante::N,మేనత్త,дейиша
216,Tante::N,పినతల్లి,дейиша
217,Ehemann::N,భర్త,майра
218,Ehefrau::N,భార్య,зуда
219,Freude::N,సంతోషము,самукъа
220,Freude::N,సంతోషము,хазахетар
221,Gelächter::N,నవ్వు,белам
222,Glück::N,సంతోషము,ирс
223,Kummer::N,దుఃఖము,бала
224,Wunsch::N,కోరిక,лаам
225,Lust::N,కోరిక,лаам
226,Geist::N,ఆత్మ,са
227,Gedanke::N,ఆలోచన,ойла
228,Gedächtnis::N,జ్ఞాపకము,диццадалар
229,Verstand::N,మనస్సు,хьекъал
230,Sinn::N,అర్థము,маьӏна
231,Grund::N,కారణము,бахьана
232,Wahrheit::N,సత్యము,бакъдерг
233,Gespräch::N,పంభాషణ,къамел
234,Märchen::N,అద్భుతకథ,туьйра
235,Erzählung::N,కథ,дийцар
236,Nachricht::N,వార్త,хаам
237,Neuigkeit::N,వార్త,керланиг
238,Name::N,పేరు,цӏе
239,Rätsel::N,చిక్కు,хӏетал-метал
240,Rede::N,ఉపన్యాసము,къамел
241,Sprache::N,భాష,мотт
242,Stimme::N,కంరథ్సని,aз
243,Wort::N,మాట,дош
244,Zeichen::N,గుర్తు,билгало
245,Ruf::N,పిలువు,кхайкхар
246,Lärm::N,సందడి,гӏовгӏа
247,Laut::N,ధ్వని,аз
248,Ton::N,స్వరము,aз
249,Lied::N,పాట,илли
250,Ruhe::N,గాలిలేమి,тийналла
251,Leute::N,జనులు,нах
252,Volk::N,జాతి,халкъ
253,Arbeit::N,పని,болх
254,Gast::N,అతిధి,хьаша
255,Geschenk::N,దానము,совгӏат
256,Spiel::N,ఆట,ловзар
257,Gesellschaft::N,జట్టు,юкъаралла
258,Hilfe::N,సాహాయ్యము,гӏо
259,Freund::N,స్నేహితుడు,доттагl
260,Kamerad::N,చెలికాడు,накъост
261,Angelegenheit::N,విషయము,гӏуллакх
262,Anzahl::N,లెక్క,терахь
263,Art::N,జాతి,
264,Stück::N,తునుక,юьхк
265,Teil::N,భాగము,дакъа
266,Hälfte::N,సగము,ах
267,Kreis::N,వృత్తము,го
268,Kreuz::N,సిలువ,жӏара
269,Linie::N,గీత,сиз
270,Strich::N,గీత,сиз
271,Abstand::N,సందు,юкъ
272,Entfernung::N,దూరము,
273,Gegend::N,విస్తీర్ణము,мeттиг
274,Platz::N,ఎడము,майда
275,Ort::N,స్థలము,меттиг
276,Seite::N,ప్రక్క,aгӏo
277,Mitte::N,నడిమి,юкъ
278,Gegenstand::N,పద్దు,хӏума
279,Sache::N,వస్తువు,хӏума
280,Rand::N,అంచు,йист
281,Kante::N,అంచు,йист
282,Ecke::N,మూల,са
283,Spitze::N,మొన,ралла
284,Ende::N,కొన,юьхьиг
285,Loch::N,రంధ్రము,ӏуьрг
286,Winkel::N,కోణము,са
287,Muster::N,మాదిరి,дагар
288,Muster::N,మాదిరి,тӏамар
289,Größe::N,పరిమాణము,барам
290,Länge::N,పొడుగు,йохалла
291,Höhe::N,పొడుగు,локхалла
292,Gewicht::N,భారము,йозалла
293,Menge::N,మొత్తము,дукхалла
294,Haufen::N,రాశి,сал
295,Haufen::N,రాశి,оьла
296,Reihe::N,వరుస,рагӏ
297,Reihe::N,వరుస,могӏа
298,Boot::N,పడవ,кема
299,Ruder::N,అడక,пийсиг
300,Schlitten::N,సరవండ్లు,салаз
301,Ski::N,స్కీ,когсалаз
302,Lagerfeuer::N,నెగడు,цӏе
303,Last::N,బరువు,дукъ
304,Gang::N,నడక,лелар
305,Schritt::N,అడుగు,гӏулч
306,Norden::N,ఉత్తరదిక్కు,къилбаседе
307,Süden::N,దక్షిణము,къилбе
308,Westen::N,పడమర,малхбузе
309,Osten::N,తూర్పు,малхбале
310,Holz::N,కొయ్య,дечиг
311,Brett::N,పలక,у
312,Platte::N,పలక,у
313,Stütze::N,వాల్సేడ్లు,гӏopтоp
314,Stange::N,స్తంభము,гӏуркх
315,Stock::N,కఱ్ఱ,ӏаса
316,Stab::N,కఱ్ఱ,гӏаж
317,Rohr::N,గొట్టము,биргӏа
318,Haus::N,ఇల్లు,цӏа
319,Heim::N,స్వగృహము,кхерч
320,Ofen::N,పొయ్యి,кхерч
321,Fußboden::N,నేల,цӏенкъа
322,Tisch::N,మేజా,шун
323,Stuhl::N,కుర్చీ,гӏант
324,Wiege::N,ఉయ్యాల,ага
325,Bett::N,పడక,маьнга
326,Bett::N,మంచం,маьнга
327,Regal::N,అటక,терхи
328,Kiste::N,వెట్టె,яьшка
329,Fenster::N,కిటికి,кор
330,Tür::N,ద్వారము,неӏ
331,Tor::N,ద్వారము,ков
332,Zaun::N,కంచె,керт
333,Dach::N,ఇంటివైకప్పు,тхов
334,Leiter::N,నిచ్చెన,лами
335,Besen::N,చీపురుకట్ట,нуй
336,Spaten::N,పాఱ,бел
337,Schaufel::N,పాఱ,аьшкал
338,Gabel::N,ముండ్లగరిటె,мӏара
339,Löffel::N,గరిటె,ӏайг
340,Messer::N,కత్తి,урс
341,Nagel::N,మేకు,хьостам
342,Netz::N,వల,бой
343,Haken::N,కొక్కెము,мӏара
344,Griff::N,పిడి,
345,Schloss::N,తాళము,чӏега
346,Bild::N,చిత్రము,сурт
347,Figur::N,రూపము,
348,Puppe::N,బొమ్మ,тайниг
349,Beutel::N,సంచి,гали
350,Bündel::N,మూట,кочар
351,Tasche::N,సంచి,тӏоьрмиг
352,Eimer::N,చేద,чийлик
353,Deckel::N,మూత,негӏар
354,Geschirr::N,వంటకాలు,пхьегӏа
355,Sack::N,గోనెసంచి,гали
356,Tasse::N,గిన్నె,кад
357,Topf::N,కుండ,яй
358,Kessel::N,నీరుకాచుపాత్ర,яй
359,Essen::N,ఆహారము,юург
360,Nahrung::N,ఆహారము,кхача
361,Speise::N,ఆహారము,юург
362,Fleisch::N,మాంసము,жижиг
363,Getreide::N,ధాన్యము,буьртиг
364,Brei::N,గుజ్జు,xудар
365,Brot::N,రొట్టె,бепиг
366,Brot::N,రొట్టె,кхаллар
367,Scheibe::N,బద్ద,цастар
368,Fett::N,క్రొవ్వు,мохь
369,Butter::N,వెన్న,налха
370,Öl::N,నూనె,даьтта
371,Salz::N,ఉప్పు,туьха
372,Suppe::N,చారు,чорпа
373,Honig::N,తెనె,моз
374,Milch::N,పాలు,шура
375,Tee::N,తేనీరు,чай
376,Leder::N,బాగుచేసివతోలు,цӏока
377,Wolle::N,ఉన్ని,тӏapгӏa
378,Stoff::N,బట్ట,кӏади
379,Nadel::N,సూది,маха
380,Faden::N,దారము,тай
381,Knopf::N,బొత్తాము,нуьйда
382,Knoten::N,ముడి,шад
383,Farbe::N,రంగు,сир
384,Farbe::N,రంగు,басар
385,Kleidung::N,బట్టలు,бедар
386,Hemd::N,చొక్కాయ,коч
387,Kragen::N,మాల,кач
388,Ärmel::N,చొక్కాయచెయ్యి,пхьош
389,Hose::N,ఇజారు,хеча
390,Gürtel::N,పటకా,доьхка
391,Mütze::N,టోపి,куй
392,Schuh::N,పాదరక్ష,мача
393,Stiefel::N,బూటు,этка
394,Ring::N,ఉంగరము,чӏуг
395,Band::N,నాడా,лента
396,Kamm::N,దువ్వెన,ехк
397,Spiegel::N,అద్దము,куьзга
398,Riemen::N,వాడా,доьхка
399,Schnur::N,దారము,муш
400,Leine::N,వారు,кочатосу доьхка
401,Decke::N,కంబళి,юргӏа
402,Kissen::N,తలగడ,гIайба
403,Tuch::N,బట్ట,исхар
404,Handtuch::N,తువాలు,гата
405,Kraft::N,బలము,гӏора
406,Stärke::N,శక్తి,гӏап
407,Gesundheit::N,ఆరోగ్యము,могашалла
408,Krankheit::N,రోగము,цамгар
409,Schmerz::N,నొప్పి,лазар
410,Wunde::N,గాయము,чов
411,Fieber::N,జ్వరము,xорша
412,Arznei::N,మందు,молха
413,Brücke::N,వంతెన,тӏай
414,Brunnen::N,బావి,гӏу
415,Brunnen::N,కూపము,гӏу
416,Brunnen::N,నుయ్యి,гӏу
417,Weide::N,పచ్చికబయలు,дак
418,Pfad::N,కాలిత్రోవ,тача
419,Weg::N,మార్గము,некъ
420,Straße::N,బాట,урам
421,Dorf::N,గ్రామము,юрт
422,Stadt::N,పట్టణము,гӏала
423,Brief::N,జాబు,кехат
424,Buch::N,పుస్తకము,жайна
425,Buchstabe::N,అక్షరము,элп
426,Zeitung::N,వార్తాపత్రిక,газет
427,Leben::N,ప్రాణము,дахар
428,Tod::N,మరణము,далар
429,Tod::N,మరణము,ӏожалла
430,Grab::N,సమాధి,каш
431,Kirche::N,క్రెస్తవులగుడి,килс
432,Sünde::N,పాపము,къа
433,Gott::N,దేవుడు,дела
434,Arbeiter::N,పనిపాటుచేశేవాడు,белхало
435,Chef::N,యజమానుడు,хьаькам
436,Meister::N,కళాకారుడు,говзанча
437,Arzt::N,వైద్యుడు,лор
438,Lehrer::N,ఉపాధ్యాయుడు,хьехархо
439,Geld::N,ద్రవ్యము,aхча
440,Geschäft::N,వ్యాపారము,туька
441,Laden::N,అంగడి,туька
442,Preis::N,వెల,мах
443,Ware::N,సరకులు,хlума
444,Nutzen::N,ప్రయోజనము,пайда
445,Reichtum::N,ధనము,хьал
446,Welt::N,ప్రపంచము,дуьне
447,Land::N,దేశము,мохк
448,Staat::N,రాజ్యము,пачхьалкх
449,König::N,రాజు,паччахь
450,Macht::N,అధికారము,ӏедал
451,Grenze::N,సరిహద్దు,доза
452,Krieg::N,యుద్ధము,тӏом
453,Feind::N,శత్రువు,мостагӏ
454,Gewalt::N,దౌర్జన్యము,гӏело
455,Kampf::N,పోట్లాట,къийсам
456,Bogen[Waffe]::N,విల్లు,
457,Pfeil::N,బాణము,пха
458,Gewehr::N,తుపాకి,топ
459,Fehler::N,తప్ప,гӏалат
460,Lüge::N,అసత్యము,аьшпаш
461,Schaden::N,నష్టము,зен
462,Unglück::N,దురదృష్టము,бала
463,Schuld::N,తప్పు,бехк
464,Alter::N,వయస్సు,хан
465,Schluss::N,ముగింపు,чакхе
466,Zeit::N,కాలము,хан
467,Tag::N,దినము,де
468,Morgen::N,ఉదయము,ӏуьйре
469,Mittag::N,మధ్యాహ్నము,делкъе
470,Abend::N,సాయంకాలము,суьйре
471,Nacht::N,రత్రి,буьйса
472,Woche::N,వారము,кӏира
473,Monat::N,నెల,бутт
474,Jahr::N,సంవత్సరము,шо
475,Frühling::N,వసంతకాలము,бӏаьсте
476,Sommer::N,వేసవికాము,аьхке
477,Herbst::N,ఆకురాలుకాలము,гуьйре
478,Winter::N,శీతకాలము,ӏа
479,Januar::N,జనవరి,январь
480,Februar::N,ఫిబ్రవరి,февраль
481,März::N,మార్చి,март
482,April::N,ఏప్రిలు,апрель
483,Mai::N,మే,май
484,Juni::N,జూన్,июнь
485,Juli::N,జూలై,июль
486,August::N,ఆగస్టు,август
487,September::N,సెప్ఠెంబరు,сентябрь
488,Oktober::N,అక్టోబరు,октябрь
489,November::N,నవంబరు,ноябрь
490,Dezember::N,డిసెంబర్,декабрь
491,Montag::N,సోమవారము,оршот
492,Dienstag::N,మంగళవారము,шинара
493,Mittwoch::N,బుధవారము,кхаара
494,Donnerstag::N,గురువారము,еара
495,Freitag::N,శుక్రవారము,пӏераска
496,Samstag::N,శనివారము,шот
497,Sonntag::N,ఆదివారము,кӏиранде
498,groß::A,గొప్పైన,доккха
499,klein::A,చిన్న,кегий
500,lang::A,పొడుగాటి,еха
501,kurz::A,పొట్టి,доца
502,breit::A,వెడల్పైన,шуьйра
503,schmal::A,ఇఱుకైన,готта
504,dicht::A,దట్టమైన,луьста
505,dick[Gegenstand]::A,దట్టమైన,стомма
506,dünn::A,పలుచని,дуткъа
507,fein::A,నాజాకైన,ховха
508,fest::A,దృడమైవ,чӏогӏа
509,flach::A,చదువైన,чӏапа
510,glatt::A,నున్నని,шера
511,hart::A,కఠినమైన,чӏогӏa
512,weich::A,మృదువైన,кӏеда
513,rund::A,గుండ్రని,горга
514,spitz::A,మొనగల,ира
515,scharf::A,పదనైన,ира
516,stumpf::A,వాడిలేని,аьртa
517,schwer::A,బరువ్తెన,деза
518,schön::A,సుందరమైన,хаза
519,heiß::A,వేడియైన,довха
520,warm::A,వెచ్చని,довха
521,kalt::A,చల్లని,шийла
522,kühl::A,చల్లని,шийла
523,frisch::A,తాజాయైన,керла
524,feucht::A,చెమ్మగానున్న,тӏуьна
525,nass::A,తడిగామన్న,тӏеда
526,trocken::A,ఎండిన,eкъа
527,voll::A,నిండు,дуьзна
528,leer::A,శూన్యమైన,яьсса
529,offen::A,తెఱచియున్న,диллина
530,geschlossen::A,మూసిన,дӏакъевлина
531,geschlossen::A,మూసిన,дӏачӏагӏдина
532,sauber::A,పరిశుద్ధమైన,цӏена
533,schmutzig::A,ముఱికియైన,боьха
534,roh::A,పచ్చి,буьйда
535,reif::A,పండివ,хилла
536,lecker::A,రుచి గల,чоме
537,süß::A,తియ్యని,мерза
538,bitter::A,చేదైన,къаьхьа
539,sauer::A,పుల్లని,муьста
540,hell::A,కాంతిగల,сирла
541,dunkel::A,చీకటియైన,бодане
542,schwarz::A,నల్లని,ӏаьржа
543,weiß::A,తెలుపు,кӏайн
544,rot::A,ఎఱ్ఱని,цӏен
545,gelb::A,పసుపు పచ్చ,можа
546,blau::A,నీలవర్ణము,сийна
547,grün::A,ఆకుపచ్చని,баьццара
548,grau::A,నెరిసిన,cира
549,grau::A,నెరిసిన,мокха
550,bunt::A,రంగేలీ,къорза
551,billig::A,చౌకయైన,дораха
552,teuer::A,వెలపొడుగైన,деза
553,wertvoll::A,విలుప్తెన,мехала
554,blind::A,గ్రుడ్డి,бӏаьрзе
555,taub::A,చెవిటి,къора
556,kräftig::A,శక్తి గల,нуьцкъала
557,stark::A,బలమైన,зоьртала
558,stark::A,బలమైన,нуьцкъала
559,schwach::A,బలహీనమైన,гӏорасиза
560,fett::A,క్రొవ్విన,дерстана
561,schlank::A,సన్నని,куц долу
562,hübsch::A,సాగప్తెన,хаза
563,böse::A,చెడ్డ,вон
564,dumm::A,తెలివిలేని,сонта
565,faul::A,సోమరియైన,мало ен
566,fleißig::A,శ్రద్దగల,тӏера
567,geizig::A,పిసినారియైన,пис
568,geizig::A,పిసినారియైన,сутара
569,klug::A,తెలివిగల,хьекъале
570,geschickt::A,నిపుణతగల,тӏахъаьлла
571,lieb::A,ప్రియమైన,хьоме
572,lustig::A,ఉల్లాసము గల,самукъане
573,sanft::A,సాధువైన,кlеда
574,hungrig::A,ఆకలిగొనిన,меца
575,krank::A,వ్యాధిగల,цомгуш долу
576,nackt::A,దిగంబరమైన,дерзана
577,traurig::A,విచారముగల,самукъане воцу
578,lebendig::A,ప్రాణముతో నున్న,дийна
579,gut::A,మంచి,дика
580,schlecht::A,చెడ్డ,вон
581,richtig::A,సరియైన,нийса
582,schlimm::A,అసహ్యమైన,вон
583,wahr::A,నిజమైన,бакъдолу
584,alt::A,ముసలి,къена
585,neu::A,క్రొత్త,керла
586,ehemalig::A,పూర్వపు,хилла
587,alt[Lebewesen]::A,ముసలి,къена
588,jung::A,పసి,къона
589,arm::A,బీద,къен
590,reich::A,ధనవంతుడైన,хьоле
591,bekannt::A,తెలిసిన,девзаш долу
592,berühmt::A,ప్రపిద్దికెక్కివ,цӏеяхана
593,fremd::A,అన్యమైన,нехан
594,verschieden::A,భేదమైన,тайп-тайпанара
595,nah::A,దగ్గఱనున్న,гергара
596,fern::A,దూరమందున్న,гена
597,fern::A,దూరమందున్న,генара
598,linker::A,ఎడమప్రక్కగ,аьрру
599,rechter::A,కుడి,аьтту
600,anderer::A,వేఱ్తెన,кхин
601,erster::A,మొదటి,хьалхара
602,zweiter::A,రెండన,шолгIа
603,dritter::A,మూడో,кхоалгӏа
604,letzter::A,కడపటి,тӏаьххьара
605,allein::ADV,ఒంటిగా,цхьаъ
606,auf einmal::ADV,హరాత్తుగ,цу сохьтта
607,zusammen::ADV,కలిసి,цхьана
608,lange::ADV,బహుకాలము,дукха
609,plötzlich::ADV,హరాత్తుగ,цIеххьана
610,sofort::ADV,తక్షణము,цу сохьтта
611,später::ADV,ఇటీవలి,тӏаьхьо
612,jetzt::ADV,ఇప్పుడు,хӏинца
613,heute::ADV,నేడు,тахана
614,morgen::ADV,ఱేపు,кхана
615,bald::ADV,శీఘ్రముగ,кеста
616,dann::ADV,అప్పుడు,тӏаккха
617,gestern::ADV,నిన్నటి దినము,селхана
618,einst::ADV,పూర్వమొకప్పుడు,цкъа
619,damals::ADV,అప్పుడు,хӏетахьь
620,danach::ADV,అప్పుడు,тӏаккха
621,vorher::ADV,ఎదుట,хьалхa
622,zuerst::ADV,మొదటిలో,хьалха
623,einmal::ADV,ఒకసారి,цкъа
624,manchmal::ADV,అప్పటప్పటికి,цкъаццкъа
625,oft::ADV,తఱచుగా,кест-кеста
626,immer::ADV,ఎల్లప్పుడు,даим
627,niemals::ADV,ఎప్పుడునులేదు,цкъа а
628,hier::ADV,ఇక్కడ,кхузахь
629,hierhin::ADV,ఇక్కడకు,кхуза
630,von hier::ADV,ఇక్కడనుండి,кхузара
631,dort::ADV,అక్కడ,цигахь
632,dorthin::ADV,అక్కడికి,цига
633,geradeaus::ADV,సూటిగా,нийса дӏа
634,vorwärts::ADV,ముందుకు,хьалха
635,rückwärts::ADV,వెనుకకు,юха
636,zurück::ADV,వెనుకభాగము,юха
637,unten::ADV,క్రింద,лахахь
638,hinab::ADV,కిందికి,охьа
639,oben::ADV,మీద,лакхахь
640,hinauf::ADV,పైకి,хьала
641,überall::ADV,అంతటా,массанхьа
642,nicht::ADV,కాదు,ца
643,ein wenig::ADV,కొంచెము,кӏеззиг
644,kaum::ADV,చాలిచాలక,халла
645,sehr::ADV,చాల,вуно
646,so::ADV,ఆలాగున,
647,noch::ADV,ఇప్పటికిని,кхин
648,nur::ADV,మాత్రము,бен ...ца
649,schon::ADV,ఇదివఱకే,хӏинцале
650,wieder::ADV,తిరిగి,юха а
651,vergebens::ADV,నిష్ఫలముగా,эрна
652,vor::PRP,ముందు,хьалха
653,hinter::PRP,వెనుక,тӏехьа
654,unter::PRP,క్రింద,кIелахь
655,durch::PRP,ద్వారా,чекх
656,neben::PRP,దగ్గెర,юххе
657,zwischen::PRP,మధ్య,юккъехь
658,wegen::PRP,కారణంగా,дуьхьа
659,dies::PRN,ఇది,и
660,dies::PRN,ఇది,иза
661,das::PRN,అది,и
662,das::PRN,అది,иза
663,alles::PRN,సకలము,дерриг
664,ich::PRN,నేను,cо
665,du::PRN,నీవు,хьо
666,er::PRN,అతడు,и
667,er::PRN,అతడు,иза
668,wir::PRN,మనము,тхо
669,wir::PRN,మనము,вай
670,ihr::PRN,మీరు,шу
671,sie::PRN,వారు,уьш
672,was::FPRN,ఏమి,хӏун
673,wer::FPRN,ఎవడు,мила
674,wo::FADV,ఎక్కడ,мичaхь
675,wohin::FADV,ఎందుకు,мича
676,wie::FADV,ఎట్టు,муха
677,warum::FADV,ఏల,хӏунда
678,wieviel::FNUM,ఎంత,мел
679,wieviel::FNUM,ఎంత,маса
680,eins::NUM,ఒకటి,цхьаъ
681,zwei::NUM,రెండు,шиъ
682,drei::NUM,మూడు,кхоъ
683,vier::NUM,నాలుగు,диъ
684,fünf::NUM,అయిదు,пхиъ
685,sechs::NUM,ఆఱు,ялх
686,sieben::NUM,ఏరు,ворхӏ
687,acht::NUM,ఎనిమదు,бархӏ
688,neun::NUM,తొమ్మిది,исс
689,zehn::NUM,పది,итт
690,elf::NUM,పదునొకొండు,цхьайтта
691,zwölf::NUM,పండ్రండు,шийтта
692,zwanzig::NUM,ఇరుపది,ткъа
693,dreißig::NUM,ముప్పది,ткъе итт
694,vierzig::NUM,నలువది,шовзткъа
695,fünfzig::NUM,ఏబది,шовзткъе итт
696,sechzig::NUM,అరుపది,кхузткъа
697,siebzig::NUM,డెబ్బది,кхузткъе итт
698,achtzig::NUM,ఎనుబది,дезткъа
699,neunzig::NUM,తొంబది,дезткъе итт
700,hundert::NUM,నూఱు,бӏе
701,tausend::NUM,వేయి,эзар
702,und::CNJ,మఱియు,a
703,oder::CNJ,లేక,я
704,stehen::V,నిలుచు,латта
705,sitzen::V,కూర్చుండు,хиъна ӏан
706,liegen::V,పండుకొనుట,ӏилла
707,hängen::V,వ్రేలాడదీయు,кхаза
708,werden::V,అగు,хила
709,passieren::V,సంభవించు,хила
710,beginnen::V,ఆరంభించు,доло
711,enden::V,తీరుట,дӏадерза
712,wechseln::V,మార్చు,хийца
713,aufgehen[Sonne]::V,ఉదయించు,кхета
714,untergehen[Sonne]::V,అస్తమించు,чубуза
715,scheinen[Sonne]::V,ప్రకాశించు,серло яла
716,donnern::V,ఉరుముట,къекъа
717,wehen::V,దురద్పప్టము,хьекха
718,strömen::V,పారుట,эха
719,fließen::V,ప్రవహించు,охьаэха
720,sich drehen::V,తిరుగు,хьийза
721,schwanken::V,ఆడించుట,леста
722,schwingen::V,ఊగుట,лесто
723,fallen::V,పడు,охьакхета
724,brennen::V,కాలుట,дага
725,rauchen::V,పొగసుట,оза
726,regnen::V,కురిపించుట,догlа догlу
727,gefrieren::V,గడ్డకట్టు,гӏоро
728,tauen::V,కరగు,даша
729,schmelzen::V,కరగు,лала
730,trocknen::V,యెండుట,дакъо
731,sieden::V,ఉడుకు,кхехка
732,faulen::V,క్రుళ్లు,дахкадала
733,verfaulen::V,క్షిణించు,дахкадала
734,reißen::V,చించు,хеда
735,versinken::V,మునుగు,хичудаха
736,vergehen::V,సంభవించు,дlаэха
737,erscheinen::V,కనబడు,схьадала
738,erscheinen::V,కనబడు,ӏоттадала
739,verschwinden::V,అదృశ్యమగు,къайладала
740,sinken::V,ముణుగుట,лахдала
741,abnehmen::V,తగ్గు,
742,zunehmen::V,పెరుగుట,лакхадала
743,steigen::V,లేచు,хьаладала
744,wachsen::V,పెరుగు,кхиа
745,glänzen::V,ప్రకాశించు,лепа
746,funkeln::V,ప్రకాశించు,къега
747,lärmen::V,అరుచుట,гӏовгӏаян
748,läuten::V,మేళవించుట,детта
749,klingeln::V,వాయించుట,дека
750,klirren::V,ఘంటానాదము,дека
751,brausen::V,గర్జించు,хьаьдда даха
752,rauschen::V,చటచటమనుట,леста
753,klingen::V,ధ్వనించుట,дека
754,bellen::V,అఱచు,лета
755,heulen::V,కూయు,угӏа
756,blasen::V,దురద్పప్టము,хӏуп баха
757,pfeifen::V,ఈలవేయు,шок етта
758,schreien::V,అఱచు,мохь бетта
759,stöhnen::V,మూలుగు,узарш дан
760,zittern::V,వణకు,дега
761,leben::V,జీవించుట,даха
762,geboren werden::V,పుట్టుట,хила
763,atmen::V,ఉపిరి తీయు,садеӏа
764,trinken::V,త్రాగు,мала
765,essen::V,తిను,кхалла
766,schlucken::V,మ్రింగు,къурдбан
767,müde werden::V,అలయు,кӏаддала
768,einschlafen::V,నిద్రించు,наб кхета
769,schlafen::V,నిద్రురించు,вижа
770,schlafen::V,నిద్రురించు,наб ян
771,schlafen::V,నిద్రురించు,дижина хила
772,aufwachen::V,మేలుకొను,самадала
773,aufstehen::V,లేచు,гӏатта
774,sich erholen::V,నడ్డి వాల్చు,садаӏа
775,krank werden::V,జబ్బుపడు,цомгуш хила
776,krank sein::V,జబ్బు చేయు,цомгуш хила
777,schmerzen::V,నొచ్చుట,лаза
778,schmerzen::V,నొచ్చుట,ӏийжа
779,husten::V,దగ్గుట,йовхарш етта
780,genesen::V,కుదురుట,тадала
781,sterben::V,మరణించు,дала
782,umkommen::V,నశించు,хӏаллакхила
783,sich bewegen::V,కదలు,лела
784,sich rühren::V,కదలు,меттахъхьен
785,sich erheben::V,లేచు,хьалагlатта
786,sich setzen::V,కూర్చుణ్డు,хаа
787,hinfallen::V,దొర్లు,дожа
788,hinfallen::V,దొర్లు,охьакхета
789,laufen::V,నడచు,вада
790,laufen::V,నడచు,хьада
791,schreiten::V,అడుగుపెట్టుట,болар дан
792,schreiten::V,అడుగుపెట్టుట,ког баккха
793,spazierengehen::V,పచారు చేయు,доладала
794,eilen::V,తొందరపడు,сихдала
795,sich beeilen::V,త్వరపెట్టు,сихдала
796,sausen::V,విసరికొట్టు,
797,rennen::V,పరుగెత్తు,дада
798,springen::V,దుముకు,ирхкхийсадала
799,klettern::V,ఎక్కు,тӏедийла
800,schaukeln::V,ఉయ్యాల ఊగు ,техко
801,kriechen::V,ప్రాకు,такха
802,schwimmen::V,ఈదు,некадан
803,tauchen::V,మునుగు,чулелха
804,rudern::V,తెడ్లతోఁగడపు,дига лело
805,rudern::V,తెడ్లతోఁగడపు,кема лело
806,fahren::V,నడపు,хахка
807,fliegen::V,ఎగురు,тӏемадала
808,gehen::V,పోవు,лeла
809,weggehen::V,బయలుదేరు,дӏадаха
810,abfahren::V,విడిచిపోవు,дӏадаха
811,anhalten::V,నిలుపు,саца
812,hineingehen::V,ప్రవేశించు,чудала
813,eintreten::V,ప్రవేశించు,чудала
814,kommen::V,వచ్చు,кхача
815,kommen::V,వచ్చు,дӏакхача
816,kommen::V,వచ్చు,схьакхача
817,ankommen::V,వచ్చి చేరు,кхача
818,ankommen::V,వచ్చి చేరు,схьакхача
819,zurückkommen::V,తిరిగీవచ్చుట,юхада
820,bleiben::V,ఉండు,диса
821,warten::V,కనిపెట్టు,хьежа
822,warten::V,కనిపెట్టు,cобар дан
823,erwarten::V,నిరిక్షించు,хьоьжуш ӏан
824,suchen::V,వెదకు,леха
825,finden::V,కనుగొను,каро
826,versuchen::V,ప్రయత్నించు,дан хьажа
827,vorbereiten::V,తయారుచేయు,кечъян
828,lieben::V,ప్రేమించు,деза
829,mögen::V,ఇష్టపడు,безамхила
830,lachen::V,నవ్వు,дела
831,rühren::V,గుండె తాకు,хьедан
832,weinen::V,వీడ్చు,делха
833,schimpfen::V,గొణుగు,чехо
834,sich ärgern::V,అలుగు,оьгӏазъэха
835,sich fürchten::V,భయపడు,кхера
836,fürchten::V,భయపడు,кхера
837,fliehen::V,పాఱిపోపు,дӏадада
838,flüchten::V,తప్పించుకొను,дӏадада
839,sehen::V,చూచు,ган
840,anschauen::V,చూచు,хьажа
841,anschauen::V,చూచు,хьежа
842,ansehen::V,కాచియుండు,хьовса
843,hören::V,విను,хаза
844,zuhören::V,విను,ладогӏа
845,probieren::V,చవిచూచుట,хьажа
846,riechen::V,వాసనచూచు,хьожа яха
847,fühlen::V,స్పర్శించుట,хаадала
848,scheinen::V,కనబడు,мотта
849,zu sehen sein::V,చూవు,гуш хила
850,vernehmen::V,విను,бартхатта
851,frieren::V,చలికి వడకు,гӏоро
852,tun::V,చేయు,дан
853,können::V,గల,дадала
854,wollen::V,కోరు,тӏергӏа
855,anfangen::V,ఆరంభించు,доло
856,beenden::V,ముగించు,довла
857,aufhören::V,నిలుపు,саца
858,gelingen::V,గెలుపాందు,кадала
859,geraten::V,వెలువడు,хила
860,öffnen::V,తెఱచు,дӏаделла
861,öffnen::V,తెఱచు,схьаделла
862,schließen::V,మూయు,къовла
863,schließen::V,మూయు,дӏачӏагӏа
864,stellen::V,ఉంచు,хlотто
865,setzen::V,ఉంచు,дийгӏа
866,legen::V,పెట్టు,охьадилла
867,berühren::V,తాకు,хьедан
868,verbinden::V,చేర్చుట,вовшахтаса
869,bedecken::V,మూయు,тилла
870,bedecken::V,మూయు,тӏетаса
871,aufhängen::V,వ్రేలాడదీయు,хьалаолла
872,anzünden::V,వెలిగించు,лато
873,aufheben::V,సేకరించు,айа
874,zurücklassen::V,విడుచు,дита
875,verlieren::V,పోగొట్టుకొను,дайа
876,fallen lassen::V,జాఱవిడుచు,охьадожо
877,machen::V,చేయు,дан
878,herstellen::V,ఉత్పత్తిచేయు,дан
879,bauen::V,నిర్మించు,гӏишлоян
880,reparieren::V,సరిచేయు,тадан
881,verbessern::V,వృద్ధి చేయు,нисдан
882,ändern::V,మార్చు,хийца
883,graben::V,త్రవ్వు,ахка
884,beugen::V,వంచు,сатто
885,biegen::V,వంచు,сатто
886,drehen::V,నూలువడుకు,хьовзо
887,wenden::V,త్రిప్పు,
888,umdrehen::V,త్రిప్పు,хьовзo
889,heben::V,ఎత్తు,айа
890,heben::V,ఎత్తు,хьалаайа
891,hochheben::V,ఎత్తు,хьалаайа
892,ergreifen::V,వశపఱచుకొను,дӏалаца
893,halten::V,ఉంచు,латто
894,drücken::V,అణచు,тӏетаӏо
895,schieben::V,నొక్కు,татта
896,kratzen::V,గోకు,мӏараш тийса
897,lecken::V,నాకు,мотт хьекха
898,beißen::V,కఱచు,катoха
899,abreißen::V,తెగతెంచు,схьадаккха
900,abschneiden::V,తెగకొట్టు,кхада
901,binden::V,కట్టు,дӏадехка
902,binden::V,కట్టు,вовшахтаса
903,stecken::V,తగులుకొనివుండుట,чудахийта
904,brechen::V,పగులగొట్టు,кагдан
905,klopfen::V,కొట్టు,детта
906,hauen::V,కొట్టు,етта
907,kleben::V,అంటుకొను,тӏелато
908,reiben::V,రాచు,хьекхо
909,streichen::V,వ్యాపింపజేయు,тlехьакха
910,schleifen::V,రాచు,ирдан
911,schneiden::V,కోయు,ларга
912,rütteln::V,కుదిలించుట,лесто
913,schütteln::V,కదల్చు,лесто
914,schwenken::V,ఊచుట,лесто
915,schütten::V,పోయు,дотта
916,füllen::V,నింపు,дуза
917,einwickeln::V,చుట్టు,хьарчо
918,tragen::V,మోయు,дахьа
919,schleppen::V,ఈడ్చు,ийзо
920,ziehen::V,ఈడ్చు,озо
921,aufbewahren::V,కాపాడు,ӏалашдан
922,werfen::V,విసరు,кхосса
923,fangen::V,పట్టుకొను,леца
924,packen::V,పట్టుకొను,леца
925,verstecken::V,దాచు,къайладаккха
926,teilen::V,భాగించు,декъа
927,schicken::V,పంపు,дӏадахьийта
928,bringen::V,తెచ్చు,дан
929,hinzufügen::V,చేర్చు,тӏетоха
930,bekommen::V,సంపాదించు,даккха
931,erhalten::V,పుచ్చుకొను,даккха
932,nehmen::V,తీసికొను,схьаэца
933,wählen::V,ఇష్టపడు,харжа
934,auswählen::V,ఏరుకొను,харжа
935,bewahren::V,భద్రపఱుచు,lалашдан
936,behindern::V,అడ్డగించుట,новкъарло ян
937,verderben::V,చెఱచు,талхо
938,beschädigen::V,చెరుపుట,дохо
939,zerbrechen::V,పగులగొట్టు,дохо
940,zerbrechen::V,పగులగొట్టు,кагдан
941,zerreißen::V,చించు,хадо
942,zerstören::V,వాశనము చేయు,дохо
943,zerstören::V,వాశనము చేయు,кагдан
944,verbrennen::V,కాల్చు,даго
945,geben::V,ఇచ్చు,яла
946,reichen::V,అందుకొనుట,дӏадала
947,reichen::V,అందుకొనుట,дӏакховдо
948,schenken::V,అర్పించు,совгӏат дан
949,versprechen::V,వాగ్దత్తము చేయు,ваӏда дан
950,wünschen::V,కోరు,лаа
951,loben::V,స్తుతించు,хасто
952,küssen::V,ముద్దుపెట్టుకొను,оба яккха
953,wiegen::V,ఊచుట,тахка
954,zudecken::V,మూయు,тӏетаса
955,wecken::V,నిద్రపలేపుట,самадаккха
956,zeigen::V,చూవు,гайта
957,führen::V,దారిచూపు,дига
958,lehren::V,బోధించు,ӏамо
959,unterrichten::V,నేర్పు,хьеха
960,aufziehen::V,పెంచు,кхио
961,leiten::V,తీసుకపోవుట,урхалла дан
962,antreiben::V,ప్రేరేపించు,сихдан
963,lassen::V,అనుమతించు,-йта
964,einladen::V,ఆహ్వానించు,кхайкха
965,vereinigen::V,కూడుట,цхьаьнатоха
966,besuchen::V,పోయి చూచు,хьажахIотта
967,treffen::V,కలియు,дуьхьалкхета
968,sich versammeln::V,కూర్చు,гулдан
969,spielen::V,ఆట లాడు,ловза
970,singen::V,పాడు,лакха
971,tanzen::V,నృత్యముచేయు,хелхадала
972,sich trennen::V,ఎడబాయుట,къаста
973,verlassen::V,విడుచు,дита
974,retten::V,తప్పించుట,кӏелхьардаккха
975,bewachen::V,కాపాడు,ха дан
976,schützen::V,రక్షించు,лардан
977,verteidigen::V,రక్షించు,лардан
978,sich schlagen::V,జగడమాడు,етта
979,schießen::V,కాల్చు,детта
980,siegen::V,గెలుచు,тола
981,ärgern::V,పీడించుట,оьгӏаздахийта
982,schlagen::V,కొట్టు,тоха
983,treten::V,తన్ను,мийра тоха
984,stechen::V,కుట్టు,ӏотта
985,stechen::V,కుట్టు,къовзо
986,stoßen::V,గెంటు,татта
987,stehlen::V,దొంగిలించు,лачкъо
988,stören::V,కలతపఱచు,новкъарло ян
989,belästigen::V,పీడించు,сагатдан
990,verbergen::V,దాచు,къайладаккха
991,täuschen::V,మోసము చేయు,ӏexo
992,betrügen::V,మోసపుచ్చు,ледан
993,töten::V,చంపు,ден
994,wohnen::V,నివసించు,даха
995,arbeiten::V,పనిచేయు,къахьега
996,sammeln::V,ప్రోగుచేయు,гулдан
997,pflücken::V,యేరుట,даха
998,jagen::V,వేటాడు,талла
999,fischen::V,వెదకు,чӏерий леца
1000,fassen::V,పట్టుకొమ,лаца
1001,fassen::V,పట్టుకొమ,схьалаца
1002,hüten::V,మందచేరుట,лардан
1003,treiben::V,నడపు,лахка
1004,anbinden::V,కట్టు,дӏадехка
1005,füttern::V,భోజనము పెట్టు,хӏума яла
1006,melken::V,పాలు పితుకు,оза
1007,hacken::V,నఱకు,
1008,gießen::V,నీళ్ళుకట్టుట,хи тоха
1009,reifen::V,పండుట,хьекъа
1010,zubereiten::V,వండు,кечъян
1011,zubereiten::V,వండు,кхача бан
1012,kochen::V,వండు,кхача бан
1013,backen::V,రొట్టెకాల్చు,датта
1014,braten::V,వేపు,кхарза
1015,umrühren::V,కదులుట,кего
1016,stricken::V,అల్లు,
1017,nähen::V,కుట్టు,тега
1018,färben::V,రంగు వేయు,басардан
1019,reinigen::V,శుభ్రము చేయు,цӏандан
1020,waschen::V,కడుగు,йила
1021,waschen::V,కడుగు,йитта
1022,waschen::V,కడుగు,дӏадайа
1023,abwischen::V,తుడుచు,дӏадайа
1024,spülen::V,నీటిలో జడించు,хи кхарза
1025,fegen::V,ఊడ్చు,нуй хьакха
1026,kehren::V,ఊడ్చు,нуй хьакха
1027,baden::V,స్నానము చేయు,лийча
1028,sich waschen::V,కడుగు,юьхь йила
1029,ausziehen::V,విప్పు,духар дӏадаккха
1030,anziehen::V,ధరించు,
1031,sich anziehen::V,బట్టలు వేసుకొను,духа
1032,sich anziehen::V,తొడుగుకొను,духа
1033,kämmen::V,దువ్వుట,ехк хьакха
1034,schmücken::V,అలంకరించు,хаздан
1035,sagen::V,చెప్పు,ала
1036,sprechen::V,చెప్పు,баха
1037,sprechen::V,చెప్పు,мотт бийца
1038,reden::V,మాటలాడు,къамел дан
1039,sich unterhalten::V,ముచ్చటలాడు,къамел дан
1040,fragen::V,ప్రశ్నించు,хатта
1041,bitten::V,కోరు,деха
1042,erzählen::V,చెప్పు,дийца
1043,mitteilen::V,తెలియజేయు,хаам бан
1044,nennen::V,పేరు వెట్టు,цӏе яккха
1045,rufen::V,పిలుచు,кхайкха
1046,prahlen::V,జల్లి,куралла ян
1047,prahlen::V,జల్లి,дозалла дан
1048,übersetzen::V,తర్జుమాచేయు,гоч дан
1049,denken::V,ఆలోచించు,ойла ян
1050,glauben::V,నమ్ము,теша
1051,bemerken::V,గుర్తించు,ган
1052,erkennen::V,గుర్తించు,довза
1053,begreifen::V,గ్రహించు,кхета
1054,verstehen::V,గ్రహించు,кхета
1055,lernen::V,నేర్చు కొను,деша
1056,wissen::V,తెలిసికొను,хаа
1057,sich erinnern an::V,జ్ఞాపకముంచుకొను,дагадан
1058,vergessen::V,మఱచిపోవు,дицдала
1059,messen::V,కొలుచుట,дуста
1060,zählen::V,లెక్కపెట్టు,дагардан
1061,rechnen::V,లెక్కపెట్టు,лара
1062,lesen::V,చదువు,еша
1063,malen::V,పూనుట,сурт дилла
1064,zeichnen::V,వ్రాసుట,сурт дилла
1065,schreiben::V,వ్రాయు,яздан
1066,besitzen::V,కలిగియుండు,доладан
1067,kaufen::V,కొను,эца
1068,verkaufen::V,అమ్ము,дохка
1069,bezahlen::V,చెల్లించు,мах бала
1070,zahlen::V,చెల్లించు,мах бала
1071,beherrschen::V,ఏలు,собаре хила
1072,ertragen::V,భరించు,лан
1073,ertragen::V,భరించు,сатоха
1074,ertragen::V,భరించు,садетта
