,Concept_ID,tr,hr
0,Auge::N,göz,oko
1,Ohr::N,kulak,uho
2,Nase::N,burun,nos
3,Mund::N,ağız,usta
4,Zahn::N,diş,zub
5,Zunge::N,dil,jezik
6,Lippe::N,dudak,usna
7,Wange::N,yanak,obraz
8,Gesicht::N,yüz,lice
9,Stirn::N,alın,čelo
10,Haar::N,saç,kosa
11,Schnurrbart::N,bıyık,brkovi
12,Bart::N,sakal,brada
13,Kinn::N,çene,brada
14,Kinn::N,çene,podbradak
15,Kiefer[Anatomie]::N,çene,čeljust
16,Kehle::N,boğaz,grlo
17,Hals::N,boyun,vrat
18,Hals::N,gerdan,vrat
19,Genick::N,ense,zatiljak
20,Kopf::N,baş,glava
21,Kopf::N,kafa,glava
22,Rücken::N,arka,leđa
23,Rücken::N,arka,hrbat
24,Bauch::N,karın,trbuh
25,Nabel::N,göbek,pupak
26,Busen::N,koyun,sisa
27,Busen::N,koyun,njedra
28,Brust::N,göğüs,prsa
29,Schulter::N,omuz,rame
30,Schulter::N,omuz,pleći
31,Arm::N,kol,ruka
32,Ellenbogen::N,dirsek,lakat
33,Hand::N,el,ruka
34,Handfläche::N,avuç,dlan
35,Handfläche::N,el ayası,dlan
36,Finger::N,parmak,prst
37,Fingernagel::N,el tırnağı,nokat
38,Nagel[Anatomie]::N,tırnak,nokat
39,Zeh::N,ayak parmağı,nozni prst
40,Fuß::N,ayak,noga
41,Fuß::N,ayak,stopalo
42,Ferse::N,topuk,peta
43,Knie::N,diz,koljeno
44,Oberschenkel::N,uyluk,bedro
45,Bein::N,bacak,noga
46,Körper::N,vücut,tijelo
47,Haut::N,cilt,put
48,Haut::N,cilt,koža
49,Blut::N,kan,krv
50,Ader::N,damar,žila
51,Sehne::N,kiriş,tetiva
52,Knochen::N,kemik,kost
53,Gehirn::N,beyin,
54,Herz::N,kalp,srce
55,Herz::N,yürek,srce
56,Magen::N,mide,stomak
57,Magen::N,mide,želudac
58,Leber::N,karaciğer,jetra
59,Atem::N,nefes,dah
60,Hunger::N,açlık,glad
61,Träne::N,gözyaşı,suza
62,Geschmack::N,tat,ukus
63,Geschmack::N,lezzet,ukus
64,Geruch::N,koku,njuh
65,Geruch::N,koku,miris
66,Schlaf::N,uyku,san
67,Traum::N,düş,san
68,Traum::N,rüya,san
69,Himmel::N,gök,nebo
70,Sonne::N,güneş,sunce
71,Mond::N,ay,mjesec
72,Stern::N,yıldız,zvijezda
73,Luft::N,hava,zrak
74,Wind::N,yel,vjetar
75,Wind::N,rüzgâr,vjetar
76,Welle::N,dalga,val
77,Welle::N,dalga,talas
78,Wasser::N,su,voda
79,Stein::N,taş,kamen
80,Boden::N,yer,tlo
81,Boden::N,yer,zemlja
82,Boden::N,zemin,tlo
83,Boden::N,zemin,zemlja
84,Erde::N,toprak,zemlja
85,Staub::N,toz,prah
86,Staub::N,toz,prašina
87,Rauch::N,duman,dim
88,Funke::N,kıvılcım,iskra
89,Funke::N,kıvılcım,varnica
90,Feuer::N,ateş,vatra
91,Licht::N,ışık,svjetlo
92,Schatten::N,gölge,hlad
93,Schatten::N,gölge,sjena
94,Wetter::N,hava,vrijeme
95,Nebel::N,pus,magla
96,Wolke::N,bulut,oblak
97,Regen::N,yağmur,kiša
98,Schnee::N,kar,snijeg
99,Eis::N,buz,led
100,Frost::N,don,mraz
101,Kälte::N,soğukluk,studen
102,Kälte::N,soğukluk,hladnoća
103,Hitze::N,sıcaklık,vrućina
104,Raureif::N,kırç,inje
105,Regenbogen::N,gökkuşağı,duga
106,Donner::N,gök gürlemesi,grom
107,Donner::N,gök gürlemesi,grmljavina
108,Strömung::N,akıntı,struja
109,Strömung::N,akıntı,strujanje
110,Strömung::N,cereyan,struja
111,Strömung::N,cereyan,strujanje
112,Tropfen::N,damla,kap
113,Tropfen::N,damla,kaplja
114,Schaum::N,köpük,pjena
115,Schmutz::N,çamur,nečistoća
116,Schmutz::N,çamur,prljavština
117,Schmutz::N,pislik,nečistoća
118,Schmutz::N,pislik,prljavština
119,See::N,göl,jezero
120,Sumpf::N,batak,bara
121,Moor::N,cılgıt,močvara
122,Wiese::N,çimen,livada
123,Wald::N,koru,šuma
124,Wald::N,orman,šuma
125,Hügel::N,tepe,brijeg
126,Hügel::N,tepe,brežuljak
127,Anhöhe::N,tümsek,uzvišica
128,Anhöhe::N,yükseklik,uzvišica
129,Berg::N,dağ,brdo
130,Gipfel::N,zirve,vrh
131,Höhle::N,in,pećina
132,Höhle::N,in,spilja
133,Höhle::N,mağara,pećina
134,Höhle::N,mağara,spilja
135,Abhang::N,bayır,obronak
136,Abhang::N,bayır,nizbrdica
137,Quelle::N,pınar,izvor
138,Quelle::N,pınar,vrelo
139,Quelle::N,kaynak,izvor
140,Quelle::N,kaynak,vrelo
141,Bach::N,çay,potok
142,Bach::N,dere,potok
143,Fluss::N,nehir,rijeka
144,Ufer::N,kıyı,obala
145,Ufer::N,sahil,obala
146,Küste::N,kıyı,obala
147,Küste::N,kıyı,morska obala
148,Küste::N,sahil,obala
149,Küste::N,sahil,morska obala
150,Festland::N,kara,kopno
151,Meer::N,deniz,more
152,Bucht::N,koy,zaliv
153,Bucht::N,körfez,zaliv
154,Insel::N,ada,ada
155,Insel::N,ada,otok
156,Blume::N,çiçek,cvijet
157,Gras::N,ot,trava
158,Gras::N,çim,trava
159,Wurzel::N,kök,korijen
160,Baum::N,ağaç,drvo
161,Baum::N,ağaç,stablo
162,Stamm::N,gövde,deblo
163,Stamm::N,gövde,stablo
164,Rinde::N,kabuk,kora
165,Ast::N,dal,grana
166,Ast::N,budak,grana
167,Zweig::N,dal,grana
168,Blatt::N,yaprak,list
169,Birke::N,huş,breza
170,Kiefer[Baum]::N,çam,bor
171,Weide[Baum]::N,söğüt,iva
172,Weide[Baum]::N,söğüt,vŕba
173,Tanne::N,çam,jela
174,Tanne::N,köknar,jela
175,Horn::N,boynuz,rog
176,Feder::N,tüy,pero
177,Fell::N,post,koža
178,Flügel::N,kanat,krilo
179,Klaue::N,pençe,papak
180,Kralle::N,tırnak,pandža
181,Schwanz::N,kuyruk,rep
182,Ei::N,yumurta,jaje
183,Nest::N,yuva,gnijezdo
184,Bau::N,in,jazbina
185,Tier::N,hayvan,životinja
186,Herde::N,sürü,krdo
187,Herde::N,sürü,stado
188,Kuh::N,inek,krava
189,Bulle::N,boğa,bik
190,Pferd::N,at,konj
191,Pferd::N,beygir,konj
192,Schaf::N,koyun,ovca
193,Schwein::N,domuz,svinja
194,Hund::N,it,pas
195,Hund::N,it,pseto
196,Hund::N,köpek,pas
197,Hund::N,köpek,pseto
198,Katze::N,kedi,mačka
199,Bär::N,ayı,medvjed
200,Eichhörnchen::N,sincap,vjeverica
201,Elch::N,büyük kuzey geyiği,los
202,Fuchs::N,tilki,lisica
203,Hase::N,tavşan,zec
204,Maus::N,fare,miš
205,Maus::N,sıçan,miš
206,Wolf::N,kurt,vuk
207,Wolf::N,kurt,kurjak
208,Vogel::N,kuş,ptica
209,Schwarm::N,sürü,roj
210,Schwarm::N,sürü,jato
211,Huhn::N,tavuk,kokoš
212,Hahn::N,horoz,kokot
213,Hahn::N,horoz,pijevac
214,Gans::N,kaz,guska
215,Adler::N,kartal,orao
216,Adler::N,karakuş,orao
217,Ente::N,ördek,patka
218,Eule::N,baykuş,sova
219,Kranich::N,turna,ždral
220,Krähe::N,karga,vrana
221,Kuckuck::N,guguk,kukavica
222,Schwan::N,kuğu,labud
223,Fisch::N,balık,riba
224,Barsch::N,hani,grgeč
225,Barsch::N,levrek,grgeč
226,Hecht::N,turnabalığı,štuka
227,Schlange[Tier]::N,yılan,guja
228,Schlange[Tier]::N,yılan,zmija
229,Wurm::N,kurt,crv
230,Wurm::N,solucan,crv
231,Spinne::N,örümcek,pauk
232,Ameise::N,karınca,mrav
233,Laus::N,bit,uš
234,Mücke::N,sivrisinek,komarac
235,Fliege::N,sinek,muha
236,Schmetterling::N,kelebek,leptir
237,Beere::N,tane,boba
238,Beere::N,tane,bobica
239,Apfel::N,elma,jabuka
240,Pilz::N,mantar,pečurka
241,Zwiebel::N,soğan,luk
242,Zwiebel::N,soğan,kapula
243,Saat::N,ekin,sjemenje
244,Korn::N,tane,zrno
245,Heu::N,kuru ot,sijeno
246,Schale::N,kabuk,kora
247,Schale::N,kabuk,ljuska
248,Grube::N,çukur,jama
249,Falle::N,tuzak,zamka
250,Falle::N,tuzak,klopka
251,Schlinge::N,ilmik,uzao
252,Schlinge::N,ilmik,petlja
253,Spur::N,iz,trag
254,Spur::N,iz,slijed
255,Asche::N,kül,pepeo
256,Dreck::N,pislik,blato
257,Eisen::N,demir,željezo
258,Gold::N,altın,zlato
259,Silber::N,gümüş,srebro
260,Kohle::N,kömür,ugalj
261,Kohle::N,kömür,ugljen
262,Glas::N,cam,staklo
263,Lehm::N,balçık,glina
264,Lehm::N,balçık,ilovača
265,Sand::N,kum,pijesak
266,Mensch::N,insan,čovjek
267,Mann::N,adam,muškarac
268,Mann::N,erkek,muškarac
269,Frau::N,bayan,žena
270,Kind::N,çocuk,čedo
271,Kind::N,çocuk,dijete
272,Junge::N,erkek çocuk,momče
273,Junge::N,erkek çocuk,dječak
274,Mädchen::N,kız,djevojka
275,Mädchen::N,kız,djevojčica
276,Familie::N,aile,obitelj
277,Familie::N,aile,porodica
278,Großvater::N,dede,djed
279,Großvater::N,büyükbaba,djed
280,Großmutter::N,nine,baka
281,Großmutter::N,büyükanne,baka
282,Eltern::N,ebeveyn,roditelji
283,Eltern::N,ana baba,roditelji
284,Vater::N,ata,otac
285,Vater::N,baba,otac
286,Mutter::N,ana,majka
287,Mutter::N,anne,majka
288,Sohn::N,oğul,sin
289,Tochter::N,kız,kći
290,Tochter::N,kız,kćerka
291,Tochter::N,kız evlât,kći
292,Tochter::N,kız evlât,kćerka
293,Bruder::N,abi,brat
294,Bruder::N,erkek kardeş,brat
295,Schwester::N,abla,sestra
296,Schwester::N,kız kardeş,sestra
297,Onkel::N,dayı,čika
298,Onkel::N,dayı,ujak
299,Tante::N,hala,ujna
300,Tante::N,hala,tetka
301,Tante::N,teyze,ujna
302,Tante::N,teyze,tetka
303,Ehemann::N,koca,muž
304,Ehemann::N,koca,suprug
305,Ehefrau::N,karı,žena
306,Ehefrau::N,karı,supruga
307,Freude::N,neşe,radost
308,Freude::N,sevinç,radost
309,Gelächter::N,gülme,grohot
310,Gelächter::N,kahkaha,grohot
311,Glück::N,mutluluk,sreća
312,Kummer::N,dert,jad
313,Kummer::N,dert,briga
314,Kummer::N,keder,jad
315,Kummer::N,keder,briga
316,Wunsch::N,arzu,želja
317,Wunsch::N,istek,želja
318,Lust::N,arzu,volja
319,Lust::N,heves,volja
320,Geist::N,tin,duh
321,Gedanke::N,fikir,misao
322,Gedanke::N,düşünce,misao
323,Gedächtnis::N,bellek,pamćenje
324,Verstand::N,zekâ,um
325,Verstand::N,zekâ,razum
326,Sinn::N,anlam,smisao
327,Sinn::N,anlam,značenje
328,Grund::N,sebep,razlog
329,Wahrheit::N,doğruluk,istina
330,Wahrheit::N,gerçeklik,istina
331,Gespräch::N,görüşme,razgovor
332,Märchen::N,masal,bajka
333,Erzählung::N,öykü,priča
334,Erzählung::N,öykü,pripovijest
335,Erzählung::N,hikâye,priča
336,Erzählung::N,hikâye,pripovijest
337,Nachricht::N,haber,vijest
338,Neuigkeit::N,haber,novost
339,Name::N,ad,ime
340,Name::N,isim,ime
341,Rätsel::N,bilmece,zagonetka
342,Rede::N,söylev,govor
343,Rede::N,söylev,besjeda
344,Rede::N,konuşma,govor
345,Rede::N,konuşma,besjeda
346,Sprache::N,dil,jezik
347,Sprache::N,lisan,jezik
348,Stimme::N,ses,glas
349,Wort::N,kelime,riječ
350,Zeichen::N,işaret,znak
351,Ruf::N,çağırma,povik
352,Ruf::N,çağırma,poklik
353,Lärm::N,şamata,buka
354,Lärm::N,şamata,galama
355,Lärm::N,gürültü,buka
356,Lärm::N,gürültü,galama
357,Laut::N,ses,zvuk
358,Ton::N,ses,ton
359,Lied::N,türkü,pjesma
360,Ruhe::N,sakinlik,tišina
361,Ruhe::N,sakinlik,počinak
362,Leute::N,halk,ljudi
363,Leute::N,insanlar,ljudi
364,Volk::N,ulus,puk
365,Volk::N,ulus,narod
366,Volk::N,millet,puk
367,Volk::N,millet,narod
368,Arbeit::N,iş,rad
369,Arbeit::N,iş,posao
370,Arbeit::N,çalışma,rad
371,Arbeit::N,çalışma,posao
372,Gast::N,konuk,gost
373,Gast::N,misafir,gost
374,Geschenk::N,hediye,dar
375,Geschenk::N,hediye,poklon
376,Geschenk::N,armağan,dar
377,Geschenk::N,armağan,poklon
378,Spiel::N,oyun,igra
379,Gesellschaft::N,çevre,društvo
380,Gesellschaft::N,çevre,kompanija
381,Gesellschaft::N,arkadaşlık,društvo
382,Gesellschaft::N,arkadaşlık,kompanija
383,Hilfe::N,yardım,pomoć
384,Freund::N,dost,prijatelj
385,Freund::N,arkadaş,prijatelj
386,Kamerad::N,arkadaş,drug
387,Kamerad::N,arkadaş,drugar
388,Angelegenheit::N,iş,posao
389,Angelegenheit::N,husus,posao
390,Anzahl::N,sayı,broj
391,Anzahl::N,sayı,brojnost
392,Art::N,çeşit,vid
393,Art::N,çeşit,vrst
394,Stück::N,tane,komad
395,Stück::N,parça,komad
396,Teil::N,kısım,dio
397,Hälfte::N,yarı,polovina
398,Kreis::N,daire,krug
399,Kreuz::N,haç,križ
400,Linie::N,hat,crta
401,Linie::N,çizgi,crta
402,Strich::N,çizgi,crta
403,Abstand::N,aralık,razmak
404,Abstand::N,aralık,odstojanje
405,Entfernung::N,mesafe,udaljenost
406,Entfernung::N,uzaklık,udaljenost
407,Gegend::N,yöre,kraj
408,Gegend::N,yöre,predeo
409,Platz::N,yer,mjesto
410,Ort::N,yer,mjesto
411,Seite::N,yan,bok
412,Seite::N,yan,strana
413,Seite::N,taraf,bok
414,Seite::N,taraf,strana
415,Mitte::N,orta,sredina
416,Mitte::N,merkez,sredina
417,Gegenstand::N,şey,predmet
418,Sache::N,iş,posao
419,Sache::N,şey,posao
420,Rand::N,kenar,rub
421,Rand::N,kenar,kraj
422,Kante::N,kenar,brid
423,Kante::N,kenar,ivica
424,Ecke::N,köşe,ugao
425,Spitze::N,uç,vrh
426,Spitze::N,uç,šiljak
427,Spitze::N,baş,vrh
428,Spitze::N,baş,šiljak
429,Ende::N,uç,konac
430,Loch::N,oyuk,rupa
431,Loch::N,delik,rupa
432,Winkel::N,köşe,kut
433,Winkel::N,köşe,ugao
434,Muster::N,örnek,uzor
435,Größe::N,büyüklük,veličina
436,Länge::N,uzunluk,duljina
437,Höhe::N,yükseklik,visina
438,Gewicht::N,ağırlık,težina
439,Menge::N,miktar,mnoštvo
440,Menge::N,miktar,količina
441,Haufen::N,küme,hrpa
442,Haufen::N,küme,gomila
443,Haufen::N,yığın,hrpa
444,Haufen::N,yığın,gomila
445,Reihe::N,sıra,red
446,Boot::N,kayık,čun
447,Boot::N,kayık,čamac
448,Boot::N,sandal,čun
449,Boot::N,sandal,čamac
450,Ruder::N,kürek,veslo
451,Schlitten::N,kızak,saone
452,Ski::N,kayak,ski
453,Ski::N,kayak,smučka
454,Lagerfeuer::N,kamp ateşi,logorska vatra
455,Last::N,yük,tovar
456,Gang::N,gidiş,hod
457,Gang::N,yürüyüş,hod
458,Schritt::N,adım,korak
459,Norden::N,kuzey,sjever
460,Süden::N,güney,jug
461,Westen::N,batı,zapad
462,Osten::N,doğu,istok
463,Holz::N,ağaç,drvo
464,Holz::N,tahta,drvo
465,Brett::N,tahta,daska
466,Platte::N,levha,ploča
467,Stütze::N,dayak,potpora
468,Stütze::N,destek,potpora
469,Stange::N,çubuk,motka
470,Stock::N,sopa,štap
471,Stock::N,sopa,palica
472,Stock::N,değnek,štap
473,Stock::N,değnek,palica
474,Stab::N,sırık,štap
475,Stab::N,sırık,šipka
476,Stab::N,baston,štap
477,Stab::N,baston,šipka
478,Rohr::N,boru,cijev
479,Haus::N,ev,kuća
480,Heim::N,ev,dom
481,Heim::N,yurt,dom
482,Ofen::N,soba,peć
483,Fußboden::N,taban,pod
484,Fußboden::N,döşeme,pod
485,Tisch::N,masa,stol
486,Tisch::N,masa,trpeza
487,Stuhl::N,iskemle,stolac
488,Stuhl::N,iskemle,stolica
489,Stuhl::N,sandalye,stolac
490,Stuhl::N,sandalye,stolica
491,Wiege::N,beşik,kolijevka
492,Bett::N,yatak,krevet
493,Bett::N,yatak,postelja
494,Regal::N,raf,polica
495,Kiste::N,sandık,sanduk
496,Fenster::N,pencere,prozor
497,Tür::N,kapı,vrata
498,Tor::N,kapı,vrata
499,Tor::N,kapı,kapija
500,Zaun::N,çit,plot
501,Zaun::N,çit,ograda
502,Dach::N,dam,krov
503,Dach::N,çatı,krov
504,Leiter::N,merdiven,ljestve
505,Leiter::N,merdiven,ljestvice
506,Besen::N,süpürge,metla
507,Spaten::N,bel,ašov
508,Schaufel::N,kürek,lopata
509,Gabel::N,çatal,viljuška
510,Löffel::N,kaşık,žlica
511,Messer::N,bıçak,nož
512,Nagel::N,çivi,čavao
513,Netz::N,ağ,mreža
514,Haken::N,çengel,kuka
515,Griff::N,kulp,držak
516,Griff::N,kulp,ručica
517,Griff::N,tutamak,držak
518,Griff::N,tutamak,ručica
519,Schloss::N,kilit,brava
520,Bild::N,imaj,slika
521,Bild::N,resim,slika
522,Figur::N,şekil,figura
523,Figur::N,heykel,figura
524,Puppe::N,kukla,lutka
525,Beutel::N,kese,kesa
526,Beutel::N,torba,kesa
527,Bündel::N,deste,snop
528,Bündel::N,deste,svežanj
529,Tasche::N,çanta,torba
530,Tasche::N,çanta,taška
531,Eimer::N,kova,kabao
532,Deckel::N,kapak,poklopac
533,Geschirr::N,kap kacak,suđe
534,Geschirr::N,kap kacak,posuđe
535,Sack::N,torba,džak
536,Sack::N,torba,vreća
537,Tasse::N,fincan,šalica
538,Topf::N,tencere,lonac
539,Kessel::N,kazan,kazan
540,Essen::N,yemek,obrok
541,Nahrung::N,gıda,hrana
542,Nahrung::N,besin,hrana
543,Speise::N,yemek,jelo
544,Fleisch::N,et,meso
545,Getreide::N,tahıl,žito
546,Getreide::N,tahıl,žitarice
547,Getreide::N,hububat,žito
548,Getreide::N,hububat,žitarice
549,Brei::N,ezme,kaša
550,Brot::N,ekmek,kruh
551,Scheibe::N,dilim,kriška
552,Fett::N,yağ,mast
553,Fett::N,yağ,salo
554,Butter::N,tereyağı,buter
555,Butter::N,tereyağı,maslac
556,Öl::N,yağ,ulje
557,Öl::N,akar yağ,ulje
558,Salz::N,tuz,sol
559,Suppe::N,çorba,supa
560,Honig::N,bal,med
561,Milch::N,süt,mlijeko
562,Tee::N,çay,čaj
563,Leder::N,deri,koža
564,Leder::N,meşin,koža
565,Wolle::N,yün,vuna
566,Stoff::N,kumaş,štof
567,Stoff::N,kumaş,tkanina
568,Nadel::N,iğne,igla
569,Faden::N,tire,nit
570,Faden::N,tire,konac
571,Faden::N,iplik,nit
572,Faden::N,iplik,konac
573,Knopf::N,düğme,dugme
574,Knoten::N,düğüm,čvor
575,Knoten::N,düğüm,uzao
576,Farbe::N,boya,farba
577,Kleidung::N,giyim,odjeća
578,Hemd::N,gömlek,košulja
579,Kragen::N,yaka,ovratnik
580,Ärmel::N,yen,rukav
581,Ärmel::N,elbise kolu,rukav
582,Hose::N,pantolon,hlače
583,Gürtel::N,kuşak,pas
584,Gürtel::N,kuşak,pojas
585,Mütze::N,bere,kapa
586,Mütze::N,kasket,kapa
587,Schuh::N,kundura,cipela
588,Schuh::N,ayakkabı,cipela
589,Stiefel::N,çizme,čizma
590,Ring::N,yüzük,prsten
591,Band::N,bağ,vrpca
592,Band::N,şerit,vrpca
593,Kamm::N,tarak,češalj
594,Spiegel::N,ayna,zrcalo
595,Spiegel::N,ayna,ogledalo
596,Riemen::N,kayış,kaiš
597,Riemen::N,kayış,remen
598,Schnur::N,ip,vrpca
599,Schnur::N,sicim,vrpca
600,Leine::N,kayış,uzica
601,Decke::N,örtü,ćebe
602,Decke::N,örtü,pokrivač
603,Decke::N,yorgan,ćebe
604,Decke::N,yorgan,pokrivač
605,Kissen::N,yastık,jastuk
606,Tuch::N,bez,rubac
607,Tuch::N,bez,marama
608,Handtuch::N,havlu,ručnik
609,Kraft::N,güç,snaga
610,Kraft::N,kuvvet,snaga
611,Stärke::N,kuvvet,jakost
612,Gesundheit::N,sağlık,zdravlje
613,Krankheit::N,hastalık,bolest
614,Schmerz::N,ağrı,bol
615,Schmerz::N,sancı,bol
616,Wunde::N,yara,rana
617,Fieber::N,ateş,groznica
618,Arznei::N,ilâç,lijek
619,Brücke::N,köprü,most
620,Brücke::N,köprü,ćuprija
621,Brunnen::N,kuyu,bunar
622,Brunnen::N,kuyu,zdenac
623,Brunnen::N,çeşme,bunar
624,Brunnen::N,çeşme,zdenac
625,Weide::N,otlak,paša
626,Weide::N,otlak,pašnjak
627,Pfad::N,patika,staza
628,Pfad::N,keçiyolu,staza
629,Weg::N,yol,put
630,Straße::N,yol,drum
631,Straße::N,yol,cesta
632,Straße::N,cadde,drum
633,Straße::N,cadde,cesta
634,Dorf::N,köy,selo
635,Stadt::N,kent,grad
636,Stadt::N,kent,varoš
637,Stadt::N,şehir,grad
638,Stadt::N,şehir,varoš
639,Brief::N,mektup,list
640,Brief::N,mektup,pismo
641,Buch::N,kitap,knjiga
642,Buchstabe::N,harf,slovo
643,Zeitung::N,gazete,novine
644,Leben::N,hayat,život
645,Tod::N,ölüm,smrt
646,Grab::N,kabir,raka
647,Kirche::N,kilise,crkva
648,Sünde::N,günah,grijeh
649,Gott::N,tanrı,bog
650,Arbeiter::N,işçi,radnik
651,Chef::N,şef,šef
652,Chef::N,müdür,šef
653,Meister::N,usta,majstor
654,Arzt::N,hekim,liječnik
655,Arzt::N,doktor,liječnik
656,Lehrer::N,hoca,učitelj
657,Lehrer::N,öğretmen,učitelj
658,Geld::N,para,novac
659,Geschäft::N,ticaret,posao
660,Geschäft::N,ticaret,trgovina
661,Laden::N,dükkân,dućan
662,Preis::N,fiyat,cijena
663,Ware::N,mal,roba
664,Nutzen::N,fayda,korist
665,Reichtum::N,servet,bogatstvo
666,Reichtum::N,zenginlik,bogatstvo
667,Welt::N,dünya,svijet
668,Land::N,ülke,zemlja
669,Staat::N,devlet,država
670,König::N,kral,kralj
671,Macht::N,kudret,moć
672,Macht::N,kudret,vlast
673,Macht::N,iktidar,moć
674,Macht::N,iktidar,vlast
675,Grenze::N,had,granica
676,Grenze::N,sınır,granica
677,Krieg::N,savaş,rat
678,Feind::N,düşman,neprijatelj
679,Gewalt::N,zor,sila
680,Gewalt::N,zor,nasilje
681,Gewalt::N,cebir,sila
682,Gewalt::N,cebir,nasilje
683,Kampf::N,savaş,boj
684,Kampf::N,savaş,borba
685,Bogen[Waffe]::N,yay,luk
686,Pfeil::N,ok,strijela
687,Gewehr::N,tüfek,puška
688,Fehler::N,hata,pogreška
689,Fehler::N,hata,griješka
690,Fehler::N,yanlış,pogreška
691,Fehler::N,yanlış,griješka
692,Lüge::N,yalan,laž
693,Schaden::N,zarar,šteta
694,Unglück::N,felâket,nesreća
695,Unglück::N,talihsizlik,nesreća
696,Schuld::N,suç,krivnja
697,Schuld::N,kabahat,krivnja
698,Alter::N,yaş,dob
699,Schluss::N,son,kraj
700,Schluss::N,son,konac
701,Zeit::N,zaman,doba
702,Zeit::N,zaman,vrijeme
703,Tag::N,gün,dan
704,Morgen::N,sabah,jutro
705,Mittag::N,öğle,podne
706,Abend::N,akşam,veče
707,Abend::N,akşam,večer
708,Nacht::N,gece,noć
709,Woche::N,hafta,sedmica
710,Monat::N,ay,mjesec
711,Jahr::N,yıl,godina
712,Jahr::N,sene,godina
713,Frühling::N,ilkbahar,proljeće
714,Sommer::N,yaz,ljeto
715,Herbst::N,güz,jesen
716,Herbst::N,sonbahar,jesen
717,Winter::N,kış,zima
718,Januar::N,ocak,januar
719,Januar::N,ocak,siječanj
720,Februar::N,şubat,veljača
721,Februar::N,şubat,februar
722,März::N,mart,mart
723,März::N,mart,ožujak
724,April::N,nisan,april
725,April::N,nisan,travanj
726,Mai::N,mayıs,maj
727,Mai::N,mayıs,svibanj
728,Juni::N,haziran,juni
729,Juni::N,haziran,lipanj
730,Juli::N,temmuz,juli
731,Juli::N,temmuz,srpanj
732,August::N,ağustos,august
733,August::N,ağustos,kolovoz
734,September::N,eylül,rujan
735,September::N,eylül,septembar
736,Oktober::N,ekim,oktobar
737,Oktober::N,ekim,listopad
738,November::N,kasım,studeni
739,November::N,kasım,novembar
740,Dezember::N,aralık,prosinac
741,Montag::N,pazartesi,ponedjeljak
742,Montag::N,pazartesi,ponedjeljnik
743,Dienstag::N,salı,utorak
744,Dienstag::N,salı,utornik
745,Mittwoch::N,çarşamba,srijeda
746,Donnerstag::N,perşembe,četvrtak
747,Freitag::N,cuma,petak
748,Samstag::N,cumartesi,subota
749,Sonntag::N,pazar,nedjelja
750,groß::A,büyük,velik
751,klein::A,ufak,mali
752,klein::A,ufak,malen
753,klein::A,küçük,mali
754,klein::A,küçük,malen
755,lang::A,uzun,dug
756,lang::A,uzun,dugačak
757,kurz::A,kısa,kratak
758,breit::A,enli,širok
759,breit::A,geniş,širok
760,schmal::A,dar,uski
761,schmal::A,dar,uzak
762,dicht::A,sık,gust
763,dicht::A,yoğun,gust
764,dick[Gegenstand]::A,kalın,debeo
765,dick[Gegenstand]::A,iri,debeo
766,dünn::A,ince,tanak
767,fein::A,ince,fin
768,fein::A,ince,tanak
769,fein::A,narin,fin
770,fein::A,narin,tanak
771,fest::A,sabit,čvrst
772,fest::A,sağlam,čvrst
773,flach::A,düz,ravan
774,flach::A,düz,plosnat
775,flach::A,yassı,ravan
776,flach::A,yassı,plosnat
777,glatt::A,düz,gladak
778,hart::A,katı,tvrd
779,weich::A,yumuşak,mek
780,weich::A,yumuşak,mekan
781,rund::A,yuvarlak,okrugao
782,spitz::A,sivri,oštar
783,spitz::A,sivri,šiljast
784,scharf::A,keskin,oštar
785,scharf::A,keskin,bridak
786,stumpf::A,kör,tup
787,schwer::A,ağır,težak
788,schön::A,güzel,krasan
789,heiß::A,kızgın,vruć
790,warm::A,sıcak,topao
791,kalt::A,soğuk,hladan
792,kühl::A,serin,hladan
793,frisch::A,taze,svjež
794,feucht::A,nemli,vlažan
795,feucht::A,rutubetli,vlažan
796,nass::A,yaş,mokar
797,nass::A,ıslak,mokar
798,trocken::A,kuru,suh
799,voll::A,dolu,pun
800,voll::A,dolmuş,pun
801,leer::A,boş,prazan
802,offen::A,açık,otvoren
803,geschlossen::A,kapalı,zatvoren
804,sauber::A,pak,čist
805,sauber::A,temiz,čist
806,schmutzig::A,pis,nečist
807,schmutzig::A,pis,blatan
808,schmutzig::A,kirli,nečist
809,schmutzig::A,kirli,blatan
810,roh::A,çiğ,sirov
811,reif::A,olgun,zreo
812,lecker::A,lezzetli,tečan
813,lecker::A,lezzetli,ukusan
814,süß::A,tatlı,sladak
815,süß::A,şekerli,sladak
816,bitter::A,acı,gorak
817,sauer::A,ekşi,kiseo
818,hell::A,aydınlık,vedar
819,hell::A,aydınlık,svijetao
820,dunkel::A,karanlık,taman
821,schwarz::A,kara,crn
822,schwarz::A,siyah,crn
823,weiß::A,ak,bio
824,weiß::A,ak,bijel
825,weiß::A,beyaz,bio
826,weiß::A,beyaz,bijel
827,rot::A,kırmızı,crven
828,gelb::A,sarı,žut
829,blau::A,mavi,plav
830,blau::A,mavi,modar
831,grün::A,yeşil,zelen
832,grau::A,boz,siv
833,bunt::A,renkli,šaren
834,billig::A,ucuz,jeftin
835,teuer::A,pahalı,skup
836,wertvoll::A,değerli,vrijedan
837,wertvoll::A,değerli,dragocjen
838,blind::A,kör,slijep
839,taub::A,sağır,gluh
840,kräftig::A,dinç,snažan
841,kräftig::A,kuvvetli,snažan
842,stark::A,güçlü,jak
843,stark::A,güçlü,snažan
844,stark::A,kuvvetli,jak
845,stark::A,kuvvetli,snažan
846,schwach::A,zayıf,slab
847,schwach::A,güçsüz,slab
848,fett::A,şişman,pretio
849,schlank::A,narin,vitak
850,hübsch::A,güzel,zgodan
851,hübsch::A,sevimli,zgodan
852,böse::A,kötü,zao
853,böse::A,kötü,opak
854,dumm::A,aptal,glup
855,faul::A,tembel,lijen
856,fleißig::A,çalışkan,radin
857,fleißig::A,çalışkan,marljiv
858,geizig::A,cimri,škrt
859,klug::A,zekî,razborit
860,klug::A,akıllı,razborit
861,geschickt::A,becerikli,vješt
862,lieb::A,sevimli,drag
863,lustig::A,neşeli,veseo
864,sanft::A,nazik,blag
865,hungrig::A,aç,gladan
866,krank::A,hasta,bolestan
867,krank::A,rahatsız,bolestan
868,nackt::A,çıplak,nag
869,traurig::A,kederli,tužan
870,traurig::A,kederli,žalostan
871,traurig::A,üzüntülü,tužan
872,traurig::A,üzüntülü,žalostan
873,lebendig::A,canlı,živ
874,gut::A,iyi,dobar
875,schlecht::A,kötü,loš
876,schlecht::A,kötü,rđav
877,richtig::A,doğru,tačan
878,richtig::A,doğru,ispravan
879,schlimm::A,kötü,zao
880,schlimm::A,kötü,zločest
881,wahr::A,doğru,istinit
882,wahr::A,gerçek,istinit
883,alt::A,eski,star
884,neu::A,yeni,nov
885,ehemalig::A,önceki,bivši
886,alt[Lebewesen]::A,yaşlı,star
887,jung::A,genç,mlad
888,arm::A,fakir,ubog
889,arm::A,fakir,siromašan
890,reich::A,zengin,bogat
891,bekannt::A,bilinen,poznat
892,berühmt::A,ünlü,čuven
893,berühmt::A,ünlü,slavan
894,berühmt::A,meşhur,čuven
895,berühmt::A,meşhur,slavan
896,fremd::A,yabancı,tuđ
897,fremd::A,yabancı,stran
898,verschieden::A,ayrı,razan
899,verschieden::A,ayrı,različan
900,verschieden::A,farklı,razan
901,verschieden::A,farklı,različan
902,nah::A,yakın,blizak
903,nah::A,bitişik,blizak
904,fern::A,uzak,dalek
905,fern::A,uzak,daljnji
906,linker::A,sol,lijevi
907,rechter::A,sağ,desni
908,anderer::A,diğer,drugi
909,anderer::A,diğer,drugačiji
910,erster::A,ilk,prvi
911,erster::A,birinci,prvi
912,zweiter::A,ikinci,drugi
913,dritter::A,üçüncü,treći
914,letzter::A,son,zadnji
915,letzter::A,sonuncu,zadnji
916,allein::ADV,yalnız,sam
917,allein::ADV,tek başına,sam
918,auf einmal::ADV,birden,istodobno
919,zusammen::ADV,beraber,skupa
920,zusammen::ADV,beraber,zajedno
921,zusammen::ADV,birlikte,skupa
922,zusammen::ADV,birlikte,zajedno
923,lange::ADV,çok,dugo
924,lange::ADV,uzun,dugo
925,plötzlich::ADV,ansızın,naglo
926,plötzlich::ADV,ansızın,iznenada
927,plötzlich::ADV,birdenbire,naglo
928,plötzlich::ADV,birdenbire,iznenada
929,sofort::ADV,hemen,odmah
930,sofort::ADV,derhal,odmah
931,später::ADV,daha sonra,kasnije
932,jetzt::ADV,şimdi,sad
933,jetzt::ADV,şimdi,sada
934,heute::ADV,bugün,danas
935,morgen::ADV,yarın,sutra
936,bald::ADV,yakında,skoro
937,bald::ADV,yakında,doskora
938,dann::ADV,sonra,zatim
939,gestern::ADV,dün,juče
940,gestern::ADV,dün,jučer
941,einst::ADV,eskiden,negda
942,einst::ADV,eskiden,nekada
943,damals::ADV,o zamanlar,tada
944,damals::ADV,o zamanlar,onda
945,danach::ADV,sonradan,poslije
946,danach::ADV,sonradan,nakon toga
947,danach::ADV,ondan sonra,poslije
948,danach::ADV,ondan sonra,nakon toga
949,vorher::ADV,önce,prije
950,vorher::ADV,önce,prije toga
951,vorher::ADV,önceden,prije
952,vorher::ADV,önceden,prije toga
953,zuerst::ADV,ilk önce,prvo
954,zuerst::ADV,ilk önce,najprije
955,einmal::ADV,bir defa,jednom
956,einmal::ADV,bir defa,jedanput
957,manchmal::ADV,bazan,katkad
958,manchmal::ADV,bazan,katkada
959,oft::ADV,sık sık,često
960,oft::ADV,çok defa,često
961,immer::ADV,daima,vazda
962,immer::ADV,daima,uvijek
963,immer::ADV,her zaman,vazda
964,immer::ADV,her zaman,uvijek
965,niemals::ADV,asla değil,nikad
966,niemals::ADV,asla değil,nikada
967,niemals::ADV,hiçbir zaman,nikad
968,niemals::ADV,hiçbir zaman,nikada
969,hier::ADV,burada,tu
970,hier::ADV,burada,ovdje
971,hierhin::ADV,buraya,amo
972,hierhin::ADV,buraya,ovamo
973,von hier::ADV,buradan,odavde
974,dort::ADV,orada,ondje
975,dort::ADV,şurada,ondje
976,dorthin::ADV,oraya,onamo
977,dorthin::ADV,şuraya,onamo
978,geradeaus::ADV,doğru,ravno
979,vorwärts::ADV,ileri,naprijed
980,rückwärts::ADV,geri,natrag
981,zurück::ADV,geriye,nazad
982,zurück::ADV,geriye,natrag
983,unten::ADV,aşağıda,dolje
984,hinab::ADV,aşağıya,nizbrdo
985,oben::ADV,yukarıda,gore
986,hinauf::ADV,yukarı,uzbrdo
987,hinauf::ADV,yukarıya,uzbrdo
988,überall::ADV,her yerde,svuda
989,überall::ADV,her yerde,svagdje
990,nicht::ADV,-mi-,ne
991,nicht::ADV,değil,ne
992,ein wenig::ADV,biraz,malo
993,kaum::ADV,dar,tek
994,kaum::ADV,dar,jedva
995,kaum::ADV,hemen hemen değil,tek
996,kaum::ADV,hemen hemen değil,jedva
997,sehr::ADV,pek,jako
998,sehr::ADV,pek,veoma
999,sehr::ADV,gayet,jako
1000,sehr::ADV,gayet,veoma
1001,so::ADV,öyle,tako
1002,so::ADV,öyle,ovako
1003,so::ADV,böyle,tako
1004,so::ADV,böyle,ovako
1005,noch::ADV,hâlâ,još
1006,noch::ADV,henüz,još
1007,nur::ADV,ancak,samo
1008,nur::ADV,yalnız,samo
1009,schon::ADV,çoktan,već
1010,wieder::ADV,tekrar,opet
1011,wieder::ADV,tekrar,ponovo
1012,wieder::ADV,yeniden,opet
1013,wieder::ADV,yeniden,ponovo
1014,vergebens::ADV,boşuna,uzalud
1015,vergebens::ADV,boşuna,zabadava
1016,vor::PRP,önünde,pred
1017,vor::PRP,önünde,ispred
1018,hinter::PRP,arkasında,za
1019,hinter::PRP,arkasında,iza
1020,unter::PRP,altında,pod
1021,unter::PRP,altında,ispod
1022,durch::PRP,sayesinde,po
1023,durch::PRP,sayesinde,kroz
1024,durch::PRP,ortasından,po
1025,durch::PRP,ortasından,kroz
1026,neben::PRP,yanında,kraj
1027,neben::PRP,yanında,pored
1028,neben::PRP,yanında,pokraj
1029,zwischen::PRP,arasında,među
1030,zwischen::PRP,arasında,između
1031,wegen::PRP,dolayı,radi
1032,wegen::PRP,dolayı,zbog
1033,dies::PRN,bu,ovo
1034,das::PRN,o,to
1035,das::PRN,o,ono
1036,das::PRN,şu,to
1037,das::PRN,şu,ono
1038,alles::PRN,hepsi,sve
1039,alles::PRN,her şey,sve
1040,ich::PRN,ben,ja
1041,du::PRN,sen,ti
1042,er::PRN,o,on
1043,wir::PRN,biz,mi
1044,ihr::PRN,siz,vi
1045,sie::PRN,onlar,oni
1046,was::FPRN,ne,što
1047,wer::FPRN,kim,tko
1048,wo::FADV,nerede,gdje
1049,wohin::FADV,nereye,kuda
1050,wohin::FADV,nereye,kamo
1051,wie::FADV,nasıl,kako
1052,warum::FADV,neden,zašto
1053,wieviel::FNUM,kaç,koliko
1054,wieviel::FNUM,ne kadar,koliko
1055,eins::NUM,bir,jedan
1056,zwei::NUM,iki,dva
1057,drei::NUM,üç,tri
1058,vier::NUM,dört,četiri
1059,fünf::NUM,beş,pet
1060,sechs::NUM,altı,šest
1061,sieben::NUM,yedi,sedam
1062,acht::NUM,sekiz,osam
1063,neun::NUM,dokuz,devet
1064,zehn::NUM,on,deset
1065,elf::NUM,on bir,jedanaest
1066,zwölf::NUM,on iki,dvanaest
1067,zwanzig::NUM,yirmi,dvadeset
1068,dreißig::NUM,otuz,trideset
1069,vierzig::NUM,kırk,četrdeset
1070,fünfzig::NUM,elli,pedeset
1071,sechzig::NUM,altmış,šezdeset
1072,siebzig::NUM,yetmiş,sedamdeset
1073,achtzig::NUM,seksen,osamdeset
1074,neunzig::NUM,doksan,devetdeset
1075,hundert::NUM,yüz,sto
1076,tausend::NUM,bin,tisuća
1077,und::CNJ,ve,i
1078,und::CNJ,ve,te
1079,und::CNJ,ile,i
1080,und::CNJ,ile,te
1081,oder::CNJ,ya,ili
1082,oder::CNJ,yahut,ili
1083,stehen::V,durmak,stajati
1084,sitzen::V,oturmak,sjediti
1085,liegen::V,yatmak,ležati
1086,hängen::V,asılı olmak,visiti
1087,werden::V,olmak,postati
1088,werden::V,olmak,činiti se
1089,werden::V,olunmak,postati
1090,werden::V,olunmak,činiti se
1091,passieren::V,olmak,desiti se
1092,passieren::V,olmak,dogoditi se
1093,beginnen::V,başlamak,početi
1094,enden::V,bitmek,prestati
1095,enden::V,bitmek,svršiti se
1096,enden::V,sona ermek,prestati
1097,enden::V,sona ermek,svršiti se
1098,wechseln::V,değişmek,mijenjati se
1099,aufgehen[Sonne]::V,doğmak,izići
1100,untergehen[Sonne]::V,batmak,zaći
1101,scheinen[Sonne]::V,parlamak,sijati
1102,donnern::V,gök gürlemek,grmjeti
1103,wehen::V,esmek,duhati
1104,strömen::V,akmak,strujati
1105,fließen::V,akmak,teći
1106,sich drehen::V,dönmek,obrtati se
1107,sich drehen::V,dönmek,vrtjeti se
1108,schwanken::V,sallanmak,teturati
1109,schwanken::V,sallanmak,kolebati se
1110,schwingen::V,titremek,njihati
1111,schwingen::V,titremek,titrati
1112,fallen::V,düşmek,padati
1113,brennen::V,yanmak,gorjeti
1114,rauchen::V,tütmek,dimiti se
1115,regnen::V,yağmak,kišiti
1116,regnen::V,yağmak,daždjeti
1117,gefrieren::V,donmak,smrznuti se
1118,tauen::V,erimek,kopnjeti
1119,tauen::V,erimek,kraviti se
1120,schmelzen::V,erimek,topiti se
1121,trocknen::V,kurumak,sušiti se
1122,sieden::V,kaynamak,kipjeti
1123,sieden::V,kaynamak,ključati
1124,faulen::V,çürümek,gnjiti
1125,verfaulen::V,çürümek,sagnjiti
1126,reißen::V,yırtılmak,otrgnuti se
1127,versinken::V,batmak,tonuti
1128,versinken::V,batmak,propasti
1129,vergehen::V,geçmek,prolaziti
1130,erscheinen::V,görünmek,pojaviti se
1131,verschwinden::V,kaybolmak,nestati
1132,verschwinden::V,kaybolmak,izgubiti se
1133,sinken::V,inmek,trgnuti
1134,sinken::V,inmek,spustiti se
1135,abnehmen::V,azalmak,opasti
1136,zunehmen::V,artmak,povećati se
1137,zunehmen::V,çoğalmak,povećati se
1138,steigen::V,artmak,uzići
1139,steigen::V,artmak,nadoći
1140,steigen::V,yükselmek,uzići
1141,steigen::V,yükselmek,nadoći
1142,wachsen::V,büyümek,rasti
1143,wachsen::V,gelişmek,rasti
1144,glänzen::V,parlamak,blistati
1145,glänzen::V,parlamak,sjati se
1146,funkeln::V,parıldamak,svjetlucati
1147,lärmen::V,gürültü yapmak,bučati
1148,lärmen::V,gürültü yapmak,galamiti
1149,läuten::V,çalmak,zvoniti
1150,klingeln::V,zil çalmak,zvoniti
1151,klirren::V,şakırdamak,zvečati
1152,klirren::V,zangırdamak,zvečati
1153,brausen::V,köpürmek,hujati
1154,brausen::V,kükremek,hujati
1155,rauschen::V,fışırdamak,šumiti
1156,rauschen::V,fışırdamak,šuškati
1157,klingen::V,tınlamak,zvučati
1158,bellen::V,havlamak,lajati
1159,heulen::V,ulumak,zavijati
1160,blasen::V,üflemek,puhati
1161,pfeifen::V,düdük çalmak,fućkati
1162,schreien::V,bağırmak,vikati
1163,schreien::V,bağırmak,kričati
1164,schreien::V,haykırmak,vikati
1165,schreien::V,haykırmak,kričati
1166,stöhnen::V,inlemek,stenjati
1167,zittern::V,titremek,drhtati
1168,zittern::V,titremek,trepetati
1169,leben::V,yaşamak,živjeti
1170,leben::V,hayatta olmak,živjeti
1171,geboren werden::V,doğmak,roditi se
1172,atmen::V,solunmak,disati
1173,atmen::V,nefes almak,disati
1174,trinken::V,içmek,piti
1175,essen::V,yemek,jesti
1176,schlucken::V,yutmak,gutati
1177,müde werden::V,yorulmak,umoriti se
1178,einschlafen::V,uykuya dalmak,usnuti
1179,einschlafen::V,uykuya dalmak,zaspati
1180,schlafen::V,uyumak,spati
1181,aufwachen::V,uyanmak,probuditi se
1182,aufstehen::V,kalkmak,ustati
1183,aufstehen::V,yataktan kalkmak,ustati
1184,sich erholen::V,dinlenmek,odmoriti se
1185,krank werden::V,hastalanmak,oboljeti se
1186,krank werden::V,hastalanmak,razboljeti se
1187,krank sein::V,hasta olmak,bolovati
1188,schmerzen::V,ağrımak,boljeti
1189,husten::V,öksürmek,kašljati
1190,genesen::V,şifa bulmak,ozdraviti
1191,genesen::V,şifa bulmak,oporaviti se
1192,sterben::V,ölmek,umrijeti
1193,sterben::V,vefat etmek,umrijeti
1194,umkommen::V,ölmek,skapati
1195,sich bewegen::V,hareket etmek,gibati se
1196,sich bewegen::V,hareket etmek,kretati se
1197,sich rühren::V,kımıldanmak,maknuti se
1198,sich erheben::V,kalkmak,dići se
1199,sich erheben::V,ayağa kalkmak,dići se
1200,sich setzen::V,oturmak,sjesti
1201,hinfallen::V,yere düşmek,pasti
1202,laufen::V,yürümek,hodati
1203,schreiten::V,yürümek,stupati
1204,schreiten::V,adım atmak,stupati
1205,spazierengehen::V,gezmek,šetati se
1206,spazierengehen::V,dolaşmak,šetati se
1207,eilen::V,seğirtmek,hitati
1208,sich beeilen::V,acele etmek,požuriti se
1209,sausen::V,hızla gitmek,juriti
1210,rennen::V,koşmak,trčati
1211,springen::V,atlamak,skakati
1212,springen::V,sıçramak,skakati
1213,klettern::V,tırmanmak,popeti se
1214,klettern::V,tırmanmak,penjati se
1215,schaukeln::V,sallanmak,ljuljati se
1216,kriechen::V,sürünmek,puzati
1217,kriechen::V,sürünmek,gmizati
1218,schwimmen::V,yüzmek,plivati
1219,tauchen::V,dalmak,roniti
1220,tauchen::V,dalmak,gnjuriti
1221,rudern::V,kürek çekmek,veslati
1222,fahren::V,gitmek,voziti se
1223,fliegen::V,uçmak,letjeti
1224,fliegen::V,uçmak,lijetati
1225,gehen::V,gitmek,ići
1226,weggehen::V,gitmek,otići
1227,abfahren::V,kalkmak,krenuti
1228,abfahren::V,kalkmak,otputovati
1229,anhalten::V,durmak,stati
1230,anhalten::V,durmak,zaustaviti
1231,hineingehen::V,içeri girmek,ulaziti
1232,eintreten::V,girmek,ući
1233,kommen::V,gelmek,doći
1234,ankommen::V,varmak,stići
1235,zurückkommen::V,dönmek,vratiti se
1236,zurückkommen::V,dönmek,povratiti se
1237,bleiben::V,kalmak,ostati
1238,warten::V,beklemek,čekati
1239,erwarten::V,beklemek,očekivati
1240,suchen::V,aramak,tražiti
1241,finden::V,bulmak,naći
1242,versuchen::V,denemek,pokušati
1243,vorbereiten::V,hazırlamak,spremiti
1244,vorbereiten::V,hazırlamak,pripremiti
1245,lieben::V,sevmek,voljeti
1246,mögen::V,beğenmek,voljeti
1247,lachen::V,gülmek,smijati se
1248,rühren::V,dokunmak,taknuti
1249,rühren::V,duygulandırmak,taknuti
1250,weinen::V,ağlamak,plakati
1251,schimpfen::V,küfretmek,psovati
1252,sich ärgern::V,kızmak,ljutiti se
1253,sich fürchten::V,korkmak,bojati se
1254,fürchten::V,korkmak,bojati se
1255,fliehen::V,kaçmak,pobjeći
1256,flüchten::V,kaçmak,utjeći
1257,sehen::V,görmek,vidjeti
1258,anschauen::V,seyretmek,ogledati
1259,ansehen::V,bakmak,gledati
1260,hören::V,duymak,čuti
1261,hören::V,işitmek,čuti
1262,zuhören::V,dinlemek,slušati
1263,probieren::V,denemek,probati
1264,probieren::V,tadına bakmak,probati
1265,riechen::V,kokusunu almak,osjećati miris
1266,fühlen::V,duymak,osjećati
1267,fühlen::V,hissetmek,osjećati
1268,scheinen::V,görünmek,činiti se
1269,zu sehen sein::V,görünmek,biti vidljiv
1270,vernehmen::V,haber almak,saznati
1271,frieren::V,üşümek,zima je
1272,tun::V,etmek,raditi
1273,tun::V,yapmak,raditi
1274,können::V,bilmek,moći
1275,wollen::V,istemek,htjeti
1276,anfangen::V,başlamak,početi
1277,beenden::V,bitirmek,svršiti
1278,beenden::V,bitirmek,dovršiti
1279,aufhören::V,bitmek,prestati
1280,gelingen::V,başarmak,uspjeti
1281,geraten::V,düşmek,desiti se
1282,öffnen::V,açmak,otvoriti
1283,schließen::V,kapamak,zatvoriti
1284,stellen::V,koymak,metnuti
1285,stellen::V,koymak,postaviti
1286,setzen::V,koymak,posaditi
1287,setzen::V,oturtmak,posaditi
1288,legen::V,koymak,polagati
1289,legen::V,yatırmak,polagati
1290,berühren::V,dokunmak,doticati
1291,berühren::V,dokunmak,dodirivati
1292,verbinden::V,bağlamak,spojiti
1293,verbinden::V,bağlamak,zavezati
1294,verbinden::V,birleştirmek,spojiti
1295,verbinden::V,birleştirmek,zavezati
1296,bedecken::V,örtmek,pokriti
1297,bedecken::V,kaplamak,pokriti
1298,aufhängen::V,asmak,objesiti
1299,anzünden::V,yakmak,upaliti
1300,anzünden::V,yakmak,zapaliti
1301,anzünden::V,ateşlemek,upaliti
1302,anzünden::V,ateşlemek,zapaliti
1303,aufheben::V,kaldırmak,podići
1304,aufheben::V,kaldırmak,podignuti
1305,zurücklassen::V,geride bırakmak,ostaviti
1306,zurücklassen::V,geride bırakmak,pustiti natrag
1307,verlieren::V,yitirmek,izgubiti
1308,verlieren::V,kaybetmek,izgubiti
1309,fallen lassen::V,düşürmek,ispustiti
1310,machen::V,yapmak,uraditi
1311,machen::V,yapmak,načiniti
1312,machen::V,yapmak,napraviti
1313,herstellen::V,yapmak,proizvesti
1314,herstellen::V,imal etmek,proizvesti
1315,bauen::V,kurmak,graditi
1316,bauen::V,inşa etmek,graditi
1317,reparieren::V,onarmak,popraviti
1318,reparieren::V,tamir etmek,popraviti
1319,verbessern::V,düzeltmek,poboljšati
1320,ändern::V,değiştirmek,promijeniti
1321,graben::V,kazmak,kopati
1322,graben::V,kazmak,kopkati
1323,beugen::V,eğmek,saviti
1324,biegen::V,bükmek,saviti
1325,biegen::V,bükmek,sagnuti
1326,drehen::V,çevirmek,vrtjeti
1327,drehen::V,döndürmek,vrtjeti
1328,wenden::V,çevirmek,obrnuti
1329,umdrehen::V,çevirmek,okrenuti
1330,umdrehen::V,çevirmek,prevŕnuti
1331,heben::V,kaldırmak,dizati
1332,hochheben::V,yukarı kaldırmak,dignuti
1333,ergreifen::V,tutmak,uhvatiti
1334,ergreifen::V,tutmak,prihvatiti
1335,ergreifen::V,yakalamak,uhvatiti
1336,ergreifen::V,yakalamak,prihvatiti
1337,halten::V,tutmak,držati
1338,drücken::V,sıkmak,pritiskivati
1339,schieben::V,itmek,gurati
1340,schieben::V,sürmek,gurati
1341,kratzen::V,kaşımak,česati
1342,kratzen::V,kaşımak,grepsti
1343,lecken::V,yalamak,lizati
1344,beißen::V,ısırmak,ujesti
1345,beißen::V,ısırmak,gristi
1346,abreißen::V,koparmak,otkinuti
1347,abschneiden::V,keserek ayırmak,odrezati
1348,binden::V,bağlamak,vezati
1349,stecken::V,sokmak,turiti
1350,brechen::V,kırmak,slomiti
1351,klopfen::V,çalmak,lupati
1352,klopfen::V,çalmak,kucati
1353,hauen::V,vurmak,tući
1354,hauen::V,vurmak,udarati
1355,kleben::V,yapıştırmak,lijepiti
1356,reiben::V,ovmak,trti
1357,reiben::V,sürtmek,trti
1358,streichen::V,sürmek,namazati
1359,schleifen::V,bilemek,brusiti
1360,schneiden::V,kesmek,rezati
1361,rütteln::V,sallamak,drmati
1362,schütteln::V,sarsmak,tresti
1363,schütteln::V,çalkamak,tresti
1364,schwenken::V,sallamak,mahati
1365,schütten::V,dökmek,sipati
1366,schütten::V,dökmek,lijevati
1367,schütten::V,akıtmak,sipati
1368,schütten::V,akıtmak,lijevati
1369,füllen::V,doldurmak,napuniti
1370,einwickeln::V,sarmak,umotati
1371,einwickeln::V,sarmak,zamotati
1372,tragen::V,taşımak,nositi
1373,schleppen::V,sürüklemek,tegliti
1374,ziehen::V,çekmek,vući
1375,aufbewahren::V,saklamak,čuvati
1376,werfen::V,atmak,bacati
1377,fangen::V,tutmak,loviti
1378,fangen::V,tutmak,hvatati
1379,fangen::V,yakalamak,loviti
1380,fangen::V,yakalamak,hvatati
1381,packen::V,tutmak,ščepati
1382,packen::V,tutmak,zgrabiti
1383,packen::V,yakalamak,ščepati
1384,packen::V,yakalamak,zgrabiti
1385,verstecken::V,saklamak,sakriti
1386,teilen::V,bölmek,podijeliti
1387,teilen::V,ayırmak,podijeliti
1388,schicken::V,yollamak,slati
1389,schicken::V,göndermek,slati
1390,bringen::V,getirmek,donijeti
1391,hinzufügen::V,katmak,dodati
1392,hinzufügen::V,katmak,pridati
1393,hinzufügen::V,eklemek,dodati
1394,hinzufügen::V,eklemek,pridati
1395,bekommen::V,almak,dobiti
1396,bekommen::V,eline geçmek,dobiti
1397,erhalten::V,almak,primiti
1398,nehmen::V,almak,uzeti
1399,wählen::V,seçmek,izabrati
1400,auswählen::V,seçmek,odabrati
1401,auswählen::V,ayırmak,odabrati
1402,bewahren::V,korumak,sačuvati
1403,behindern::V,engellemek,smetati
1404,verderben::V,bozmak,pokvariti
1405,beschädigen::V,zedelemek,oštetiti
1406,beschädigen::V,ziyan vermek,oštetiti
1407,zerbrechen::V,kırmak,razbiti
1408,zerbrechen::V,kırmak,prelomiti
1409,zerreißen::V,yırtmak,poderati
1410,zerreißen::V,yırtmak,rastrgnuti
1411,zerstören::V,yıkmak,razoriti
1412,zerstören::V,yıkmak,razrušiti
1413,zerstören::V,tahrip etmek,razoriti
1414,zerstören::V,tahrip etmek,razrušiti
1415,verbrennen::V,yakmak,spaliti
1416,verbrennen::V,yakmak,sagorjeti
1417,geben::V,vermek,dati
1418,reichen::V,uzatmak,pružiti
1419,schenken::V,hediye etmek,darivati
1420,versprechen::V,vaat etmek,obećati
1421,wünschen::V,kutlamak,željeti
1422,loben::V,övmek,hvaliti
1423,küssen::V,öpmek,ljubiti
1424,wiegen::V,sallamak,njihati
1425,wiegen::V,sallamak,ljuljati
1426,zudecken::V,örtmek,pokriti
1427,wecken::V,uyandırmak,probuditi
1428,zeigen::V,göstermek,pokazati
1429,führen::V,gezdirmek,voditi
1430,führen::V,yol göstermek,voditi
1431,lehren::V,okutmak,učiti
1432,lehren::V,öğretmek,učiti
1433,unterrichten::V,öğretmek,poučiti
1434,aufziehen::V,yetiştirmek,uzgajati
1435,leiten::V,yönetmek,upravljati
1436,leiten::V,idare etmek,upravljati
1437,antreiben::V,teşvik etmek,natjeravati
1438,lassen::V,-tırmak,dati
1439,einladen::V,davet etmek,pozvati
1440,vereinigen::V,birleştirmek,ujediniti
1441,besuchen::V,uğramak,posjetiti
1442,besuchen::V,ziyaret etmek,posjetiti
1443,besuchen::V,görmeye gitmek,posjetiti
1444,treffen::V,rastlamak,sresti
1445,treffen::V,isabet etmek,sresti
1446,sich versammeln::V,toplanmak,okupiti se
1447,spielen::V,oynamak,igrati se
1448,singen::V,söylemek,pjevati
1449,singen::V,şarkı söylemek,pjevati
1450,tanzen::V,oynamak,plesati
1451,tanzen::V,dans etmek,plesati
1452,sich trennen::V,ayrılmak,razići se
1453,verlassen::V,bırakmak,ostaviti
1454,verlassen::V,bırakmak,napustiti
1455,verlassen::V,terk etmek,ostaviti
1456,verlassen::V,terk etmek,napustiti
1457,retten::V,kurtarmak,spasiti
1458,bewachen::V,gözetmek,čuvati
1459,bewachen::V,gözetmek,stražariti
1460,schützen::V,korumak,čuvati
1461,verteidigen::V,savunmak,obraniti
1462,sich schlagen::V,dövüşmek,biti se
1463,sich schlagen::V,dövüşmek,udariti se
1464,schießen::V,ateş etmek,pucati
1465,schießen::V,ateş etmek,strijeljati
1466,siegen::V,yenmek,pobijediti
1467,ärgern::V,kızdırmak,ljutiti
1468,schlagen::V,dövmek,biti
1469,schlagen::V,dövmek,udariti
1470,treten::V,tepmek,šutnuti
1471,stechen::V,sokmak,ubosti
1472,stechen::V,batırmak,ubosti
1473,stoßen::V,itmek,gurnuti
1474,stehlen::V,çalmak,ukrasti
1475,stören::V,bozmak,smetati
1476,stören::V,etkilemek,smetati
1477,belästigen::V,rahatsız etmek,smetati
1478,belästigen::V,rahatsız etmek,dosaditi
1479,verbergen::V,saklamak,skriti
1480,täuschen::V,aldatmak,obmanuti
1481,betrügen::V,aldatmak,prevarati
1482,betrügen::V,dolandırmak,prevarati
1483,töten::V,öldürmek,ubiti
1484,wohnen::V,oturmak,stanovati
1485,arbeiten::V,çalışmak,raditi
1486,sammeln::V,toplamak,sabrati
1487,pflücken::V,koparmak,ubrati
1488,jagen::V,avlanmak,loviti
1489,fischen::V,balık tutmak,ribati
1490,fischen::V,balık tutmak,loviti ribu
1491,fassen::V,tutmak,uloviti
1492,fassen::V,yakalamak,uloviti
1493,hüten::V,otlatmak,pasti
1494,treiben::V,gütmek,goniti
1495,anbinden::V,bağlamak,privezati
1496,füttern::V,beslemek,hraniti
1497,melken::V,sağmak,musti
1498,hacken::V,yarmak,sjeckati
1499,gießen::V,sulamak,politi
1500,reifen::V,olgunlaşmak,sazreti
1501,zubereiten::V,hazırlamak,prigotoviti
1502,kochen::V,pişirmek,kuhati
1503,kochen::V,kaynatmak,kuhati
1504,backen::V,pişirmek,peći
1505,backen::V,fırında pişirmek,peći
1506,braten::V,kızartmak,peći
1507,braten::V,kızartmak,pržiti
1508,umrühren::V,karıştırmak,promiješati
1509,stricken::V,örmek,plesti
1510,nähen::V,dikmek,šiti
1511,färben::V,boyamak,obojiti
1512,reinigen::V,temizlemek,očistiti
1513,reinigen::V,temizlemek,počistiti
1514,waschen::V,yıkamak,prati
1515,abwischen::V,silmek,otrti
1516,spülen::V,çalkamak,isprati
1517,spülen::V,çalkamak,oplakati
1518,fegen::V,süpürmek,mesti
1519,fegen::V,süpürmek,pomesti
1520,kehren::V,süpürmek,mesti
1521,baden::V,yıkanmak,kupati se
1522,baden::V,banyo yapmak,kupati se
1523,sich waschen::V,yıkanmak,umiti se
1524,sich waschen::V,yıkanmak,prati se
1525,ausziehen::V,çıkarmak,svući
1526,anziehen::V,giymek,obući
1527,sich anziehen::V,giyinmek,obući se
1528,kämmen::V,taramak,češljati
1529,schmücken::V,süslemek,uresiti
1530,schmücken::V,süslemek,nakititi
1531,sagen::V,demek,reći
1532,sagen::V,demek,kazati
1533,sagen::V,söylemek,reći
1534,sagen::V,söylemek,kazati
1535,sprechen::V,konuşmak,govoriti
1536,reden::V,konuşmak,govoriti
1537,reden::V,konuşmak,besjediti
1538,sich unterhalten::V,sohbet etmek,razgovarati se
1539,fragen::V,sormak,pitati
1540,bitten::V,dilemek,moliti
1541,bitten::V,rica etmek,moliti
1542,erzählen::V,bahsetmek,ispričati
1543,erzählen::V,bahsetmek,pripovjediti
1544,erzählen::V,hikâye etmek,ispričati
1545,erzählen::V,hikâye etmek,pripovjediti
1546,mitteilen::V,bildirmek,saopćiti
1547,nennen::V,adlandırmak,nazvati
1548,rufen::V,çağırmak,zvati
1549,rufen::V,çağırmak,dozvati
1550,prahlen::V,övünmek,hvalisati se
1551,übersetzen::V,çevirmek,prevesti
1552,übersetzen::V,tercüme etmek,prevesti
1553,denken::V,düşünmek,misliti
1554,glauben::V,inanmak,vjerovati
1555,glauben::V,zannetmek,vjerovati
1556,bemerken::V,farkına varmak,zapaziti
1557,bemerken::V,farkına varmak,primijetiti
1558,erkennen::V,tanımak,prepoznati
1559,begreifen::V,anlamak,pojmiti
1560,begreifen::V,anlamak,shvatiti
1561,begreifen::V,kavramak,pojmiti
1562,begreifen::V,kavramak,shvatiti
1563,verstehen::V,duymak,razabrati
1564,verstehen::V,anlamak,razabrati
1565,lernen::V,öğrenmek,učiti se
1566,wissen::V,bilmek,znati
1567,sich erinnern an::V,hatırlamak,sjetiti se
1568,vergessen::V,unutmak,zaboraviti
1569,messen::V,ölçmek,mjeriti
1570,zählen::V,saymak,brojiti
1571,rechnen::V,hesap etmek,računati
1572,lesen::V,okumak,čitati
1573,malen::V,resmini yapmak,slikati
1574,zeichnen::V,çizmek,crtati
1575,schreiben::V,yazmak,pisati
1576,besitzen::V,haiz olmak,imati
1577,besitzen::V,haiz olmak,posjedovati
1578,besitzen::V,sahip olmak,imati
1579,besitzen::V,sahip olmak,posjedovati
1580,kaufen::V,almak,kupiti
1581,verkaufen::V,satmak,prodati
1582,verkaufen::V,satmak,raspačati
1583,bezahlen::V,ödemek,platiti
1584,zahlen::V,ödemek,plaćati
1585,beherrschen::V,hâkim olmak,vladati
1586,beherrschen::V,hâkim olmak,gospodariti
1587,ertragen::V,dayanmak,trpjeti
1588,ertragen::V,dayanmak,podnijeti
1589,ertragen::V,katlanmak,trpjeti
1590,ertragen::V,katlanmak,podnijeti
