,Concept_ID,tt,cy
0,Auge::N,күз,llygad
1,Ohr::N,колак,clust
2,Nase::N,борын,trwyn
3,Mund::N,авыз,ceg
4,Mund::N,тамак,ceg
5,Zahn::N,теш,dant
6,Zunge::N,тел,tafod
7,Lippe::N,ирен,gwefus
8,Wange::N,яңак,boch
9,Gesicht::N,йөз,wyneb
10,Stirn::N,маңгай,talcen
11,Haar::N,чәч,blew
12,Schnurrbart::N,мыек,mwstas
13,Bart::N,сакал,barf
14,Kinn::N,ияк,gên
15,Kiefer[Anatomie]::N,казналык,gên
16,Kehle::N,тамак,gwddf
17,Hals::N,бугаз,gwddf
18,Genick::N,җилкә,gwar
19,Genick::N,җилкә,gwegil
20,Kopf::N,баш,pen
21,Rücken::N,сырт,cefn
22,Bauch::N,корсак,bol
23,Nabel::N,кендек,bogail
24,Busen::N,түш,bron
25,Brust::N,имчәк,brest
26,Brust::N,күкрәк,brest
27,Schulter::N,иңбаш,ysgwydd
28,Schulter::N,кулбаш,ysgwydd
29,Arm::N,кул,braich
30,Ellenbogen::N,терсәк,penelin
31,Hand::N,кул,llaw
32,Handfläche::N,уч,palf
33,Finger::N,бармак,bys
34,Fingernagel::N,тырнак,ewin
35,Nagel[Anatomie]::N,тырнак,ewin
36,Zeh::N,бармак,bys troed
37,Fuß::N,табан,troed
38,Ferse::N,үкчә,sawdl
39,Knie::N,тез,glin
40,Oberschenkel::N,бот,clun
41,Bein::N,аяк,coes
42,Körper::N,тән,corff
43,Körper::N,җисем,corff
44,Haut::N,тире,croen
45,Blut::N,кан,gwaed
46,Ader::N,тамыр,gwythïen
47,Sehne::N,сеңер,gewyn
48,Knochen::N,сөяк,asgwrn
49,Gehirn::N,ми,ymennydd
50,Herz::N,йөрәк,calon
51,Magen::N,ашказаны,cylla
52,Magen::N,ашказаны,stumog
53,Leber::N,бавыр,iau
54,Atem::N,сулыш,anadl
55,Hunger::N,ачлык,newyn
56,Träne::N,яшь,deigryn
57,Geschmack::N,тәм,cyflas
58,Geschmack::N,зәвык,cyflas
59,Geruch::N,ис,aroglau
60,Schlaf::N,йокы,cwsg
61,Traum::N,төш,breuddwyd
62,Himmel::N,күк,awyr
63,Sonne::N,кояш,haul
64,Mond::N,ай,lleuad
65,Stern::N,йолдыз,seren
66,Luft::N,һава,awyr
67,Wind::N,җил,gwynt
68,Welle::N,дулкын,ton
69,Wasser::N,су,dŵr
70,Stein::N,таш,carreg
71,Boden::N,туфрак,llawr
72,Erde::N,җир,pridd
73,Staub::N,тузан,llwch
74,Rauch::N,төтен,mwg
75,Funke::N,очкын,gwreichioni
76,Feuer::N,ут,tân
77,Licht::N,якты,golau
78,Schatten::N,күләгә,cysgod
79,Wetter::N,һава,tywydd
80,Nebel::N,томан,niwl
81,Wolke::N,болыт,cwmwl
82,Regen::N,яңгыр,glaw
83,Schnee::N,кар,ôd
84,Schnee::N,кар,eira
85,Eis::N,боз,iâ
86,Frost::N,суык,rhew
87,Frost::N,салкын,rhew
88,Kälte::N,суык,oerni
89,Kälte::N,суык,annwyd
90,Kälte::N,салкын,oerni
91,Kälte::N,салкын,annwyd
92,Hitze::N,эсселек,gwres
93,Raureif::N,бәс,barrug
94,Raureif::N,сыкы,barrug
95,Regenbogen::N,салават күпере,enfys
96,Donner::N,күкрәү,tyrfau
97,Strömung::N,агыш'агым,cerrynt
98,Tropfen::N,тамчы,dafn
99,Tropfen::N,тамчы,diferyn
100,Schaum::N,күбек,ewyn
101,Schmutz::N,пычрак,baw
102,Schmutz::N,пычрак,budreddi
103,See::N,күл,llyn
104,Sumpf::N,саз,cors
105,Moor::N,торфлык,rhos
106,Wiese::N,болын,dôl
107,Wald::N,урман,coedwig
108,Hügel::N,калку,bryn
109,Anhöhe::N,үр,bryn
110,Berg::N,тау,mynydd
111,Gipfel::N,оч,copa
112,Höhle::N,мәгарә,ogof
113,Abhang::N,кабырга,llethr
114,Quelle::N,чишмә,tarddiad
115,Quelle::N,чишмә,ffynhonnell
116,Bach::N,елга,nant
117,Bach::N,елга,afonig
118,Bach::N,елга,cornant
119,Fluss::N,дәрья,afon
120,Ufer::N,су кырые,glan
121,Küste::N,яр буе,traeth
122,Küste::N,яр буе,arfordir
123,Festland::N,коры җир,tir
124,Meer::N,диңгез,môr
125,Bucht::N,бухта,bae
126,Bucht::N,култык,bae
127,Insel::N,атау,ynys
128,Insel::N,утрау,ynys
129,Blume::N,чәчкә,blodyn
130,Gras::N,үлән,glaswellt
131,Wurzel::N,тамыр,gwreiddyn
132,Baum::N,агач,coeden
133,Stamm::N,кәүсә,colfen
134,Stamm::N,кәүсә,boncyff
135,Rinde::N,кабык,rhisgl
136,Ast::N,ботак,cangen
137,Zweig::N,ботак,cainc
138,Zweig::N,ботак,cangen
139,Zweig::N,тармак,cainc
140,Zweig::N,тармак,cangen
141,Blatt::N,яфрак,deilen
142,Birke::N,каен,bedwen
143,Kiefer[Baum]::N,нарат,pinwydden
144,Weide[Baum]::N,тал,helygen
145,Tanne::N,чыршы,ffynidwydden
146,Horn::N,мөгез,corn
147,Feder::N,йон,plufyn
148,Fell::N,тире,ffwr
149,Flügel::N,канат,adain
150,Klaue::N,тырнак,crafanc
151,Kralle::N,тырнак,ewin
152,Schwanz::N,койрык,cwt
153,Schwanz::N,койрык,cynffon
154,Ei::N,күкәй,wy
155,Ei::N,йомырка,wy
156,Nest::N,оя,nyth
157,Bau::N,өн,ffau
158,Tier::N,хайван,anifail
159,Herde::N,көтү,praidd
160,Herde::N,көтү,diadell
161,Kuh::N,сыер,buwch
162,Bulle::N,үгез,tarw
163,Pferd::N,ат,ceffyl
164,Schaf::N,сарык,dafad
165,Schwein::N,дуңгыз,mochyn
166,Hund::N,эт,ci
167,Katze::N,песи,cath
168,Bär::N,аю,arth
169,Eichhörnchen::N,тиен,gwiwer
170,Elch::N,поши,elc
171,Fuchs::N,төлке,cadno
172,Hase::N,куян,ysgyfarnog
173,Maus::N,тычкан,llygoden
174,Wolf::N,бүре,blaidd
175,Vogel::N,кош,aderyn
176,Schwarm::N,көтү,haid
177,Huhn::N,тавык,cyw
178,Hahn::N,әтәч,ceiliog
179,Gans::N,каз,gŵydd
180,Adler::N,каракош,eryr
181,Ente::N,үрдәк,hwyad
182,Eule::N,ябалак,tylluan
183,Kranich::N,торна,garan
184,Kranich::N,торна,crychydd
185,Krähe::N,карга,brân
186,Kuckuck::N,күке,cog
187,Kuckuck::N,күке,cwcw
188,Kuckuck::N,кәккүк,cog
189,Kuckuck::N,кәккүк,cwcw
190,Schwan::N,аккош,alarch
191,Fisch::N,балык,pysgod
192,Barsch::N,алабуга,draenog
193,Hecht::N,чуртан,penhwyad
194,Schlange[Tier]::N,елан,neidr
195,Wurm::N,корт,abwydyn
196,Wurm::N,корт,pryf genwair
197,Spinne::N,үрмәкүч,cor
198,Spinne::N,үрмәкүч,pryf copyn
199,Ameise::N,кырмыска,morgrugyn
200,Laus::N,бет,lleuen
201,Mücke::N,черки,gwybedyn
202,Mücke::N,озынборын,gwybedyn
203,Fliege::N,чебен,cleren
204,Schmetterling::N,күбәләк,glöyn byw
205,Schmetterling::N,күбәләк,iâr fach yr haf
206,Beere::N,җиләк,aeronen
207,Apfel::N,алма,afal
208,Pilz::N,гөмбә,madarch
209,Zwiebel::N,суган,nionyn
210,Zwiebel::N,суган,winwnsyn
211,Zwiebel::N,суганбаш,nionyn
212,Zwiebel::N,суганбаш,winwnsyn
213,Saat::N,орлык,had
214,Korn::N,иген,grawn
215,Korn::N,орлык,grawn
216,Heu::N,печән,gwair
217,Schale::N,кабык,croen
218,Schale::N,кабык,plisgyn
219,Grube::N,баз,pwll
220,Grube::N,баз,pydew
221,Grube::N,чокыр,pwll
222,Grube::N,чокыр,pydew
223,Falle::N,тозак,magl
224,Falle::N,капкын,magl
225,Schlinge::N,элмәк,cwlwm rhedeg
226,Spur::N,эз,ôl
227,Asche::N,көл,lludw
228,Dreck::N,пычрак,baw
229,Dreck::N,пычрак,budreddi
230,Eisen::N,тимер,haearn
231,Gold::N,алтын,aur
232,Silber::N,көмеш,arian
233,Kohle::N,күмер,glo
234,Glas::N,пыяла,gwydr
235,Lehm::N,балчык,clai
236,Sand::N,ком,tywod
237,Mensch::N,адәм,dyn
238,Mensch::N,инсан,dyn
239,Mann::N,ир,dyn
240,Frau::N,хатын,merch
241,Frau::N,хатын,gwraig
242,Kind::N,бала,plentyn
243,Junge::N,малай,hogyn
244,Junge::N,малай,bachgen
245,Mädchen::N,кыз,merch
246,Mädchen::N,кыз,geneth
247,Familie::N,гаилә,teulu
248,Familie::N,гаилә,tylwyth
249,Großvater::N,бабай,taid
250,Großvater::N,бабай,tad-cu
251,Großmutter::N,әби,nain
252,Großmutter::N,әби,mam-gu
253,Eltern::N,ата-ана,rhieni
254,Vater::N,ата,tad
255,Mutter::N,ана,mam
256,Sohn::N,ул,mab
257,Tochter::N,кыз,merch
258,Bruder::N,кардәш,brawd
259,Schwester::N,апа,chwaer
260,Schwester::N,сеңел,chwaer
261,Onkel::N,дәдә,ewythr
262,Onkel::N,дәдәй,ewythr
263,Tante::N,түти,modryb
264,Tante::N,тәтәй,modryb
265,Ehemann::N,ир,gŵr
266,Ehefrau::N,хатын,gwraig
267,Freude::N,сөенеч,gorfoledd
268,Gelächter::N,көлү,chwerthin
269,Gelächter::N,көлеш,chwerthin
270,Glück::N,бәхет,hapusrwydd
271,Kummer::N,хәсрәт,galar
272,Wunsch::N,теләк,dymuniad
273,Lust::N,теләк,chwant
274,Lust::N,теләү,chwant
275,Geist::N,рух,ysbryd
276,Gedanke::N,уй,meddwl
277,Gedanke::N,фикер,meddwl
278,Gedächtnis::N,хәтер,cof
279,Verstand::N,акыл,meddwl
280,Sinn::N,мәгънә,ystyr
281,Grund::N,сәбәп,achos
282,Grund::N,сәбәп,rheswm
283,Wahrheit::N,хак,gwir
284,Wahrheit::N,хак,gwirionedd
285,Gespräch::N,әңгәмә,sgwrs
286,Märchen::N,әкият,chwedl werin
287,Erzählung::N,хикәя,stori
288,Nachricht::N,хәбәр,neges
289,Neuigkeit::N,яңалык,newydd
290,Name::N,исем,enw
291,Rätsel::N,табышмак,pos
292,Rede::N,нотык,araith
293,Sprache::N,тел,iaith
294,Stimme::N,тавыш,llais
295,Wort::N,сүз,gair
296,Zeichen::N,ишарә,arwydd
297,Ruf::N,дәшү,galwad
298,Lärm::N,шау,trwst
299,Laut::N,аваз,sain
300,Ton::N,шалтырату,tôn
301,Lied::N,җыр,cân
302,Ruhe::N,тынлык,tawelwch
303,Leute::N,халык,pobl
304,Volk::N,халык,pobl
305,Arbeit::N,эш,gwaith
306,Arbeit::N,хезмәт,gwaith
307,Gast::N,кунак,gwestai
308,Geschenk::N,бүләк,rhodd
309,Geschenk::N,бүләк,anrheg
310,Spiel::N,уен,chwarae
311,Gesellschaft::N,җәмгыять,cwmni
312,Hilfe::N,ярдәм,cymorth
313,Hilfe::N,булышлык,cymorth
314,Freund::N,дус,cyfaill
315,Kamerad::N,иптәш,cydymaith
316,Angelegenheit::N,эш,pwnc
317,Anzahl::N,микъдар,cyfrif
318,Art::N,төр,bath
319,Stück::N,кисәк,darn
320,Teil::N,өлеш,rhan
321,Hälfte::N,ярым,hanner
322,Kreis::N,түгәрәк,cylch
323,Kreuz::N,хач,croes
324,Kreuz::N,тәре,croes
325,Linie::N,сызык,llinell
326,Strich::N,сызык,strôc
327,Strich::N,сызык,trawiad
328,Abstand::N,ара,bwlch
329,Abstand::N,ара,pellter
330,Entfernung::N,ераклык,pellter
331,Gegend::N,урын,cylch
332,Platz::N,бушлык,lle
333,Ort::N,урын,lle
334,Seite::N,як,ochr
335,Mitte::N,урта,canol
336,Gegenstand::N,нәрсә,eitem
337,Sache::N,нәрсә,peth
338,Rand::N,чит,cwr
339,Rand::N,чит,ymyl
340,Kante::N,кырый,min
341,Kante::N,кырый,ymyl
342,Ecke::N,почмак,cornel
343,Spitze::N,оч,blaen
344,Ende::N,азак,pen
345,Loch::N,тишек,twll
346,Winkel::N,почмак,congl
347,Muster::N,парча,patrwm
348,Größe::N,зурлык,maint
349,Größe::N,зурлык,maintioli
350,Länge::N,озынлык,hyd
351,Höhe::N,биеклек,uchder
352,Gewicht::N,авырлык,pwysau
353,Menge::N,микъдар,swm
354,Menge::N,микъдар,maint
355,Haufen::N,өем,pentwr
356,Reihe::N,рәт,rhes
357,Boot::N,каек,cwch
358,Boot::N,көймә,cwch
359,Ruder::N,ишкәк,rhwyf
360,Schlitten::N,чана,sled
361,Schlitten::N,чана,car llusg
362,Ski::N,чаңгы,sgi
363,Lagerfeuer::N,костёр,coelcerth
364,Last::N,йөк,llwyth
365,Gang::N,йөреш,tro
366,Schritt::N,адым,cam
367,Norden::N,төньяк,gogledd
368,Süden::N,көньяк,de
369,Westen::N,көнбатыш,gorllewin
370,Osten::N,шәрык,dwyrain
371,Osten::N,көнчыгыш,dwyrain
372,Holz::N,агач,pren
373,Brett::N,такта,bwrdd
374,Brett::N,такта,astell
375,Platte::N,плитә,llech
376,Stütze::N,таяу,ateg
377,Stütze::N,таяу,cynhalydd
378,Stange::N,колга,polyn
379,Stock::N,таяк,ffon
380,Stock::N,таяк,brigyn
381,Stab::N,таяк,ffon
382,Rohr::N,торба,pibell
383,Haus::N,өй,tŷ
384,Haus::N,йорт,tŷ
385,Heim::N,гаилә,cartref
386,Heim::N,нәсел,cartref
387,Ofen::N,мич,stof
388,Fußboden::N,идән,llawr
389,Tisch::N,өстәл,bwrdd
390,Stuhl::N,утыргыч,cadair
391,Wiege::N,бишек,crud
392,Bett::N,ятак,gwely
393,Bett::N,урын-җир,gwely
394,Regal::N,киштә,silff
395,Regal::N,шүрлек,silff
396,Kiste::N,әрҗә,bocs
397,Kiste::N,әрҗә,blwch
398,Fenster::N,тәрәзә,ffenestr
399,Tür::N,ишек,drws
400,Tor::N,капка,porth
401,Zaun::N,койма,ffens
402,Dach::N,түбә,to
403,Leiter::N,баскыч,ysgol
404,Besen::N,себерке,ysgub
405,Spaten::N,көрәк,rhaw
406,Schaufel::N,көрәк,rhaw
407,Gabel::N,чәннечке,fforc
408,Löffel::N,кашык,llwy
409,Messer::N,пычак,cyllell
410,Nagel::N,кадак,hoel
411,Netz::N,челтәр,gwe
412,Netz::N,челтәр,rhwyd
413,Haken::N,ыргак,bach
414,Griff::N,тотка,carn
415,Schloss::N,йозак,clo
416,Bild::N,рәсем,llun
417,Bild::N,рәсем,pictiwr
418,Bild::N,картина,llun
419,Bild::N,картина,pictiwr
420,Figur::N,сын,ffigur
421,Figur::N,фигура,ffigur
422,Puppe::N,курчак,dol
423,Beutel::N,луза,cwd
424,Bündel::N,бәйләм,bwndel
425,Bündel::N,бәйләм,coflaid
426,Tasche::N,букча,cod
427,Eimer::N,чиләк,bwced
428,Eimer::N,чиләк,cunnog
429,Deckel::N,капкач,caead
430,Geschirr::N,савыт-саба,llestri
431,Geschirr::N,кашык-аяк,llestri
432,Sack::N,капчык,sach
433,Tasse::N,чынаяк,cwpan
434,Topf::N,чүлмәк,pot
435,Topf::N,чүлмәк,crochan
436,Kessel::N,казан,tegell
437,Essen::N,ашау,pryd o fwyd
438,Nahrung::N,азык,bwyd
439,Nahrung::N,тәгам,bwyd
440,Nahrung::N,ашамлык,bwyd
441,Speise::N,ризык,saig
442,Fleisch::N,ит,cig
443,Getreide::N,ашлык,ŷd
444,Getreide::N,ашлык,llafur
445,Brei::N,ботка,uwd
446,Brot::N,ипи,bara
447,Brot::N,икмәк,bara
448,Scheibe::N,телем,tafell
449,Fett::N,май,saim
450,Fett::N,май,braster
451,Butter::N,май,ymenyn
452,Öl::N,май,olew
453,Salz::N,тоз,halen
454,Suppe::N,шулпа,cawl
455,Honig::N,бал,mêl
456,Milch::N,сөт,llaeth
457,Milch::N,сөт,llefrith
458,Tee::N,чәй,te
459,Leder::N,күн,lledr
460,Wolle::N,йон,gwlân
461,Stoff::N,тукыма,lliain
462,Stoff::N,тукыма,brethyn
463,Nadel::N,энә,nodwydd
464,Faden::N,җеп,edau
465,Faden::N,җеп,edefyn
466,Knopf::N,төймә,botwm
467,Knoten::N,төен,cwlwm
468,Farbe::N,буяу,paent
469,Kleidung::N,кием,dillad
470,Kleidung::N,кием,gwisgoedd
471,Hemd::N,күлмәк,crys
472,Kragen::N,яка,coler
473,Ärmel::N,җиң,llawes
474,Hose::N,чалбар,trowsus
475,Gürtel::N,билбау,gwregys
476,Mütze::N,бүрек,cap
477,Schuh::N,башмак,esgid
478,Stiefel::N,итек,botasen
479,Ring::N,балдак,modrwy
480,Band::N,тасма,rhuban
481,Kamm::N,тарак,crib
482,Spiegel::N,көзге,drych
483,Riemen::N,каеш,strap
484,Schnur::N,бау,llinyn
485,Leine::N,тезген,tennyn
486,Decke::N,юрган,blanced
487,Decke::N,юрган,gwrthban
488,Kissen::N,мендәр,clustog
489,Kissen::N,мендәр,gobennydd
490,Tuch::N,яулык,sgarff
491,Handtuch::N,сөлгә,tywel
492,Handtuch::N,сөлгә,lliain sychu
493,Kraft::N,егәр,grym
494,Kraft::N,дәрман,grym
495,Stärke::N,көч,nerth
496,Stärke::N,көч,cryfder
497,Stärke::N,дәрман,nerth
498,Stärke::N,дәрман,cryfder
499,Gesundheit::N,саулык,iechyd
500,Krankheit::N,чир,afiechyd
501,Krankheit::N,чир,anhwylder
502,Krankheit::N,хаста,afiechyd
503,Krankheit::N,хаста,anhwylder
504,Krankheit::N,сырхау,afiechyd
505,Krankheit::N,сырхау,anhwylder
506,Schmerz::N,авырту,poen
507,Schmerz::N,авырту,gwayw
508,Wunde::N,яра,clwyf
509,Wunde::N,җәрәхәт,clwyf
510,Fieber::N,бизгәк,twymyn
511,Arznei::N,дару,meddyginiaeth
512,Brücke::N,күпер,pont
513,Brunnen::N,кое,ffynnon
514,Weide::N,утлавык,porfa
515,Pfad::N,сукмак,llwybr
516,Weg::N,юл,ffordd
517,Straße::N,урам,heol
518,Straße::N,урам,ffordd
519,Dorf::N,авыл,pentref
520,Stadt::N,шәһәр,tref
521,Brief::N,хат,llythyr
522,Buch::N,китап,llyfr
523,Buchstabe::N,хәреф,llythyren
524,Zeitung::N,газет,papur newydd
525,Zeitung::N,газета,papur newydd
526,Leben::N,гомер,bywyd
527,Leben::N,тормыш,bywyd
528,Leben::N,тереклек,bywyd
529,Tod::N,үлем,marwolaeth
530,Grab::N,гүр,bedd
531,Grab::N,кабер,bedd
532,Kirche::N,чиркәү,eglwys
533,Sünde::N,язык,pechod
534,Sünde::N,гөнаһ,pechod
535,Gott::N,алла,duw
536,Gott::N,ходай,duw
537,Arbeiter::N,эшче,gweithiwr
538,Chef::N,башлык,pennaeth
539,Meister::N,оста,meistr
540,Arzt::N,врач,meddyg
541,Arzt::N,табиб,meddyg
542,Lehrer::N,укытучы,athro
543,Lehrer::N,мөгаллим,athro
544,Geld::N,акча,pres
545,Geld::N,акча,arian
546,Geschäft::N,эш,busnes
547,Laden::N,кибет,siop
548,Laden::N,магазин,siop
549,Preis::N,бәя,pris
550,Preis::N,бәһа,pris
551,Ware::N,товар,nwydd
552,Nutzen::N,файда,elw
553,Nutzen::N,файда,budd
554,Reichtum::N,байлык,cyfoeth
555,Welt::N,дөнья,byd
556,Land::N,ил,gwlad
557,Staat::N,дәүләт,gwladwriaeth
558,König::N,патша,brenin
559,Macht::N,хакимият,grym
560,Macht::N,хакимият,awdurdod
561,Grenze::N,чик,ffin
562,Grenze::N,чик,goror
563,Krieg::N,сугыш,rhyfel
564,Feind::N,дошман,gelyn
565,Gewalt::N,көчләү,ffyrnigrwydd
566,Kampf::N,көрәш,brwydr
567,Bogen[Waffe]::N,җәя,bwa
568,Pfeil::N,ук,saeth
569,Gewehr::N,мылтык,dryll
570,Fehler::N,хата,gwall
571,Fehler::N,хата,camgymeriad
572,Lüge::N,ялган,celwydd
573,Lüge::N,ялган,anwiredd
574,Schaden::N,зыян,niwed
575,Schaden::N,зыян,difrod
576,Schaden::N,зарар,niwed
577,Schaden::N,зарар,difrod
578,Unglück::N,бәла,anffawd
579,Schuld::N,гаеп,bai
580,Alter::N,яшь,oed
581,Schluss::N,ахыр,diwedd
582,Zeit::N,заман,amser
583,Tag::N,көн,dydd
584,Tag::N,көн,diwrnod
585,Morgen::N,иртә,bore
586,Mittag::N,өйлә,nawn
587,Abend::N,кич,noswaith
588,Nacht::N,төн,nos
589,Woche::N,атна,wythnos
590,Monat::N,ай,mis
591,Jahr::N,ел,blwyddyn
592,Frühling::N,яз,gwanwyn
593,Sommer::N,җәй,haf
594,Herbst::N,көз,hydref
595,Winter::N,кыш,gaeaf
596,Januar::N,гыйнвар,Ionawr
597,Februar::N,февраль,Chwefror
598,März::N,март,Mawrth
599,April::N,апрель,Ebrill
600,Mai::N,май,Mai
601,Juni::N,июнь,Mehefin
602,Juli::N,июль,Gorffennaf
603,August::N,август,Awst
604,September::N,сентябрь,Medi
605,Oktober::N,октябрь,Hydref
606,November::N,ноябрь,Tachwedd
607,Dezember::N,декабрь,Rhagfyr
608,Montag::N,дүшәмбе,dydd Llun
609,Dienstag::N,сишәмбе,dydd Mawrth
610,Mittwoch::N,чәршәмбе,dydd Mercher
611,Donnerstag::N,атнакич,dydd Iau
612,Donnerstag::N,пәнҗешәмбе,dydd Iau
613,Freitag::N,җомга,dydd Gwener
614,Samstag::N,шимбә,dydd Sadwrn
615,Sonntag::N,якшәмбе,dydd Sul
616,groß::A,зур,mawr
617,klein::A,кечкенә,bach
618,lang::A,озын,hir
619,kurz::A,кыска,byr
620,kurz::A,кыска,cwta
621,breit::A,киң,llydan
622,schmal::A,кысык,cul
623,dicht::A,куе,dwys
624,dick[Gegenstand]::A,калын,trwchus
625,dünn::A,нечкә,tenau
626,fein::A,нәзакәтле,main
627,fest::A,нык,cadarn
628,flach::A,яссы,gwastad
629,flach::A,ялпак,gwastad
630,glatt::A,шома,llyfn
631,hart::A,каты,caled
632,weich::A,йомшак,meddal
633,rund::A,түгәрәк,crwn
634,spitz::A,очлы,pigfain
635,scharf::A,үткен,miniog
636,stumpf::A,үтмәс,pŵl
637,schwer::A,салмак,trwm
638,schön::A,гүзәл,teg
639,schön::A,гүзәл,hardd
640,schön::A,гүзәл,prydferth
641,heiß::A,эссе,poeth
642,warm::A,җылы,twym
643,warm::A,җылы,cynnes
644,kalt::A,суык,oer
645,kalt::A,салкын,oer
646,kühl::A,салкынча,oeraidd
647,frisch::A,салкынча,iach
648,feucht::A,юеш,llaith
649,nass::A,дымлы,gwlyb
650,trocken::A,коры,sych
651,voll::A,тулы,llawn
652,leer::A,буш,gwag
653,offen::A,ачык,agored
654,geschlossen::A,йомык,caead
655,geschlossen::A,йомык,caeëdig
656,sauber::A,пакь,glân
657,sauber::A,чиста,glân
658,schmutzig::A,керле,budr
659,schmutzig::A,керле,brwnt
660,schmutzig::A,пычрак,budr
661,schmutzig::A,пычрак,brwnt
662,roh::A,чи,amrwd
663,reif::A,өлгергән,aeddfed
664,lecker::A,тәмле,blasus
665,lecker::A,тәмле,danteithiol
666,süß::A,татлы,melys
667,bitter::A,ачы,chwerw
668,sauer::A,әче,sur
669,hell::A,якты,disglair
670,dunkel::A,кара,tywyll
671,schwarz::A,кара,du
672,weiß::A,ак,gwyn
673,rot::A,кызыл,coch
674,gelb::A,сары,melyn
675,blau::A,күк,glas
676,grün::A,яшел,gwyrdd
677,grau::A,соры,llwyd
678,bunt::A,чуар,lliwgar
679,billig::A,арзан,rhad
680,teuer::A,хаклы,drud
681,wertvoll::A,кыйммәтле,gwerthfawr
682,blind::A,сукыр,dall
683,blind::A,күзсез,dall
684,taub::A,чукрак,byddar
685,taub::A,саңгырау,byddar
686,kräftig::A,егәрле,nerthol
687,kräftig::A,егәрле,grymus
688,stark::A,нык,cryf
689,stark::A,нык,cadarn
690,stark::A,базык,cryf
691,stark::A,базык,cadarn
692,schwach::A,зәгыйфь,gwan
693,fett::A,симез,tew
694,schlank::A,нәзек,main
695,hübsch::A,чибәр,tlws
696,böse::A,усал,drwg
697,dumm::A,акылсыз,twp
698,faul::A,ялкау,diog
699,faul::A,иренчәк,diog
700,fleißig::A,тырыш,dyfal
701,fleißig::A,тырышучан,dyfal
702,geizig::A,саран,crintach
703,geizig::A,саран,cybyddlyd
704,klug::A,акыллы,deallus
705,geschickt::A,маһир,medrus
706,geschickt::A,маһир,deheuig
707,lieb::A,сөекле,hoff
708,lieb::A,сөекле,annwyl
709,lustig::A,күңелле,llon
710,sanft::A,басынкы,mwyn
711,hungrig::A,ач,newynog
712,krank::A,чирле,sâl
713,krank::A,чирле,gwael
714,krank::A,сырхау,sâl
715,krank::A,сырхау,gwael
716,nackt::A,шәрә,noeth
717,traurig::A,ямансу,trist
718,lebendig::A,тере,yn fyw
719,gut::A,яхшы,da
720,schlecht::A,начар,drwg
721,schlecht::A,начар,gwael
722,richtig::A,дөрес,cywir
723,schlimm::A,әшәкә,enbyd
724,wahr::A,чып-чын,gwir
725,alt::A,иске,hen
726,neu::A,яңа,newydd
727,ehemalig::A,элекке,blaenorol
728,alt[Lebewesen]::A,карт,oedrannus
729,jung::A,яшь,ifanc
730,arm::A,фәкыйрь,tlawd
731,reich::A,бай,cyfoethog
732,bekannt::A,таныш,cynefin
733,bekannt::A,таныш,cyfarwydd
734,berühmt::A,атаклы,enwog
735,fremd::A,ят,estron
736,verschieden::A,төрле,gwahanol
737,nah::A,якын,agos
738,fern::A,ерак,pell
739,linker::A,сул,aswy
740,linker::A,сул,chwith
741,rechter::A,уң,de
742,rechter::A,уң,deau
743,anderer::A,бүтән,arall
744,erster::A,беренче,cyntaf
745,zweiter::A,икенче,ail
746,dritter::A,өченче,trydydd
747,letzter::A,ахыргы,olaf
748,allein::ADV,ялгыз,unig
749,allein::ADV,ялгыз,ar ei ben ei hun
750,auf einmal::ADV,бердән,ar yr un pryd
751,zusammen::ADV,бергә,ynghyd
752,zusammen::ADV,бергә,gyda'i gilydd
753,lange::ADV,озак,amser hir
754,plötzlich::ADV,искәрмәстән,yn sydyn
755,sofort::ADV,хәзер,ar unwaith
756,später::ADV,соңрак,yn ddiweddarach
757,jetzt::ADV,хәзер,yn awr
758,heute::ADV,бүген,heddiw
759,morgen::ADV,иртәгә,yfory
760,bald::ADV,тиздән,yn fuan
761,bald::ADV,тиздән,gyda hyn
762,dann::ADV,аннары,yna
763,dann::ADV,аннары,y pryd hwnnw
764,gestern::ADV,кичә,ddoe
765,einst::ADV,берчак,gynt
766,damals::ADV,ул вакытта,ar y pryd
767,damals::ADV,ул вакытта,bryd hynny
768,damals::ADV,ул чакта,ar y pryd
769,damals::ADV,ул чакта,bryd hynny
770,danach::ADV,да,wedyn
771,vorher::ADV,элек,o'r blaen
772,zuerst::ADV,башта,yn gyntaf
773,einmal::ADV,бер,unwaith
774,einmal::ADV,бер мәртәбә,unwaith
775,manchmal::ADV,кайчакта,weithiau
776,manchmal::ADV,кайчакта,ar brydiau
777,oft::ADV,еш,yn aml
778,oft::ADV,еш,yn fynych
779,immer::ADV,һәркайчан,bob amser
780,niemals::ADV,hичбер вакыт,ni ... byth
781,niemals::ADV,hичбер вакыт,ni ... erioed
782,hier::ADV,монда,yma
783,hier::ADV,биредә,yma
784,hierhin::ADV,монда,hyd yma
785,von hier::ADV,моннан,oddi yma
786,dort::ADV,анда,acw
787,dorthin::ADV,тегеләй,tuag yno
788,geradeaus::ADV,турыдан-туры,syth ymlaen
789,vorwärts::ADV,алга,ymlaen
790,rückwärts::ADV,кире,yn ôl
791,zurück::ADV,кире,yn ôl
792,unten::ADV,түбәндә,isod
793,unten::ADV,түбәндә,oddi tanodd
794,hinab::ADV,аска,i lawr
795,hinab::ADV,аска,i waered
796,oben::ADV,өстә,fry
797,oben::ADV,югарыда,fry
798,hinauf::ADV,өскә,i fyny
799,hinauf::ADV,өскә,i'r lan
800,überall::ADV,hәркайда,ym mhobman
801,nicht::ADV,түгел,ni
802,nicht::ADV,түгел,nid
803,ein wenig::ADV,бераз,tipyn
804,ein wenig::ADV,бераз,ychydig
805,kaum::ADV,көчкә,prin
806,sehr::ADV,бик,iawn
807,so::ADV,алай,fel
808,so::ADV,алай,felly
809,noch::ADV,янә,eto
810,noch::ADV,тагын,eto
811,nur::ADV,фәкать,yn unig
812,schon::ADV,инде,eisoes
813,schon::ADV,инде,yn barod
814,wieder::ADV,янә,drachefn
815,wieder::ADV,тагын,drachefn
816,vergebens::ADV,юкка,yn ofer
817,vor::PRP,алдыннан,o flaen
818,hinter::PRP,арттан,ar ôl
819,unter::PRP,астында,islaw
820,durch::PRP,аша,trwy
821,neben::PRP,тирәсендә,ar bwys
822,zwischen::PRP,арасында,rhwng
823,zwischen::PRP,арасында,cydrhwng
824,wegen::PRP,сәбәпле,o achos
825,wegen::PRP,сәбәпле,oherwydd
826,dies::PRN,бу,hyn
827,das::PRN,ул,hynny
828,alles::PRN,һәммә,popeth
829,ich::PRN,мин,fi
830,du::PRN,син,ti
831,er::PRN,ул,fe
832,wir::PRN,без,ni
833,ihr::PRN,сез,chi
834,sie::PRN,ул,hwy
835,was::FPRN,ни,pa beth
836,was::FPRN,нәрсә,pa beth
837,wer::FPRN,кем,pwy
838,wo::FADV,кайда,ble
839,wo::FADV,кайда,ym mha le
840,wohin::FADV,кая,i ble
841,wohin::FADV,кая,i ba le
842,wie::FADV,ничек,sut
843,warum::FADV,нигә,pam
844,wieviel::FNUM,ничә,faint
845,eins::NUM,бер,un
846,zwei::NUM,ике,dau
847,drei::NUM,өч,tri
848,vier::NUM,дүрт,pedwar
849,fünf::NUM,биш,pump
850,sechs::NUM,алты,chwech
851,sieben::NUM,җиде,saith
852,acht::NUM,сигез,wyth
853,neun::NUM,тугыз,naw
854,zehn::NUM,ун,deg
855,elf::NUM,унбер,un ar ddeg
856,zwölf::NUM,унике,deuddeg
857,zwölf::NUM,унике,un deg dau
858,zwanzig::NUM,егерме,ugain
859,dreißig::NUM,утыз,tri deg
860,dreißig::NUM,утыз,deg ar hugain
861,vierzig::NUM,кырык,deugain
862,fünfzig::NUM,илле,hanner cant
863,sechzig::NUM,алтмыш,chwe deg
864,siebzig::NUM,җитмеш,saith deg
865,siebzig::NUM,җитмеш,deg a thrigain
866,achtzig::NUM,сиксән,wyth deg
867,achtzig::NUM,сиксән,pedar ugain
868,neunzig::NUM,туксан,naw deg
869,neunzig::NUM,туксан,deg a phedwar ugain
870,hundert::NUM,йөз,cant
871,tausend::NUM,мең,mil
872,und::CNJ,вә,a
873,oder::CNJ,яки,neu
874,oder::CNJ,яисә,neu
875,stehen::V,тору,sefyll
876,sitzen::V,утыру,eistedd
877,liegen::V,яту,gorwedd
878,hängen::V,эленү,hongian
879,werden::V,булу,dod yn
880,werden::V,булу,mynd yn
881,passieren::V,булу,digwydd
882,beginnen::V,башлану,cychwyn
883,enden::V,бетү,gorffen
884,wechseln::V,үзгәртү,newid
885,aufgehen[Sonne]::V,чыгу,codi
886,untergehen[Sonne]::V,бату,machlud
887,scheinen[Sonne]::V,яктырту,tywynnu
888,donnern::V,күкрәү,taranu
889,wehen::V,исү,chwythu
890,strömen::V,агу,ffrydio
891,fließen::V,агу,llifo
892,sich drehen::V,бөтерелү,troi
893,sich drehen::V,бөтерелү,cylchdroi
894,schwanken::V,икеләнү,siglo
895,schwingen::V,тирбәлү,siglo
896,fallen::V,егылу,cwympo
897,brennen::V,яну,llosgi
898,rauchen::V,төтәү,mygu
899,rauchen::V,төтенләү,mygu
900,regnen::V,яву,glawio
901,gefrieren::V,кату,rhewi
902,tauen::V,эрү,toddi
903,tauen::V,эрү,meirioli
904,tauen::V,эретү,toddi
905,tauen::V,эретү,meirioli
906,schmelzen::V,эрү,toddi
907,schmelzen::V,эретү,toddi
908,trocknen::V,кибү,sychu
909,sieden::V,ургылу,berwi
910,faulen::V,черү,pydru
911,faulen::V,черү,braenu
912,verfaulen::V,черү,pydru
913,verfaulen::V,черү,dadfeilio
914,reißen::V,өзелү,clecian
915,reißen::V,өзелү,torri'n glats
916,versinken::V,бату,suddo
917,vergehen::V,авышу,myned heibio
918,vergehen::V,авышу,pasio
919,erscheinen::V,пәйда булу,ymddangos
920,verschwinden::V,югалу,diflannu
921,verschwinden::V,юк булу,diflannu
922,sinken::V,кимү,syrthio
923,sinken::V,кайту,syrthio
924,abnehmen::V,азаю,lleihau
925,zunehmen::V,арту,cynyddu
926,zunehmen::V,күбәю,cynyddu
927,zunehmen::V,ишәю,cynyddu
928,steigen::V,үсү,codi
929,wachsen::V,үсү,tyfu
930,glänzen::V,ялкылдау,disgleirio
931,funkeln::V,ялтырау,pefrio
932,lärmen::V,шаулау,cadw sŵn
933,lärmen::V,шаулау,gwneud twrw
934,läuten::V,шалтырату,canu
935,klingeln::V,шалтырату,canu
936,klingeln::V,шалтырату,seinio
937,klirren::V,чылтырау,tincian
938,brausen::V,давыллау,rhuo
939,brausen::V,дулау,rhuo
940,rauschen::V,кыштырдау,siffrwd
941,rauschen::V,кыштырдау,chwithrwd
942,klingen::V,ишетелү,seinio
943,bellen::V,өрү,cyfarth
944,heulen::V,улау,udo
945,heulen::V,улау,oernadu
946,blasen::V,өрү,chwythu
947,pfeifen::V,сызгырту,chwibanu
948,schreien::V,кычкыру,gweiddi
949,schreien::V,кычкыру,bloeddio
950,stöhnen::V,ыңгырашу,griddfan
951,zittern::V,калтырау,crynu
952,zittern::V,калтырану,crynu
953,leben::V,яшәү,byw
954,leben::V,гомер итү,byw
955,geboren werden::V,туу,cael eich geni
956,atmen::V,сулау,anadlu
957,trinken::V,эчү,yfed
958,essen::V,ашау,bwyta
959,schlucken::V,йоту,llyncu
960,müde werden::V,ялыгу,blino
961,müde werden::V,йөгенү,blino
962,einschlafen::V,йокыга китү,mynd i gysgu
963,einschlafen::V,йокыга китү,syrthio i gysgu
964,schlafen::V,йоклау,huno
965,schlafen::V,йоклау,cysgu
966,aufwachen::V,уяну,dihuno
967,aufstehen::V,тору,codi
968,sich erholen::V,ял алу,ymlacio
969,sich erholen::V,ял алу,dadflino
970,sich erholen::V,истирахәт итү,ymlacio
971,sich erholen::V,истирахәт итү,dadflino
972,krank werden::V,чирләү,mynd yn sâl
973,krank werden::V,чирләү,mynd yn wael
974,krank sein::V,чирләү,gwaelu
975,schmerzen::V,авырту,brifo
976,husten::V,ютәлләү,pesychu
977,genesen::V,савыгу,gwella
978,genesen::V,савыгу,cael yn ôl
979,genesen::V,сәламәтләнү,gwella
980,genesen::V,сәламәтләнү,cael yn ôl
981,sterben::V,үлү,marw
982,sterben::V,дөнья кую,marw
983,sterben::V,вафат булу,marw
984,umkommen::V,үлү,trengi
985,sich bewegen::V,йөрү,symud
986,sich rühren::V,кыймылдау,syflyd
987,sich erheben::V,басу,codi
988,sich setzen::V,утыру,eistedd
989,hinfallen::V,егылу,cwympo
990,laufen::V,җәяүләү,cerdded
991,schreiten::V,атлау,camu
992,spazierengehen::V,йөрү,mynd am dro
993,spazierengehen::V,йөргенү,mynd am dro
994,eilen::V,ашыгу,rhuthro
995,sich beeilen::V,ашыгу,brysio
996,sich beeilen::V,кызулау,brysio
997,sausen::V,җилдерү,rhuthro
998,rennen::V,йөгерү,rhedeg
999,springen::V,сикерү,llamu
1000,springen::V,сикерү,neidio
1001,klettern::V,үрмәләү,dringo
1002,schaukeln::V,атыну,siglo
1003,kriechen::V,шуышу,cropian
1004,kriechen::V,үрмәләү,cropian
1005,schwimmen::V,йөзү,nofio
1006,tauchen::V,чуму,plymio
1007,tauchen::V,чуму,ymsuddo
1008,rudern::V,ишү,rhwyfo
1009,fahren::V,бару,gyrru
1010,fahren::V,бару,dreifio
1011,fliegen::V,очу,hedfan
1012,gehen::V,йөрү,mynd
1013,weggehen::V,китү,mynd
1014,weggehen::V,китү,ymadael
1015,abfahren::V,кузгалу,ymadael
1016,anhalten::V,тукталу,stopio
1017,hineingehen::V,инү,mynd i mewn
1018,eintreten::V,инү,mynd i
1019,kommen::V,килү,dod
1020,ankommen::V,бару,cyrraedd
1021,zurückkommen::V,кире кайту,dychwelyd
1022,bleiben::V,калу,aros
1023,bleiben::V,калу,sefyll
1024,warten::V,көтү,aros
1025,warten::V,көтү,disgwyl
1026,erwarten::V,көтү,disgwyl
1027,suchen::V,эзләү,chwilio am
1028,finden::V,табу,darganfod
1029,versuchen::V,маташу,profi
1030,versuchen::V,маташу,ceisio
1031,vorbereiten::V,хәзерләү,paratoi
1032,lieben::V,сөю,caru
1033,lieben::V,ярату,caru
1034,mögen::V,өнәү,hoffi
1035,lachen::V,көлү,chwerthin
1036,rühren::V,дулкынландыру,cynhyrfu
1037,weinen::V,елау,wylo
1038,weinen::V,елау,llefain
1039,schimpfen::V,сүгү,grwgnach
1040,schimpfen::V,сүгенү,grwgnach
1041,sich ärgern::V,ачулану,gofidio
1042,sich fürchten::V,курку,ofni
1043,fürchten::V,калтырау,arswydo
1044,fürchten::V,калтырану,arswydo
1045,fliehen::V,арка бирү,ffoi
1046,flüchten::V,качу,dianc
1047,sehen::V,күрү,gweld
1048,anschauen::V,карау,syllu
1049,anschauen::V,карау,edrych
1050,ansehen::V,карау,gwylio
1051,ansehen::V,күзәтү,gwylio
1052,hören::V,ишетү,clywed
1053,zuhören::V,тыңлау,gwrando
1054,probieren::V,тату,profi
1055,riechen::V,иснәү,arogli
1056,fühlen::V,тою,teimlo
1057,fühlen::V,тою,clywed
1058,fühlen::V,сизү,teimlo
1059,fühlen::V,сизү,clywed
1060,scheinen::V,күренү,ymddangos
1061,zu sehen sein::V,күренү,dod i'r golwg
1062,vernehmen::V,ишетү,clywed sôn am
1063,frieren::V,өшү,bod yn oer
1064,frieren::V,күшегү,bod yn oer
1065,tun::V,итү,gwneud
1066,können::V,алу,gallu
1067,wollen::V,теләү,bod mewn angen
1068,anfangen::V,керешү,dechrau
1069,beenden::V,бетерү,darfod
1070,beenden::V,бетерү,gorffen
1071,beenden::V,тәмамлау,darfod
1072,beenden::V,тәмамлау,gorffen
1073,aufhören::V,бетү,peidio
1074,gelingen::V,уңу,llwyddo
1075,geraten::V,сабышу,diweddu
1076,öffnen::V,ачу,agor
1077,schließen::V,ябу,cau
1078,stellen::V,кую,gosod
1079,setzen::V,утырту,gosod
1080,legen::V,яткыру,gosod
1081,berühren::V,тию,cyffwrdd
1082,verbinden::V,ялгау,cysylltu
1083,bedecken::V,өрту,gorchuddio
1084,bedecken::V,каплау,gorchuddio
1085,bedecken::V,томалау,gorchuddio
1086,aufhängen::V,асу,crogi
1087,aufhängen::V,асу,hongian
1088,anzünden::V,кабызу,cynnau
1089,aufheben::V,күтәрү,codi
1090,zurücklassen::V,калдыру,gadael
1091,verlieren::V,югалту,colli
1092,fallen lassen::V,төшерү,gollwng
1093,machen::V,ясау,gwneud
1094,machen::V,эшләү,gwneud
1095,herstellen::V,ясау,cynhyrchu
1096,bauen::V,кору,adeiladu
1097,reparieren::V,төзәтү,trwsio
1098,reparieren::V,төзәтү,atgyweirio
1099,verbessern::V,яхшырту,diwygio
1100,ändern::V,үзгәртү,altro
1101,graben::V,казу,palu
1102,graben::V,казу,cloddio
1103,beugen::V,ию,plygu
1104,biegen::V,бөгү,plygu
1105,drehen::V,бору,troelli
1106,drehen::V,бөтерү,troelli
1107,wenden::V,бору,troi
1108,umdrehen::V,түнтәрү,troi
1109,heben::V,күтәрү,codi
1110,hochheben::V,күтәрү,dyrchafu
1111,ergreifen::V,эләктерү,gafael
1112,halten::V,тоту,dal
1113,drücken::V,кысу,pwyso
1114,drücken::V,кысу,gwasgu
1115,schieben::V,кузгату,gwthio
1116,kratzen::V,тырнау,crafu
1117,lecken::V,ялау,llyfu
1118,beißen::V,тешләү,cnoi
1119,beißen::V,тешләү,brathu
1120,abreißen::V,өзү,tynnu ymaith
1121,abschneiden::V,кыю,torri
1122,abschneiden::V,кисү,torri
1123,binden::V,бәйләү,clymu
1124,stecken::V,төртү,plannu
1125,stecken::V,тыгу,plannu
1126,brechen::V,сындыру,torri
1127,klopfen::V,шаку,taro
1128,klopfen::V,шакылдау,taro
1129,hauen::V,кыйнау,taro
1130,kleben::V,ябыштыру,gludio
1131,reiben::V,ышку,rhwbio
1132,streichen::V,ягу,taenu
1133,schleifen::V,кайрау,hogi
1134,schneiden::V,кисү,torri
1135,rütteln::V,селкетү,ysgytio
1136,schütteln::V,селкетү,siglo
1137,schütteln::V,селкетү,ysgwyd
1138,schwenken::V,болгау,siglo
1139,schütten::V,кою,tywallt
1140,füllen::V,тутыру,llenwi
1141,einwickeln::V,төрү,lapio
1142,tragen::V,ташу,cludo
1143,schleppen::V,сөйрәү,llusgo
1144,schleppen::V,өстерәү,llusgo
1145,ziehen::V,тарту,tynnu
1146,aufbewahren::V,саклау,cadw
1147,werfen::V,ыргыту,taflu
1148,fangen::V,тоту,dal
1149,packen::V,эләктерү,cipio
1150,packen::V,эләктерү,crafangu
1151,verstecken::V,яшерү,celu
1152,verstecken::V,яшерү,cuddio
1153,teilen::V,бүлү,rhannu
1154,schicken::V,җибәрү,anfon
1155,bringen::V,китерү,dod â
1156,hinzufügen::V,өстәү,chwanegu
1157,bekommen::V,алу,cael
1158,erhalten::V,алу,derbyn
1159,nehmen::V,алу,cymryd
1160,wählen::V,сайлау,dewis
1161,auswählen::V,сайлау,dethol
1162,bewahren::V,саклау,cadw
1163,behindern::V,комачаулау,atal
1164,behindern::V,комачаулау,rhwystro
1165,verderben::V,бозу,difetha
1166,beschädigen::V,бозу,niweidio
1167,zerbrechen::V,вату,torri
1168,zerreißen::V,өзү,rhwygo
1169,zerreißen::V,ерту,rhwygo
1170,zerstören::V,җимерү,dinistrio
1171,verbrennen::V,яндыру,llosgi
1172,verbrennen::V,көйдерү,llosgi
1173,geben::V,бирү,rhoi
1174,reichen::V,тапшыру,estyn
1175,schenken::V,бүләкләү,rhoddi
1176,versprechen::V,вәгъдә бирү,addo
1177,wünschen::V,котлау,dymuno
1178,loben::V,мактау,canmol
1179,küssen::V,үбү,cusanu
1180,wiegen::V,тирбәтү,siglo
1181,zudecken::V,ябу,gorchuddio
1182,zudecken::V,бөркәү,gorchuddio
1183,wecken::V,уяту,deffro
1184,zeigen::V,күрсәтү,dangos
1185,führen::V,йөртү,arwain
1186,lehren::V,өйрәтү,dysgu
1187,unterrichten::V,укыту,hyfforddi
1188,aufziehen::V,асрау,dod i fyny
1189,leiten::V,җитәкләү,arwain
1190,antreiben::V,куалау,annog
1191,antreiben::V,әйдәләү,annog
1192,antreiben::V,ашыктыру,annog
1193,lassen::V,мәҗбүр итү,gadael
1194,einladen::V,чакыру,gwahodd
1195,vereinigen::V,берләштерү,uno
1196,vereinigen::V,берләштерү,cyfuno
1197,besuchen::V,керешү,ymweld â
1198,treffen::V,очрату,cwrdd
1199,treffen::V,очрату,cyfarfod
1200,sich versammeln::V,җыелышу,casglu
1201,sich versammeln::V,җыелышу,cynnull
1202,spielen::V,уйнау,chwarae
1203,singen::V,җырлау,canu
1204,tanzen::V,бию,dawnsio
1205,sich trennen::V,аерылу,ymwahanu
1206,sich trennen::V,ташлашу,ymwahanu
1207,verlassen::V,ташлау,gadael
1208,verlassen::V,калдыру,gadael
1209,retten::V,коткару,achub
1210,bewachen::V,каравыллау,gwarchod
1211,schützen::V,ышыклау,noddi
1212,verteidigen::V,яклау,amddiffyn
1213,verteidigen::V,саклау,amddiffyn
1214,sich schlagen::V,сугышу,ffraeo
1215,sich schlagen::V,сугышу,terfysgu
1216,schießen::V,ату,saethu
1217,siegen::V,җиңү,ennill
1218,ärgern::V,ачуландыру,cythruddo
1219,schlagen::V,ору,curo
1220,schlagen::V,бәрү,curo
1221,schlagen::V,тукмау,curo
1222,treten::V,тибү,cicio
1223,stechen::V,кадау,pigo
1224,stoßen::V,этү,gwthio
1225,stehlen::V,урлау,dwyn
1226,stehlen::V,урлау,lladrata
1227,stören::V,комачаулау,aflonyddu
1228,belästigen::V,борчу,trafferthu
1229,belästigen::V,билмазалау,trafferthu
1230,verbergen::V,яшерү,cuddio
1231,täuschen::V,алдату,twyllo
1232,betrügen::V,хәрәмләшү,hocedu
1233,töten::V,үтерү,lladd
1234,wohnen::V,яшәү,byw
1235,arbeiten::V,эшләү,gweithio
1236,sammeln::V,туплау,casglu
1237,pflücken::V,өзү,casglu
1238,jagen::V,аулау,hela
1239,fischen::V,балык тоту,pysgota
1240,fassen::V,тоту,dal
1241,hüten::V,көтү,bugeilio
1242,treiben::V,куалау,gyrru
1243,anbinden::V,бәйләү,clymu
1244,füttern::V,туйдыру,porthi
1245,melken::V,саву,godro
1246,hacken::V,чабу,torri
1247,gießen::V,сугару,dyfrhau
1248,reifen::V,җитешү,aeddfedu
1249,zubereiten::V,пешеренү,coginio
1250,kochen::V,пешерү,berwi
1251,kochen::V,кайнату,berwi
1252,backen::V,пешерү,pobi
1253,backen::V,пешерү,crasu
1254,braten::V,куыру,ffrio
1255,braten::V,кыздыру,ffrio
1256,umrühren::V,бутау,cyffroi
1257,umrühren::V,болгату,cyffroi
1258,stricken::V,бәйләү,gwau
1259,nähen::V,тегү,gwnïo
1260,färben::V,ману,lliwio
1261,reinigen::V,чистарту,glanhau
1262,waschen::V,юу,golchi
1263,abwischen::V,сөртү,sychu
1264,spülen::V,чайкау,streulio
1265,fegen::V,себерү,ysgubo
1266,kehren::V,себерү,ysgubo
1267,baden::V,коену,cael bath
1268,sich waschen::V,юыну,ymolchi
1269,ausziehen::V,чишенү,tynnu
1270,anziehen::V,кию,gwisgo
1271,sich anziehen::V,киенү,ymwisgo
1272,kämmen::V,тарау,cribo
1273,schmücken::V,бизәү,harddu
1274,schmücken::V,бизәү,addurno
1275,schmücken::V,бизәкләү,harddu
1276,schmücken::V,бизәкләү,addurno
1277,sagen::V,дию,dweud
1278,sagen::V,әйтү,dweud
1279,sprechen::V,сөйләү,llefaru
1280,sprechen::V,сөйләшү,llefaru
1281,reden::V,сөйләү,siarad
1282,sich unterhalten::V,сөйләшү,sgwrsio
1283,fragen::V,сорау,gofyn
1284,fragen::V,сорашу,gofyn
1285,bitten::V,үтенү,gofyn am
1286,erzählen::V,сөйләү,dweud
1287,mitteilen::V,белдерү,cyfleu
1288,nennen::V,дию,enwi
1289,rufen::V,дәшү,galw
1290,prahlen::V,мактану,brolio
1291,prahlen::V,мактану,ymffrostio
1292,prahlen::V,шапырыну,brolio
1293,prahlen::V,шапырыну,ymffrostio
1294,übersetzen::V,күчерү,cyfieithu
1295,denken::V,уйлау,meddwl
1296,glauben::V,инану,credu
1297,glauben::V,инану,coelio
1298,bemerken::V,искәрү,sylwi
1299,erkennen::V,тану,adnabod
1300,begreifen::V,аңлау,amgyffred
1301,begreifen::V,төшенү,amgyffred
1302,verstehen::V,аңлау,deall
1303,verstehen::V,төшенү,deall
1304,lernen::V,уку,dysgu
1305,lernen::V,өйрәнү,dysgu
1306,wissen::V,белү,gwybod
1307,sich erinnern an::V,хәтерләү,cofio
1308,vergessen::V,оныту,anghofio
1309,messen::V,үлчәү,mesur
1310,zählen::V,санау,cyfrif
1311,rechnen::V,исәпләү,cyfrifo
1312,lesen::V,уку,darllen
1313,malen::V,рәсем ясау,peintio
1314,malen::V,сурәт ясау,peintio
1315,malen::V,сурәтләү,peintio
1316,zeichnen::V,язу-сызу,tynnu
1317,zeichnen::V,сурәт ясау,tynnu
1318,schreiben::V,язу,ysgrifennu
1319,besitzen::V,биләү,meddu
1320,kaufen::V,алу,prynu
1321,verkaufen::V,сату,gwerthu
1322,bezahlen::V,түләү,talu am
1323,zahlen::V,түләү,talu
1324,beherrschen::V,ия булу,rheoli
1325,beherrschen::V,ия булу,llywodraethu
1326,ertragen::V,чыдау,dioddef
