,Concept_ID,tt,vep
0,Auge::N,күз,sil'm
1,Ohr::N,колак,korv
2,Nase::N,борын,nena
3,Mund::N,авыз,su
4,Mund::N,тамак,su
5,Zahn::N,теш,pi
6,Zahn::N,теш,hambaz
7,Zunge::N,тел,kel'
8,Lippe::N,ирен,hul'
9,Wange::N,яңак,modpolišk
10,Gesicht::N,йөз,mod
11,Stirn::N,маңгай,oc
12,Haar::N,чәч,tuk
13,Haar::N,чәч,hibuz
14,Schnurrbart::N,мыек,habinod
15,Bart::N,сакал,bard
16,Kinn::N,ияк,löug
17,Kiefer[Anatomie]::N,казналык,hambazlu
18,Kehle::N,тамак,kurk
19,Hals::N,бугаз,kagl
20,Genick::N,җилкә,tagarai
21,Kopf::N,баш,pä
22,Rücken::N,сырт,sel'g
23,Bauch::N,корсак,vac
24,Bauch::N,корсак,koht
25,Nabel::N,кендек,naba
26,Busen::N,түш,niža
27,Brust::N,имчәк,rind
28,Brust::N,күкрәк,rind
29,Schulter::N,иңбаш,oug
30,Schulter::N,кулбаш,oug
31,Arm::N,кул,käzi
32,Ellenbogen::N,терсәк,künambruz
33,Hand::N,кул,käzi
34,Hand::N,кул,käzitera
35,Handfläche::N,уч,kämen
36,Finger::N,бармак,sor'm
37,Fingernagel::N,тырнак,künz'
38,Nagel[Anatomie]::N,тырнак,künz'
39,Zeh::N,бармак,barbaz
40,Fuß::N,табан,jaug
41,Ferse::N,үкчә,kand
42,Knie::N,тез,komb
43,Knie::N,тез,pol'v
44,Oberschenkel::N,бот,riiže
45,Bein::N,аяк,jaug
46,Körper::N,тән,hibj
47,Körper::N,җисем,hibj
48,Haut::N,тире,nahk
49,Blut::N,кан,čak
50,Blut::N,кан,veri
51,Ader::N,тамыр,son'
52,Sehne::N,сеңер,jände
53,Knochen::N,сөяк,lu
54,Gehirn::N,ми,aivod
55,Herz::N,йөрәк,südäin
56,Magen::N,ашказаны,südäikoht
57,Leber::N,бавыр,maks
58,Atem::N,сулыш,hengaiduz
59,Hunger::N,ачлык,näl'g
60,Träne::N,яшь,kündal'
61,Geschmack::N,тәм,magu
62,Geschmack::N,зәвык,magu
63,Geruch::N,ис,haju
64,Schlaf::N,йокы,uni
65,Traum::N,төш,unikuva
66,Himmel::N,күк,taivaz
67,Sonne::N,кояш,päiväine
68,Mond::N,ай,kudmaine
69,Stern::N,йолдыз,tähtaz
70,Luft::N,һава,il'm
71,Wind::N,җил,döl
72,Wind::N,җил,tullei
73,Welle::N,дулкын,ald
74,Welle::N,дулкын,laineh
75,Wasser::N,су,vezi
76,Stein::N,таш,kivi
77,Boden::N,туфрак,ma
78,Boden::N,туфрак,pohj
79,Erde::N,җир,ma
80,Staub::N,тузан,pölü
81,Rauch::N,төтен,savu
82,Funke::N,очкын,kibin
83,Feuer::N,ут,lämoi
84,Licht::N,якты,vauktuz
85,Schatten::N,күләгә,pil'vez
86,Schatten::N,күләгә,kuvahaine
87,Wetter::N,һава,sä
88,Nebel::N,томан,sumeg
89,Wolke::N,болыт,pil'v
90,Regen::N,яңгыр,vihm
91,Schnee::N,кар,lumi
92,Eis::N,боз,jä
93,Frost::N,суык,hala
94,Frost::N,суык,pakaine
95,Frost::N,салкын,hala
96,Frost::N,салкын,pakaine
97,Kälte::N,суык,vilu
98,Kälte::N,салкын,vilu
99,Hitze::N,эсселек,räk
100,Raureif::N,бәс,hüde
101,Raureif::N,сыкы,hüde
102,Regenbogen::N,салават күпере,jumalanbembel'
103,Donner::N,күкрәү,juru
104,Donner::N,күкрәү,jumalanjuru
105,Strömung::N,агыш'агым,joksmuz
106,Tropfen::N,тамчы,tilkuine
107,Schaum::N,күбек,vaht
108,Schmutz::N,пычрак,redu
109,Schmutz::N,пычрак,pačak
110,See::N,күл,järv
111,Sumpf::N,саз,so
112,Moor::N,торфлык,so
113,Wiese::N,болын,nit
114,Wald::N,урман,mec
115,Hügel::N,калку,kukaz
116,Anhöhe::N,үр,kukaz
117,Berg::N,тау,mägi
118,Gipfel::N,оч,ladv
119,Höhle::N,мәгарә,mägionduz
120,Abhang::N,кабырга,paute
121,Quelle::N,чишмә,lähte
122,Bach::N,елга,oja
123,Fluss::N,дәрья,jogi
124,Ufer::N,су кырые,rand
125,Küste::N,яр буе,randišt
126,Festland::N,коры җир,kuivma
127,Meer::N,диңгез,meri
128,Bucht::N,бухта,laht
129,Bucht::N,култык,laht
130,Insel::N,атау,sar'
131,Insel::N,утрау,sar'
132,Blume::N,чәчкә,änik
133,Gras::N,үлән,hein
134,Wurzel::N,тамыр,jur'
135,Baum::N,агач,pu
136,Stamm::N,кәүсә,tüvi
137,Rinde::N,кабык,kor'
138,Ast::N,ботак,oks
139,Zweig::N,ботак,oks
140,Zweig::N,ботак,barb
141,Zweig::N,тармак,oks
142,Zweig::N,тармак,barb
143,Blatt::N,яфрак,lehtez
144,Birke::N,каен,koiv
145,Kiefer[Baum]::N,нарат,pedai
146,Weide[Baum]::N,тал,raid
147,Tanne::N,чыршы,kuz'
148,Horn::N,мөгез,sar'v
149,Feder::N,йон,höuneh
150,Fell::N,тире,nahk
151,Flügel::N,канат,suug
152,Klaue::N,тырнак,künz'
153,Kralle::N,тырнак,künz'
154,Schwanz::N,койрык,händ
155,Ei::N,күкәй,muna
156,Ei::N,йомырка,muna
157,Nest::N,оя,peza
158,Bau::N,өн,uru
159,Tier::N,хайван,živat
160,Herde::N,көтү,kogo
161,Kuh::N,сыер,lehm
162,Bulle::N,үгез,härg
163,Pferd::N,ат,hebo
164,Schaf::N,сарык,lambaz
165,Schwein::N,дуңгыз,siga
166,Hund::N,эт,koir
167,Katze::N,песи,kaži
168,Bär::N,аю,kondi
169,Eichhörnchen::N,тиен,orav
170,Elch::N,поши,hirb'
171,Fuchs::N,төлке,reboi
172,Hase::N,куян,jäniš
173,Maus::N,тычкан,hir'
174,Wolf::N,бүре,händikaz
175,Vogel::N,кош,lind
176,Schwarm::N,көтү,parveh
177,Huhn::N,тавык,kana
178,Hahn::N,әтәч,kukoi
179,Gans::N,каз,hanh'
180,Adler::N,каракош,orl
181,Ente::N,үрдәк,sorz
182,Eule::N,ябалак,hir'pulo
183,Kranich::N,торна,kurg
184,Krähe::N,карга,variš
185,Kuckuck::N,күке,kägi
186,Kuckuck::N,кәккүк,kägi
187,Schwan::N,аккош,joucen
188,Fisch::N,балык,kala
189,Barsch::N,алабуга,ahven
190,Hecht::N,чуртан,haug'
191,Schlange[Tier]::N,елан,kü
192,Schlange[Tier]::N,елан,mado
193,Wurm::N,корт,mado
194,Spinne::N,үрмәкүч,hämähouk
195,Ameise::N,кырмыска,murahaine
196,Laus::N,бет,täi
197,Mücke::N,черки,säs'k
198,Mücke::N,озынборын,säs'k
199,Fliege::N,чебен,kärbhaine
200,Schmetterling::N,күбәләк,lipkaine
201,Beere::N,җиләк,marj
202,Apfel::N,алма,jablok
203,Pilz::N,гөмбә,sen'
204,Pilz::N,гөмбә,babuk
205,Zwiebel::N,суган,lauk
206,Zwiebel::N,суганбаш,lauk
207,Saat::N,орлык,semned
208,Korn::N,иген,jüvä
209,Korn::N,иген,vill'
210,Korn::N,орлык,jüvä
211,Korn::N,орлык,vill'
212,Heu::N,печән,hein
213,Schale::N,кабык,kor'
214,Grube::N,баз,kop
215,Grube::N,чокыр,kop
216,Falle::N,тозак,rida
217,Falle::N,капкын,rida
218,Schlinge::N,элмәк,rihm
219,Spur::N,эз,jäl'g
220,Asche::N,көл,tuhk
221,Dreck::N,пычрак,redu
222,Dreck::N,пычрак,pačak
223,Eisen::N,тимер,raud
224,Gold::N,алтын,kuld
225,Silber::N,көмеш,hobed
226,Kohle::N,күмер,hil'
227,Glas::N,пыяла,stökol
228,Lehm::N,балчык,savi
229,Sand::N,ком,lete
230,Mensch::N,адәм,mez'
231,Mensch::N,адәм,ristit
232,Mensch::N,инсан,mez'
233,Mensch::N,инсан,ristit
234,Mann::N,ир,mez'
235,Frau::N,хатын,naine
236,Kind::N,бала,laps'
237,Junge::N,малай,poig
238,Junge::N,малай,prihaine
239,Mädchen::N,кыз,neičukaine
240,Familie::N,гаилә,kanz
241,Familie::N,гаилә,pereh
242,Großvater::N,бабай,ded
243,Großmutter::N,әби,bab
244,Eltern::N,ата-ана,vanhembad
245,Eltern::N,ата-ана,kazvatajad
246,Vater::N,ата,tat
247,Mutter::N,ана,mam
248,Sohn::N,ул,poig
249,Tochter::N,кыз,tütär
250,Bruder::N,кардәш,veik
251,Bruder::N,кардәш,vell'
252,Schwester::N,апа,čiža
253,Schwester::N,апа,sizar
254,Schwester::N,сеңел,čiža
255,Schwester::N,сеңел,sizar
256,Onkel::N,дәдә,däd'
257,Onkel::N,дәдәй,däd'
258,Tante::N,түти,tädi
259,Tante::N,тәтәй,tädi
260,Ehemann::N,ир,mužik
261,Ehefrau::N,хатын,ak
262,Freude::N,сөенеч,ilo
263,Freude::N,сөенеч,ihastuz
264,Gelächter::N,көлү,nagr
265,Gelächter::N,көлеш,nagr
266,Glück::N,бәхет,oza
267,Kummer::N,хәсрәт,gor'a
268,Wunsch::N,теләк,taht
269,Lust::N,теләк,himo
270,Lust::N,теләү,himo
271,Geist::N,рух,heng
272,Gedanke::N,уй,meletuz
273,Gedanke::N,фикер,meletuz
274,Gedächtnis::N,хәтер,mušt
275,Verstand::N,акыл,mel'
276,Sinn::N,мәгънә,jüvä
277,Grund::N,сәбәп,sü
278,Wahrheit::N,хак,tozi
279,Gespräch::N,әңгәмә,lodu
280,Gespräch::N,әңгәмә,pagin
281,Märchen::N,әкият,sarn
282,Erzählung::N,хикәя,sanutez
283,Nachricht::N,хәбәр,tedotuz
284,Neuigkeit::N,яңалык,uzištuz
285,Name::N,исем,nimi
286,Rätsel::N,табышмак,ozoitez
287,Rede::N,нотык,pagin
288,Rede::N,нотык,sanad
289,Sprache::N,тел,kel'
290,Stimme::N,тавыш,än'
291,Wort::N,сүз,sana
292,Zeichen::N,ишарә,znam
293,Ruf::N,дәшү,kida
294,Ruf::N,дәшү,kucund
295,Lärm::N,шау,judu
296,Laut::N,аваз,kulund
297,Ton::N,шалтырату,kulund
298,Lied::N,җыр,pajo
299,Ruhe::N,тынлык,lebu
300,Leute::N,халык,rahvaz
301,Volk::N,халык,rahvaz
302,Arbeit::N,эш,tö
303,Arbeit::N,эш,rad
304,Arbeit::N,хезмәт,tö
305,Arbeit::N,хезмәт,rad
306,Gast::N,кунак,adiv
307,Geschenk::N,бүләк,lahj
308,Spiel::N,уен,vänd
309,Gesellschaft::N,җәмгыять,sebr
310,Hilfe::N,ярдәм,abu
311,Hilfe::N,булышлык,abu
312,Freund::N,дус,sebranik
313,Kamerad::N,иптәш,sebranik
314,Angelegenheit::N,эш,azj
315,Anzahl::N,микъдар,lugu
316,Art::N,төр,rod
317,Art::N,төр,rodsugu
318,Stück::N,кисәк,pala
319,Stück::N,кисәк,supal
320,Teil::N,өлеш,pala
321,Hälfte::N,ярым,pol'
322,Kreis::N,түгәрәк,ümbruz
323,Kreis::N,түгәрәк,kehkruz
324,Kreuz::N,хач,rist
325,Kreuz::N,тәре,rist
326,Linie::N,сызык,pird
327,Strich::N,сызык,pird
328,Abstand::N,ара,keskust
329,Entfernung::N,ераклык,matk
330,Gegend::N,урын,taho
331,Platz::N,бушлык,avaruz'
332,Ort::N,урын,koht
333,Seite::N,як,pol'
334,Seite::N,як,kül'g
335,Mitte::N,урта,kesk
336,Gegenstand::N,нәрсә,kalu
337,Sache::N,нәрсә,azj
338,Rand::N,чит,röun
339,Kante::N,кырый,röun
340,Ecke::N,почмак,saum
341,Spitze::N,оч,agjaine
342,Ende::N,азак,agj
343,Loch::N,тишек,reig
344,Winkel::N,почмак,čoga
345,Winkel::N,почмак,saum
346,Muster::N,парча,kirjam
347,Größe::N,зурлык,suruz'
348,Länge::N,озынлык,piduz
349,Höhe::N,биеклек,korktuz'
350,Gewicht::N,авырлык,jügu
351,Gewicht::N,авырлык,vedäduz
352,Menge::N,микъдар,äjüz'
353,Haufen::N,өем,kogo
354,Reihe::N,рәт,rivi
355,Boot::N,каек,veneh
356,Boot::N,көймә,veneh
357,Ruder::N,ишкәк,air
358,Schlitten::N,чана,regi
359,Schlitten::N,чана,regut
360,Ski::N,чаңгы,suks'
361,Lagerfeuer::N,костёр,nodj
362,Lagerfeuer::N,костёр,pažag
363,Last::N,йөк,jüguz
364,Gang::N,йөреш,astund
365,Schritt::N,адым,hašk
366,Norden::N,төньяк,pohjoine
367,Süden::N,көньяк,suvi
368,Westen::N,көнбатыш,päivlaskm
369,Osten::N,шәрык,päivnouzm
370,Osten::N,көнчыгыш,päivnouzm
371,Holz::N,агач,pu
372,Brett::N,такта,laud
373,Platte::N,плитә,keitim
374,Stütze::N,таяу,tugi
375,Stange::N,колга,arz'
376,Stock::N,таяк,kalu
377,Stab::N,таяк,seibaz
378,Rohr::N,торба,torv
379,Haus::N,өй,pert'
380,Haus::N,йорт,pert'
381,Heim::N,гаилә,kodi
382,Heim::N,нәсел,kodi
383,Ofen::N,мич,päč
384,Fußboden::N,идән,lava
385,Tisch::N,өстәл,laud
386,Tisch::N,өстәл,stal'c
387,Stuhl::N,утыргыч,ištim
388,Wiege::N,бишек,kätte
389,Bett::N,ятак,sija
390,Bett::N,ятак,magaduzsija
391,Bett::N,урын-җир,sija
392,Bett::N,урын-җир,magaduzsija
393,Regal::N,киштә,palič
394,Regal::N,шүрлек,palič
395,Kiste::N,әрҗә,mülütim
396,Fenster::N,тәрәзә,ikun
397,Tür::N,ишек,uks'
398,Tor::N,капка,verai
399,Zaun::N,койма,aid
400,Dach::N,түбә,katuz
401,Leiter::N,баскыч,pordhad
402,Besen::N,себерке,lud
403,Besen::N,себерке,vast
404,Spaten::N,көрәк,labid
405,Schaufel::N,көрәк,labid
406,Gabel::N,чәннечке,hangoine
407,Löffel::N,кашык,luzik
408,Messer::N,пычак,veič
409,Nagel::N,кадак,nagl
410,Netz::N,челтәр,verk
411,Haken::N,ыргак,kouk
412,Griff::N,тотка,kägä
413,Griff::N,тотка,varz'
414,Schloss::N,йозак,lukkol
415,Bild::N,рәсем,kuva
416,Bild::N,картина,kuva
417,Figur::N,сын,figur
418,Figur::N,фигура,figur
419,Puppe::N,курчак,tätüine
420,Beutel::N,луза,havad
421,Bündel::N,бәйләм,toppaz
422,Bündel::N,бәйләм,käč
423,Tasche::N,букча,sumk
424,Eimer::N,чиләк,vädr
425,Deckel::N,капкач,katuz
426,Geschirr::N,савыт-саба,astii
427,Geschirr::N,кашык-аяк,astii
428,Sack::N,капчык,havad
429,Tasse::N,чынаяк,čašk
430,Topf::N,чүлмәк,pada
431,Kessel::N,казан,katil
432,Essen::N,ашау,sönd
433,Nahrung::N,азык,söm
434,Nahrung::N,тәгам,söm
435,Nahrung::N,ашамлык,söm
436,Speise::N,ризык,sömine
437,Fleisch::N,ит,liha
438,Getreide::N,ашлык,vill'
439,Brei::N,ботка,pudr
440,Brot::N,ипи,leib
441,Brot::N,икмәк,leib
442,Scheibe::N,телем,bibaleh
443,Scheibe::N,телем,šlik
444,Fett::N,май,razv
445,Butter::N,май,voi
446,Öl::N,май,voi
447,Salz::N,тоз,sol
448,Suppe::N,шулпа,lem'
449,Suppe::N,шулпа,keitoz
450,Honig::N,бал,mezi
451,Milch::N,сөт,maid
452,Tee::N,чәй,čai
453,Leder::N,күн,nahk
454,Wolle::N,йон,vill
455,Stoff::N,тукыма,kangaz
456,Nadel::N,энә,negl
457,Faden::N,җеп,nit'
458,Knopf::N,төймә,nübl'
459,Knoten::N,төен,sol'm
460,Farbe::N,буяу,muju
461,Kleidung::N,кием,sobad
462,Hemd::N,күлмәк,paid
463,Kragen::N,яка,kagluz
464,Ärmel::N,җиң,hijam
465,Hose::N,чалбар,štanad
466,Gürtel::N,билбау,vö
467,Mütze::N,бүрек,šapuk
468,Schuh::N,башмак,keng'
469,Stiefel::N,итек,sapug
470,Ring::N,балдак,rengaz
471,Band::N,тасма,lentaine
472,Kamm::N,тарак,suga
473,Spiegel::N,көзге,zerkol
474,Riemen::N,каеш,vö
475,Schnur::N,бау,nor
476,Leine::N,тезген,talutimnor
477,Decke::N,юрган,sijakatuz
478,Kissen::N,мендәр,pöluz
479,Tuch::N,яулык,paik
480,Handtuch::N,сөлгә,käzipaik
481,Kraft::N,егәр,vägi
482,Kraft::N,дәрман,vägi
483,Stärke::N,көч,vahvuz'
484,Stärke::N,дәрман,vahvuz'
485,Gesundheit::N,саулык,tervhuz
486,Krankheit::N,чир,läžund
487,Krankheit::N,хаста,läžund
488,Krankheit::N,сырхау,läžund
489,Schmerz::N,авырту,kibu
490,Wunde::N,яра,čapatez
491,Wunde::N,җәрәхәт,čapatez
492,Fieber::N,бизгәк,säru
493,Arznei::N,дару,zel'l'
494,Brücke::N,күпер,sild
495,Brunnen::N,кое,kaiv
496,Weide::N,утлавык,omaluine
497,Pfad::N,сукмак,tehut
498,Weg::N,юл,te
499,Straße::N,урам,te
500,Dorf::N,авыл,külä
501,Stadt::N,шәһәр,lidn
502,Brief::N,хат,kirjeine
503,Buch::N,китап,kirj
504,Buchstabe::N,хәреф,kirjam
505,Zeitung::N,газет,lehtez
506,Zeitung::N,газета,lehtez
507,Leben::N,гомер,elo
508,Leben::N,тормыш,elo
509,Leben::N,тереклек,elo
510,Tod::N,үлем,surm
511,Grab::N,гүр,kaum
512,Grab::N,кабер,kaum
513,Kirche::N,чиркәү,jumalanpert'
514,Sünde::N,язык,grähk
515,Sünde::N,гөнаһ,grähk
516,Gott::N,алла,jumal
517,Gott::N,ходай,jumal
518,Arbeiter::N,эшче,radnik
519,Chef::N,башлык,pämez'
520,Meister::N,оста,mastar
521,Arzt::N,врач,lekar'
522,Arzt::N,табиб,lekar'
523,Lehrer::N,укытучы,opendai
524,Lehrer::N,мөгаллим,opendai
525,Geld::N,акча,rahad
526,Geschäft::N,эш,biznes
527,Laden::N,кибет,lauk
528,Laden::N,магазин,lauk
529,Preis::N,бәя,arv
530,Preis::N,бәһа,arv
531,Ware::N,товар,tavar
532,Nutzen::N,файда,liža
533,Reichtum::N,байлык,kodielo
534,Reichtum::N,байлык,kal'huz'
535,Welt::N,дөнья,mail'm
536,Land::N,ил,ma
537,Staat::N,дәүләт,valdkund
538,König::N,патша,kunigaz
539,Macht::N,хакимият,vald
540,Grenze::N,чик,röun
541,Krieg::N,сугыш,soda
542,Feind::N,дошман,vihanik
543,Feind::N,дошман,vastustai
544,Gewalt::N,көчләү,vägivald
545,Kampf::N,көрәш,tora
546,Bogen[Waffe]::N,җәя,taug
547,Pfeil::N,ук,nol
548,Gewehr::N,мылтык,oružj
549,Fehler::N,хата,viga
550,Lüge::N,ялган,kelastuz
551,Schaden::N,зыян,pahuz'
552,Schaden::N,зарар,pahuz'
553,Unglück::N,бәла,bed
554,Unglück::N,бәла,gor'a
555,Schuld::N,гаеп,värhuz'
556,Alter::N,яшь,igä
557,Schluss::N,ахыр,lop
558,Zeit::N,заман,aig
559,Tag::N,көн,päiv
560,Morgen::N,иртә,homendez
561,Mittag::N,өйлә,keskpäiv
562,Abend::N,кич,eht
563,Nacht::N,төн,ö
564,Woche::N,атна,nedal'
565,Monat::N,ай,ku
566,Jahr::N,ел,voz'
567,Frühling::N,яз,keväz'
568,Sommer::N,җәй,keza
569,Herbst::N,көз,sügüz'
570,Winter::N,кыш,tal'v
571,Januar::N,гыйнвар,viluku
572,Februar::N,февраль,uhoku
573,März::N,март,keväz'ku
574,April::N,апрель,sulaku
575,Mai::N,май,semendku
576,Juni::N,июнь,kezaku
577,Juli::N,июль,heinku
578,August::N,август,eloku
579,September::N,сентябрь,sügüz'ku
580,Oktober::N,октябрь,reduku
581,November::N,ноябрь,kül'mku
582,Dezember::N,декабрь,tal'vku
583,Montag::N,дүшәмбе,ezmärg
584,Dienstag::N,сишәмбе,tožnarg
585,Mittwoch::N,чәршәмбе,koumanz'päiv
586,Donnerstag::N,атнакич,nellänz'päiv
587,Donnerstag::N,пәнҗешәмбе,nellänz'päiv
588,Freitag::N,җомга,pätnič
589,Freitag::N,җомга,videnz'päiv
590,Samstag::N,шимбә,sobat
591,Sonntag::N,якшәмбе,pühäpäiv
592,groß::A,зур,sur'
593,groß::A,зур,järed
594,klein::A,кечкенә,pen'
595,klein::A,кечкенә,pičuine
596,lang::A,озын,pit'k
597,kurz::A,кыска,lühüd
598,breit::A,киң,leved
599,schmal::A,кысык,kaid
600,dicht::A,куе,tihed
601,dick[Gegenstand]::A,калын,paks
602,dünn::A,нечкә,hoik
603,fein::A,нәзакәтле,hen
604,fest::A,нык,luja
605,fest::A,нык,ninev
606,flach::A,яссы,lapak
607,flach::A,ялпак,lapak
608,glatt::A,шома,siled
609,hart::A,каты,kova
610,weich::A,йомшак,pehmed
611,rund::A,түгәрәк,kehker
612,spitz::A,очлы,nügu
613,spitz::A,очлы,terav
614,scharf::A,үткен,terav
615,stumpf::A,үтмәс,tül'c
616,schwer::A,салмак,jüged
617,schön::A,гүзәл,čoma
618,heiß::A,эссе,räk
619,warm::A,җылы,läm'
620,kalt::A,суык,vilu
621,kalt::A,салкын,vilu
622,kühl::A,салкынча,raibak
623,kühl::A,салкынча,viluhk
624,frisch::A,салкынча,lahed
625,feucht::A,юеш,neps
626,feucht::A,юеш,toreh
627,nass::A,дымлы,märg
628,trocken::A,коры,kuiv
629,voll::A,тулы,täuz'
630,leer::A,буш,joudai
631,offen::A,ачык,avoin
632,offen::A,ачык,avol'jaine
633,geschlossen::A,йомык,saubaline
634,sauber::A,пакь,puhtaz
635,sauber::A,чиста,puhtaz
636,schmutzig::A,керле,redukaz
637,schmutzig::A,пычрак,redukaz
638,roh::A,чи,rohk
639,roh::A,чи,toreh
640,reif::A,өлгергән,küps
641,lecker::A,тәмле,magukaz
642,süß::A,татлы,maged
643,bitter::A,ачы,karged
644,sauer::A,әче,muiged
645,hell::A,якты,kirkas
646,hell::A,якты,valgei
647,dunkel::A,кара,pimed
648,schwarz::A,кара,must
649,weiß::A,ак,vauged
650,rot::A,кызыл,rusked
651,gelb::A,сары,pakuine
652,blau::A,күк,sinine
653,grün::A,яшел,vihand
654,grau::A,соры,hahk
655,bunt::A,чуар,kirjav
656,billig::A,арзан,odav
657,teuer::A,хаклы,kalliž
658,wertvoll::A,кыйммәтле,arvokas
659,blind::A,сукыр,soged
660,blind::A,күзсез,soged
661,taub::A,чукрак,kurdiž
662,taub::A,саңгырау,kurdiž
663,kräftig::A,егәрле,vägev
664,stark::A,нык,vahv
665,stark::A,нык,vägekaz
666,stark::A,базык,vahv
667,stark::A,базык,vägekaz
668,schwach::A,зәгыйфь,väll'
669,fett::A,симез,razvakaz
670,schlank::A,нәзек,kapos
671,hübsch::A,чибәр,čoma
672,böse::A,усал,äred
673,böse::A,усал,käred
674,dumm::A,акылсыз,el'getoi
675,faul::A,ялкау,lašk
676,faul::A,иренчәк,lašk
677,fleißig::A,тырыш,radonnavedii
678,fleißig::A,тырышучан,radonnavedii
679,geizig::A,саран,ažlak
680,klug::A,акыллы,melev
681,klug::A,акыллы,melekaz
682,geschickt::A,маһир,mahtokaz
683,lieb::A,сөекле,izo
684,lieb::A,сөекле,sula
685,lustig::A,күңелле,ilokaz
686,sanft::A,басынкы,laskav
687,hungrig::A,ач,näl'ghine
688,krank::A,чирле,läžui
689,krank::A,сырхау,läžui
690,nackt::A,шәрә,alastoi
691,traurig::A,ямансу,opalahine
692,lebendig::A,тере,eläb
693,gut::A,яхшы,hüvä
694,schlecht::A,начар,huba
695,richtig::A,дөрес,oiged
696,schlimm::A,әшәкә,paha
697,wahr::A,чып-чын,todesine
698,alt::A,иске,vanh
699,neu::A,яңа,uz'
700,ehemalig::A,элекке,edeline
701,alt[Lebewesen]::A,карт,ravaz
702,jung::A,яшь,nor'
703,arm::A,фәкыйрь,gol'l'
704,reich::A,бай,elokaz
705,bekannt::A,таныш,tutab
706,berühmt::A,атаклы,tetab
707,fremd::A,ят,veraz
708,verschieden::A,төрле,erazvuitte
709,nah::A,якын,läheline
710,fern::A,ерак,edahaine
711,linker::A,сул,hura
712,rechter::A,уң,oiged
713,anderer::A,бүтән,toine
714,erster::A,беренче,ezmäine
715,zweiter::A,икенче,toine
716,dritter::A,өченче,koumanz'
717,letzter::A,ахыргы,jäl'gmäine
718,allein::ADV,ялгыз,üksnäze
719,auf einmal::ADV,бердән,ühten aigan
720,zusammen::ADV,бергә,ühtes
721,lange::ADV,озак,hätken
722,plötzlich::ADV,искәрмәстән,äkkid
723,sofort::ADV,хәзер,kerdalaz
724,später::ADV,соңрак,möhemba
725,jetzt::ADV,хәзер,nügüd'
726,heute::ADV,бүген,tämbei
727,morgen::ADV,иртәгә,homen
728,bald::ADV,тиздән,pigai
729,dann::ADV,аннары,sid'
730,gestern::ADV,кичә,eglai
731,einst::ADV,берчак,ende
732,einst::ADV,берчак,kerdan
733,damals::ADV,ул вакытта,siloi
734,damals::ADV,ул чакта,siloi
735,danach::ADV,да,sid'
736,vorher::ADV,элек,ende
737,zuerst::ADV,башта,ezmäi
738,einmal::ADV,бер,kerdan
739,einmal::ADV,бер мәртәбә,kerdan
740,manchmal::ADV,кайчакта,erašti
741,oft::ADV,еш,paksus
742,immer::ADV,һәркайчан,kaiken
743,niemals::ADV,hичбер вакыт,ei nikonz
744,hier::ADV,монда,täs
745,hier::ADV,монда,tägä
746,hier::ADV,биредә,täs
747,hier::ADV,биредә,tägä
748,hierhin::ADV,монда,tänna
749,von hier::ADV,моннан,täspäi
750,von hier::ADV,моннан,sid'päi
751,dort::ADV,анда,sigä
752,dorthin::ADV,тегеләй,sinna
753,dorthin::ADV,тегеләй,nakkale
754,geradeaus::ADV,турыдан-туры,kohtha
755,vorwärts::ADV,алга,edehe
756,rückwärts::ADV,кире,sel'gin
757,zurück::ADV,кире,tagaze
758,unten::ADV,түбәндә,alahan
759,hinab::ADV,аска,alaz
760,hinab::ADV,аска,alahaks
761,oben::ADV,өстә,ülähän
762,oben::ADV,югарыда,ülähän
763,hinauf::ADV,өскә,ülez
764,hinauf::ADV,өскә,ülähäks
765,überall::ADV,hәркайда,kaikjal
766,nicht::ADV,түгел,ei
767,ein wenig::ADV,бераз,vähän
768,kaum::ADV,көчкә,habi
769,sehr::ADV,бик,lujas
770,so::ADV,алай,muga
771,so::ADV,алай,ninga
772,noch::ADV,янә,völ
773,noch::ADV,тагын,völ
774,nur::ADV,фәкать,järg
775,nur::ADV,фәкать,vaiše
776,schon::ADV,инде,jo
777,wieder::ADV,янә,möst
778,wieder::ADV,тагын,möst
779,vergebens::ADV,юкка,uhtei
780,vor::PRP,алдыннан,edes
781,hinter::PRP,арттан,taga
782,unter::PRP,астында,al
783,durch::PRP,аша,läbi
784,durch::PRP,аша,kal't
785,neben::PRP,тирәсендә,rindal
786,zwischen::PRP,арасында,keskes
787,wegen::PRP,сәбәпле,tagut
788,dies::PRN,бу,nece
789,das::PRN,ул,se
790,alles::PRN,һәммә,kaik
791,ich::PRN,мин,minä
792,du::PRN,син,sinä
793,er::PRN,ул,hän
794,wir::PRN,без,mö
795,ihr::PRN,сез,tö
796,sie::PRN,ул,hö
797,was::FPRN,ни,mi
798,was::FPRN,нәрсә,mi
799,wer::FPRN,кем,ken
800,wo::FADV,кайда,kus
801,wohin::FADV,кая,kuna
802,wie::FADV,ничек,kut
803,wie::FADV,ничек,mit'
804,warum::FADV,нигә,mikš
805,wieviel::FNUM,ничә,äjak
806,wieviel::FNUM,ничә,kuverz'
807,eins::NUM,бер,üks'
808,zwei::NUM,ике,kaks'
809,drei::NUM,өч,koume
810,vier::NUM,дүрт,nel'l'
811,fünf::NUM,биш,viž
812,sechs::NUM,алты,kuz'
813,sieben::NUM,җиде,seičeme
814,acht::NUM,сигез,kahesa
815,neun::NUM,тугыз,ühesa
816,zehn::NUM,ун,kümne
817,elf::NUM,унбер,üks'toštkümne
818,zwölf::NUM,унике,kaks'toštkümne
819,zwanzig::NUM,егерме,kaks'kümne
820,dreißig::NUM,утыз,koumekümne
821,vierzig::NUM,кырык,nel'l'kümne
822,fünfzig::NUM,илле,vižkümne
823,sechzig::NUM,алтмыш,kuz'kümne
824,siebzig::NUM,җитмеш,seičemekümne
825,achtzig::NUM,сиксән,kahesakümne
826,neunzig::NUM,туксан,ühesakümne
827,hundert::NUM,йөз,sada
828,tausend::NUM,мең,tuha
829,und::CNJ,вә,i
830,und::CNJ,вә,da
831,oder::CNJ,яки,vai
832,oder::CNJ,яисә,vai
833,stehen::V,тору,seišta
834,sitzen::V,утыру,ištta
835,liegen::V,яту,venuda
836,hängen::V,эленү,ripta
837,werden::V,булу,lindä
838,werden::V,булу,tehtas
839,passieren::V,булу,ozaitas
840,beginnen::V,башлану,augotadas
841,enden::V,бетү,loptas
842,wechseln::V,үзгәртү,vajehtadas
843,aufgehen[Sonne]::V,чыгу,nousta
844,untergehen[Sonne]::V,бату,lasktas
845,scheinen[Sonne]::V,яктырту,paštta
846,donnern::V,күкрәү,juraita
847,wehen::V,исү,dölta
848,wehen::V,исү,puhuda
849,strömen::V,агу,valadas
850,fließen::V,агу,valuda
851,sich drehen::V,бөтерелү,punotas
852,schwanken::V,икеләнү,čibuda
853,schwingen::V,тирбәлү,čibuda
854,fallen::V,егылу,langeta
855,brennen::V,яну,pallada
856,rauchen::V,төтәү,savustada
857,rauchen::V,төтенләү,savustada
858,regnen::V,яву,vihmda
859,gefrieren::V,кату,jäduda
860,gefrieren::V,кату,kül'mdä
861,tauen::V,эрү,sulada
862,tauen::V,эретү,sulada
863,schmelzen::V,эрү,sulada
864,schmelzen::V,эретү,sulada
865,trocknen::V,кибү,kuida
866,trocknen::V,кибү,kuivehtuda
867,sieden::V,ургылу,kehuda
868,faulen::V,черү,hapata
869,faulen::V,черү,traudäs
870,verfaulen::V,черү,hapata
871,reißen::V,өзелү,rebita
872,versinken::V,бату,upota
873,vergehen::V,авышу,mända
874,erscheinen::V,пәйда булу,ozutadas
875,verschwinden::V,югалу,hajeta
876,verschwinden::V,юк булу,hajeta
877,sinken::V,кимү,väheta
878,sinken::V,кимү,lasktas
879,sinken::V,кайту,väheta
880,sinken::V,кайту,lasktas
881,abnehmen::V,азаю,peneta
882,zunehmen::V,арту,ližaduda
883,zunehmen::V,күбәю,ližaduda
884,zunehmen::V,ишәю,ližaduda
885,steigen::V,үсү,nousta
886,wachsen::V,үсү,kazda
887,glänzen::V,ялкылдау,loštta
888,funkeln::V,ялтырау,hoštta
889,lärmen::V,шаулау,robaita
890,läuten::V,шалтырату,judaita
891,klingeln::V,шалтырату,kelotada
892,klirren::V,чылтырау,biraita
893,brausen::V,давыллау,bruncta
894,brausen::V,дулау,bruncta
895,rauschen::V,кыштырдау,šobaita
896,klingen::V,ишетелү,heläita
897,bellen::V,өрү,nutta
898,heulen::V,улау,ulaita
899,blasen::V,өрү,puhuda
900,pfeifen::V,сызгырту,pistta
901,pfeifen::V,сызгырту,vihelta
902,schreien::V,кычкыру,kirkta
903,schreien::V,кычкыру,kidastada
904,stöhnen::V,ыңгырашу,ohkta
905,stöhnen::V,ыңгырашу,voivotada
906,zittern::V,калтырау,säraita
907,zittern::V,калтырану,säraita
908,leben::V,яшәү,eläda
909,leben::V,гомер итү,eläda
910,geboren werden::V,туу,sünduda
911,atmen::V,сулау,henktä
912,trinken::V,эчү,joda
913,essen::V,ашау,söda
914,schlucken::V,йоту,lainata
915,müde werden::V,ялыгу,väzuda
916,müde werden::V,ялыгу,šuštuda
917,müde werden::V,йөгенү,väzuda
918,müde werden::V,йөгенү,šuštuda
919,einschlafen::V,йокыга китү,uinota
920,schlafen::V,йоклау,magata
921,schlafen::V,йоклау,nukkuda
922,aufwachen::V,уяну,heraštuda
923,aufstehen::V,тору,nousta
924,sich erholen::V,ял алу,lebaitas
925,sich erholen::V,истирахәт итү,lebaitas
926,krank werden::V,чирләү,läžegata
927,krank sein::V,чирләү,läžuda
928,schmerzen::V,авырту,kibištada
929,husten::V,ютәлләү,rügda
930,genesen::V,савыгу,tervehtuda
931,genesen::V,сәламәтләнү,tervehtuda
932,sterben::V,үлү,kolda
933,sterben::V,дөнья кую,kolda
934,sterben::V,вафат булу,kolda
935,umkommen::V,үлү,kolda
936,sich bewegen::V,йөрү,likkuda
937,sich rühren::V,кыймылдау,likahtada
938,sich rühren::V,кыймылдау,kubahtada
939,sich erheben::V,басу,nousta
940,sich setzen::V,утыру,išttas
941,hinfallen::V,егылу,langeta
942,laufen::V,җәяүләү,kävuda
943,schreiten::V,атлау,astta
944,schreiten::V,атлау,haškta
945,spazierengehen::V,йөрү,kävelta
946,spazierengehen::V,йөргенү,kävelta
947,eilen::V,ашыгу,kiruhtada
948,sich beeilen::V,ашыгу,kiruhtada
949,sich beeilen::V,кызулау,kiruhtada
950,sausen::V,җилдерү,fun'urta
951,rennen::V,йөгерү,joksta
952,springen::V,сикерү,hüptä
953,klettern::V,үрмәләү,libuda
954,schaukeln::V,атыну,čibuda
955,kriechen::V,шуышу,ličtas
956,kriechen::V,үрмәләү,ličtas
957,schwimmen::V,йөзү,ujuda
958,tauchen::V,чуму,čukautas
959,rudern::V,ишү,souta
960,fahren::V,бару,ajada
961,fahren::V,бару,ajelda
962,fliegen::V,очу,leta
963,gehen::V,йөрү,mända
964,gehen::V,йөрү,kävuda
965,weggehen::V,китү,päzda
966,weggehen::V,китү,lähtta
967,abfahren::V,кузгалу,tönduda
968,anhalten::V,тукталу,seižutadas
969,hineingehen::V,инү,mända südäimehe
970,eintreten::V,инү,tulda
971,kommen::V,килү,tulda
972,ankommen::V,бару,tulda
973,zurückkommen::V,кире кайту,pörtas
974,bleiben::V,калу,jäda
975,warten::V,көтү,varastada
976,erwarten::V,көтү,varastada
977,suchen::V,эзләү,ectä
978,finden::V,табу,löuta
979,versuchen::V,маташу,ladida
980,versuchen::V,маташу,rohkaita
981,vorbereiten::V,хәзерләү,vaumita
982,lieben::V,сөю,armastada
983,lieben::V,ярату,armastada
984,mögen::V,өнәү,navedida
985,lachen::V,көлү,nagrda
986,rühren::V,дулкынландыру,likutada
987,weinen::V,елау,itkta
988,schimpfen::V,сүгү,laidas
989,schimpfen::V,сүгү,pačatada
990,schimpfen::V,сүгенү,laidas
991,schimpfen::V,сүгенү,pačatada
992,sich ärgern::V,ачулану,rändüda
993,sich fürchten::V,курку,varaita
994,fürchten::V,калтырау,varaita
995,fürchten::V,калтырану,varaita
996,fliehen::V,арка бирү,pageta
997,flüchten::V,качу,pageta
998,flüchten::V,качу,joksta
999,sehen::V,күрү,nähta
1000,anschauen::V,карау,kacta
1001,ansehen::V,карау,kacta
1002,ansehen::V,күзәтү,kacta
1003,hören::V,ишетү,kulda
1004,zuhören::V,тыңлау,kundeltas
1005,probieren::V,тату,mujada
1006,riechen::V,иснәү,rižada
1007,fühlen::V,тою,mujada
1008,fühlen::V,сизү,mujada
1009,scheinen::V,күренү,näguda
1010,zu sehen sein::V,күренү,näguda
1011,vernehmen::V,ишетү,kulištada
1012,frieren::V,өшү,kül'mdä
1013,frieren::V,күшегү,kül'mdä
1014,tun::V,итү,tehta
1015,können::V,алу,voida
1016,können::V,алу,mahtta
1017,wollen::V,теләү,himoita
1018,wollen::V,теләү,tahtoida
1019,anfangen::V,керешү,zavottä
1020,anfangen::V,керешү,augotada
1021,beenden::V,бетерү,loptä
1022,beenden::V,тәмамлау,loptä
1023,aufhören::V,бетү,loptas
1024,gelingen::V,уңу,lähtta
1025,gelingen::V,уңу,tehtas
1026,geraten::V,сабышу,tulda
1027,öffnen::V,ачу,avaita
1028,schließen::V,ябу,saubata
1029,stellen::V,кую,panda
1030,stellen::V,кую,seižutada
1031,setzen::V,утырту,ištutada
1032,legen::V,яткыру,panda
1033,berühren::V,тию,koskta
1034,berühren::V,тию,käziduda
1035,verbinden::V,ялгау,ühtenzoitta
1036,bedecken::V,өрту,katta
1037,bedecken::V,өрту,peitta
1038,bedecken::V,каплау,katta
1039,bedecken::V,каплау,peitta
1040,bedecken::V,томалау,katta
1041,bedecken::V,томалау,peitta
1042,aufhängen::V,асу,riputada
1043,anzünden::V,кабызу,sütutada
1044,aufheben::V,күтәрү,leta
1045,zurücklassen::V,калдыру,jätta
1046,verlieren::V,югалту,kadotada
1047,fallen lassen::V,төшерү,kirbotada
1048,machen::V,ясау,säta
1049,machen::V,ясау,tehta
1050,machen::V,эшләү,säta
1051,machen::V,эшләү,tehta
1052,herstellen::V,ясау,tehta
1053,bauen::V,кору,leta
1054,bauen::V,кору,sauda
1055,reparieren::V,төзәтү,koheta
1056,verbessern::V,яхшырту,paremboita
1057,ändern::V,үзгәртү,vajehtada
1058,graben::V,казу,kaida
1059,graben::V,казу,čongoida
1060,beugen::V,ию,koverta
1061,biegen::V,бөгү,painda
1062,drehen::V,бору,punotada
1063,drehen::V,бөтерү,punotada
1064,wenden::V,бору,käta
1065,wenden::V,бору,kärauta
1066,umdrehen::V,түнтәрү,käta
1067,heben::V,күтәрү,leta
1068,hochheben::V,күтәрү,libutada
1069,ergreifen::V,эләктерү,tabata
1070,halten::V,тоту,pidada
1071,drücken::V,кысу,painda
1072,schieben::V,кузгату,žigutada
1073,kratzen::V,тырнау,künstä
1074,lecken::V,ялау,nolda
1075,beißen::V,тешләү,purda
1076,beißen::V,тешләү,hambastada
1077,abreißen::V,өзү,ratketa
1078,abschneiden::V,кыю,čapata
1079,abschneiden::V,кыю,leikata
1080,abschneiden::V,кисү,čapata
1081,abschneiden::V,кисү,leikata
1082,binden::V,бәйләү,sidoda
1083,stecken::V,төртү,čokaita
1084,stecken::V,тыгу,čokaita
1085,brechen::V,сындыру,katkaita
1086,klopfen::V,шаку,kolkotada
1087,klopfen::V,шакылдау,kolkotada
1088,hauen::V,кыйнау,löda
1089,kleben::V,ябыштыру,klejata
1090,reiben::V,ышку,hosta
1091,reiben::V,ышку,törkita
1092,reiben::V,ышку,jorotada
1093,streichen::V,ягу,voita
1094,schleifen::V,кайрау,hijoida
1095,schleifen::V,кайрау,teravzoitta
1096,schneiden::V,кисү,leikata
1097,rütteln::V,селкетү,heilutada
1098,schütteln::V,селкетү,pudištada
1099,schwenken::V,болгау,maihutada
1100,schütten::V,кою,valada
1101,füllen::V,тутыру,täutta
1102,einwickeln::V,төрү,kärdä
1103,tragen::V,ташу,kantta
1104,tragen::V,ташу,kandišta
1105,schleppen::V,сөйрәү,vedätada
1106,schleppen::V,өстерәү,vedätada
1107,ziehen::V,тарту,vedada
1108,aufbewahren::V,саклау,kaita
1109,werfen::V,ыргыту,čuta
1110,werfen::V,ыргыту,tactä
1111,fangen::V,тоту,püta
1112,packen::V,эләктерү,tabata
1113,verstecken::V,яшерү,peitta
1114,teilen::V,бүлү,jagada
1115,schicken::V,җибәрү,oigeta
1116,bringen::V,китерү,veda
1117,hinzufügen::V,өстәү,ližata
1118,bekommen::V,алу,sada
1119,erhalten::V,алу,sada
1120,nehmen::V,алу,otta
1121,wählen::V,сайлау,valita
1122,auswählen::V,сайлау,valita
1123,bewahren::V,саклау,kaita
1124,behindern::V,комачаулау,telustada
1125,verderben::V,бозу,travida
1126,beschädigen::V,бозу,satatada
1127,zerbrechen::V,вату,mureta
1128,zerreißen::V,өзү,rebitada
1129,zerreißen::V,ерту,rebitada
1130,zerstören::V,җимерү,mureta
1131,verbrennen::V,яндыру,poltta
1132,verbrennen::V,көйдерү,poltta
1133,geben::V,бирү,antta
1134,reichen::V,тапшыру,antta
1135,schenken::V,бүләкләү,lahjoita
1136,versprechen::V,вәгъдә бирү,toivotada
1137,wünschen::V,котлау,toivotada
1138,loben::V,мактау,kitta
1139,küssen::V,үбү,tervehtada
1140,wiegen::V,тирбәтү,likutada
1141,zudecken::V,ябу,katta
1142,zudecken::V,бөркәү,katta
1143,wecken::V,уяту,noustatada
1144,zeigen::V,күрсәтү,ozutada
1145,führen::V,йөртү,astutada
1146,lehren::V,өйрәтү,opeta
1147,unterrichten::V,укыту,opeta
1148,aufziehen::V,асрау,kazvatada
1149,leiten::V,җитәкләү,ohjata
1150,antreiben::V,куалау,rigehtoitta
1151,antreiben::V,әйдәләү,rigehtoitta
1152,antreiben::V,ашыктыру,rigehtoitta
1153,lassen::V,мәҗбүр итү,käskta
1154,einladen::V,чакыру,kucta
1155,vereinigen::V,берләштерү,ühtenzoitta
1156,besuchen::V,керешү,rižada
1157,treffen::V,очрату,vastata
1158,sich versammeln::V,җыелышу,kägeta
1159,sich versammeln::V,җыелышу,sätas
1160,spielen::V,уйнау,väta
1161,singen::V,җырлау,pajatada
1162,tanzen::V,бию,kargaita
1163,sich trennen::V,аерылу,erigata
1164,sich trennen::V,ташлашу,erigata
1165,verlassen::V,ташлау,jätta
1166,verlassen::V,калдыру,jätta
1167,retten::V,коткару,päzutada
1168,bewachen::V,каравыллау,varjoita
1169,schützen::V,ышыклау,kaita
1170,verteidigen::V,яклау,kaita
1171,verteidigen::V,саклау,kaita
1172,sich schlagen::V,сугышу,torata
1173,schießen::V,ату,ampta
1174,siegen::V,җиңү,vägestada
1175,ärgern::V,ачуландыру,verdutada
1176,ärgern::V,ачуландыру,rändütada
1177,schlagen::V,ору,löda
1178,schlagen::V,ору,iškta
1179,schlagen::V,бәрү,löda
1180,schlagen::V,бәрү,iškta
1181,schlagen::V,тукмау,löda
1182,schlagen::V,тукмау,iškta
1183,treten::V,тибү,peksta
1184,treten::V,тибү,topsta
1185,stechen::V,кадау,pystiä
1186,stoßen::V,этү,iškta
1187,stoßen::V,этү,pudištada
1188,stehlen::V,урлау,vargastada
1189,stören::V,комачаулау,keskustada
1190,belästigen::V,борчу,tartuteldas
1191,belästigen::V,билмазалау,tartuteldas
1192,verbergen::V,яшерү,katelda
1193,täuschen::V,алдату,manitada
1194,betrügen::V,хәрәмләшү,manitada
1195,töten::V,үтерү,rikta
1196,töten::V,үтерү,surmita
1197,wohnen::V,яшәү,eläda
1198,arbeiten::V,эшләү,rata
1199,sammeln::V,туплау,kogota
1200,pflücken::V,өзү,poimda
1201,jagen::V,аулау,mecata
1202,fischen::V,балык тоту,kalatada
1203,fassen::V,тоту,tabata
1204,hüten::V,көтү,paimeta
1205,treiben::V,куалау,ajada
1206,anbinden::V,бәйләү,küttestada
1207,anbinden::V,бәйләү,sidoda
1208,füttern::V,туйдыру,sötta
1209,melken::V,саву,lüpsta
1210,hacken::V,чабу,sauda
1211,gießen::V,сугару,valada
1212,reifen::V,җитешү,küpseta
1213,zubereiten::V,пешеренү,vaumištada
1214,kochen::V,пешерү,keitta
1215,kochen::V,кайнату,keitta
1216,backen::V,пешерү,paštta
1217,braten::V,куыру,žarda
1218,braten::V,кыздыру,žarda
1219,umrühren::V,бутау,segoitada
1220,umrühren::V,болгату,segoitada
1221,stricken::V,бәйләү,kudoda
1222,nähen::V,тегү,ombelta
1223,färben::V,ману,mujutada
1224,reinigen::V,чистарту,puhtastada
1225,waschen::V,юу,pesta
1226,abwischen::V,сөртү,pühktä
1227,spülen::V,чайкау,huhtoida
1228,fegen::V,себерү,pühkta
1229,kehren::V,себерү,uhoita
1230,baden::V,коену,kül'ptäs
1231,sich waschen::V,юыну,pestas
1232,ausziehen::V,чишенү,riičta
1233,ausziehen::V,чишенү,rušta
1234,anziehen::V,кию,panda päle
1235,anziehen::V,кию,panda kädehe
1236,anziehen::V,кию,panda jaugha
1237,sich anziehen::V,киенү,sobdas
1238,kämmen::V,тарау,harjata
1239,schmücken::V,бизәү,čomitada
1240,schmücken::V,бизәкләү,čomitada
1241,sagen::V,дию,sanuda
1242,sagen::V,әйтү,sanuda
1243,sprechen::V,сөйләү,pagišta
1244,sprechen::V,сөйләшү,pagišta
1245,reden::V,сөйләү,pagišta
1246,sich unterhalten::V,сөйләшү,lodaita
1247,fragen::V,сорау,küzuda
1248,fragen::V,сорашу,küzuda
1249,bitten::V,үтенү,pakita
1250,erzählen::V,сөйләү,sanuda
1251,erzählen::V,сөйләү,starinoita
1252,mitteilen::V,белдерү,tedotada
1253,nennen::V,дию,nimitada
1254,rufen::V,дәшү,kucta
1255,prahlen::V,мактану,kittäs
1256,prahlen::V,шапырыну,kittäs
1257,übersetzen::V,күчерү,käta
1258,denken::V,уйлау,meletada
1259,glauben::V,инану,uskta
1260,bemerken::V,искәрү,homaita
1261,erkennen::V,тану,tundištada
1262,begreifen::V,аңлау,tabata
1263,begreifen::V,төшенү,tabata
1264,verstehen::V,аңлау,el'geta
1265,verstehen::V,аңлау,toimetada
1266,verstehen::V,төшенү,el'geta
1267,verstehen::V,төшенү,toimetada
1268,lernen::V,уку,opetas
1269,lernen::V,өйрәнү,opetas
1270,wissen::V,белү,teta
1271,sich erinnern an::V,хәтерләү,johtutada
1272,vergessen::V,оныту,unohtada
1273,messen::V,үлчәү,märita
1274,zählen::V,санау,lugeda
1275,rechnen::V,исәпләү,lugeda
1276,lesen::V,уку,lugeda
1277,malen::V,рәсем ясау,pirta
1278,malen::V,сурәт ясау,pirta
1279,malen::V,сурәтләү,pirta
1280,zeichnen::V,язу-сызу,pirta
1281,zeichnen::V,сурәт ясау,pirta
1282,schreiben::V,язу,kirjutada
1283,besitzen::V,биләү,omištada
1284,kaufen::V,алу,ostta
1285,verkaufen::V,сату,möda
1286,bezahlen::V,түләү,maksta
1287,zahlen::V,түләү,maksta
1288,beherrschen::V,ия булу,valdoita
1289,ertragen::V,чыдау,tirpta
